<?xml version="1.0" encoding="UTF-8"?><kml xmlns="http://www.opengis.net/kml/2.2"><Document><name>overpass-turbo.eu export</name><description>Filtered OSM data converted to KML by overpass turbo.
Copyright: The data included in this document is from www.openstreetmap.org. The data is made available under ODbL.
Timestamp: 2025-01-22T21:05:00Z</description><Placemark><ExtendedData><Data name="@id"><value>way/71853650</value></Data><Data name="source"><value>CanVec 6.0 - NRCan</value></Data><Data name="waterway"><value>rapids</value></Data></ExtendedData><LineString><coordinates>-89.7440036,48.0218672 -89.744354,48.0218875 -89.7444637,48.0218939</coordinates></LineString></Placemark><Placemark><ExtendedData><Data name="@id"><value>way/73319913</value></Data><Data name="source"><value>CanVec 6.0 - NRCan</value></Data><Data name="waterway"><value>rapids</value></Data></ExtendedData><LineString><coordinates>-67.4249251,45.5425226 -67.4247225,45.5424488</coordinates></LineString></Placemark><Placemark><ExtendedData><Data name="@id"><value>way/73319951</value></Data><Data name="source"><value>CanVec 6.0 - NRCan</value></Data><Data name="waterway"><value>rapids</value></Data></ExtendedData><LineString><coordinates>-67.4236538,45.5476087 -67.4233251,45.547392 -67.4232282,45.5473476</coordinates></LineString></Placemark><Placemark><ExtendedData><Data name="@id"><value>way/73320029</value></Data><Data name="source"><value>CanVec 6.0 - NRCan</value></Data><Data name="waterway"><value>rapids</value></Data></ExtendedData><LineString><coordinates>-67.4229672,45.5478803 -67.4228429,45.5477963 -67.422771,45.547746</coordinates></LineString></Placemark><Placemark><ExtendedData><Data name="@id"><value>way/73320041</value></Data><Data name="source"><value>CanVec 6.0 - NRCan</value></Data><Data name="waterway"><value>rapids</value></Data></ExtendedData><LineString><coordinates>-67.4246032,45.5428775 -67.4243706,45.5427854</coordinates></LineString></Placemark><Placemark><ExtendedData><Data name="@id"><value>way/73320051</value></Data><Data name="source"><value>CanVec 6.0 - NRCan</value></Data><Data name="waterway"><value>rapids</value></Data></ExtendedData><LineString><coordinates>-67.4233268,45.547805 -67.4230493,45.5476188 -67.4229722,45.5475672</coordinates></LineString></Placemark><Placemark><ExtendedData><Data name="@id"><value>way/73320054</value></Data><Data name="source"><value>CanVec 6.0 - NRCan</value></Data><Data name="waterway"><value>rapids</value></Data></ExtendedData><LineString><coordinates>-67.4317743,45.5232719 -67.431777,45.523272</coordinates></LineString></Placemark><Placemark><ExtendedData><Data name="@id"><value>way/76212428</value></Data><Data name="source"><value>CanVec 6.0 - NRCan</value></Data><Data name="waterway"><value>rapids</value></Data></ExtendedData><LineString><coordinates>-67.431589,45.360445 -67.4315862,45.3604522</coordinates></LineString></Placemark><Placemark><ExtendedData><Data name="@id"><value>way/76212434</value></Data><Data name="source"><value>CanVec 6.0 - NRCan</value></Data><Data name="waterway"><value>rapids</value></Data></ExtendedData><LineString><coordinates>-67.4301049,45.3597923 -67.4302045,45.3597022 -67.4303054,45.3596111</coordinates></LineString></Placemark><Placemark><ExtendedData><Data name="@id"><value>way/76212545</value></Data><Data name="source"><value>CanVec 6.0 - NRCan</value></Data><Data name="waterway"><value>rapids</value></Data></ExtendedData><LineString><coordinates>-67.4315131,45.3606422 -67.4315457,45.3605574 -67.4315862,45.3604522</coordinates></LineString></Placemark><Placemark><ExtendedData><Data name="@id"><value>way/76212796</value></Data><Data name="source"><value>CanVec 6.0 - NRCan</value></Data><Data name="waterway"><value>rapids</value></Data></ExtendedData><LineString><coordinates>-67.4333995,45.3629365 -67.4335203,45.3629173 -67.433642,45.362898</coordinates></LineString></Placemark><Placemark><ExtendedData><Data name="@id"><value>way/76212847</value></Data><Data name="source"><value>CanVec 6.0 - NRCan</value></Data><Data name="waterway"><value>rapids</value></Data></ExtendedData><LineString><coordinates>-67.43425,45.364468 -67.4342447,45.3644697</coordinates></LineString></Placemark><Placemark><ExtendedData><Data name="@id"><value>way/76212946</value></Data><Data name="source"><value>CanVec 6.0 - NRCan</value></Data><Data name="waterway"><value>rapids</value></Data></ExtendedData><LineString><coordinates>-67.432209,45.367331 -67.432072,45.3672916 -67.4319486,45.3672561</coordinates></LineString></Placemark><Placemark><ExtendedData><Data name="@id"><value>way/76213005</value></Data><Data name="source"><value>CanVec 6.0 - NRCan</value></Data><Data name="waterway"><value>rapids</value></Data></ExtendedData><LineString><coordinates>-67.430311,45.359606 -67.4303054,45.3596111</coordinates></LineString></Placemark><Placemark><ExtendedData><Data name="@id"><value>way/76213093</value></Data><Data name="source"><value>CanVec 6.0 - NRCan</value></Data><Data name="waterway"><value>rapids</value></Data></ExtendedData><LineString><coordinates>-67.4341969,45.3644851 -67.4342194,45.3644778 -67.4342447,45.3644697</coordinates></LineString></Placemark><Placemark><ExtendedData><Data name="@id"><value>way/76217072</value></Data><Data name="source"><value>CanVec 6.0 - NRCan</value></Data><Data name="waterway"><value>rapids</value></Data></ExtendedData><LineString><coordinates>-67.479525,45.438784 -67.4795196,45.4387857</coordinates></LineString></Placemark><Placemark><ExtendedData><Data name="@id"><value>way/76217085</value></Data><Data name="source"><value>CanVec 6.0 - NRCan</value></Data><Data name="waterway"><value>rapids</value></Data></ExtendedData><LineString><coordinates>-67.485197,45.46387 -67.4850902,45.4638972 -67.4849834,45.4639243</coordinates></LineString></Placemark><Placemark><ExtendedData><Data name="@id"><value>way/76217155</value></Data><Data name="source"><value>CanVec 6.0 - NRCan</value></Data><Data name="waterway"><value>rapids</value></Data></ExtendedData><LineString><coordinates>-67.480088,45.439801 -67.4800771,45.439801</coordinates></LineString></Placemark><Placemark><ExtendedData><Data name="@id"><value>way/76217164</value></Data><Data name="source"><value>CanVec 6.0 - NRCan</value></Data><Data name="waterway"><value>rapids</value></Data></ExtendedData><LineString><coordinates>-67.480394,45.440924 -67.4803833,45.4409238</coordinates></LineString></Placemark><Placemark><ExtendedData><Data name="@id"><value>way/76217172</value></Data><Data name="source"><value>CanVec 6.0 - NRCan</value></Data><Data name="waterway"><value>rapids</value></Data></ExtendedData><LineString><coordinates>-67.4775245,45.4331032 -67.4775753,45.4330939 -67.4776298,45.433084</coordinates></LineString></Placemark><Placemark><ExtendedData><Data name="@id"><value>way/76217175</value></Data><Data name="source"><value>CanVec 6.0 - NRCan</value></Data><Data name="waterway"><value>rapids</value></Data></ExtendedData><LineString><coordinates>-67.4795195,45.4387857 -67.4793372,45.4388412 -67.4791424,45.4389004</coordinates></LineString></Placemark><Placemark><ExtendedData><Data name="@id"><value>way/76217176</value></Data><Data name="source"><value>CanVec 6.0 - NRCan</value></Data><Data name="waterway"><value>rapids</value></Data></ExtendedData><LineString><coordinates>-67.4770722,45.4320386 -67.4771671,45.4320313 -67.4772607,45.4320242</coordinates></LineString></Placemark><Placemark><ExtendedData><Data name="@id"><value>way/76217208</value></Data><Data name="source"><value>CanVec 6.0 - NRCan</value></Data><Data name="waterway"><value>rapids</value></Data></ExtendedData><LineString><coordinates>-67.477263,45.432024 -67.4772606,45.4320242</coordinates></LineString></Placemark><Placemark><ExtendedData><Data name="@id"><value>way/76217365</value></Data><Data name="source"><value>CanVec 6.0 - NRCan</value></Data><Data name="waterway"><value>rapids</value></Data></ExtendedData><LineString><coordinates>-67.489873,45.469126 -67.4898443,45.469142 -67.4898191,45.469156</coordinates></LineString></Placemark><Placemark><ExtendedData><Data name="@id"><value>way/76217400</value></Data><Data name="source"><value>CanVec 6.0 - NRCan</value></Data><Data name="waterway"><value>rapids</value></Data></ExtendedData><LineString><coordinates>-67.4838592,45.4512201 -67.4840507,45.4512175 -67.484242,45.451224</coordinates></LineString></Placemark><Placemark><ExtendedData><Data name="@id"><value>way/76217433</value></Data><Data name="source"><value>CanVec 6.0 - NRCan</value></Data><Data name="waterway"><value>rapids</value></Data></ExtendedData><LineString><coordinates>-67.49768,45.476219 -67.4975902,45.4763505 -67.497489,45.4764985</coordinates></LineString></Placemark><Placemark><ExtendedData><Data name="@id"><value>way/76217496</value></Data><Data name="source"><value>CanVec 6.0 - NRCan</value></Data><Data name="waterway"><value>rapids</value></Data></ExtendedData><LineString><coordinates>-67.4687513,45.4993825 -67.4688965,45.4991698 -67.4688974,45.4991686 -67.4690441,45.4989537</coordinates></LineString></Placemark><Placemark><ExtendedData><Data name="@id"><value>way/76217797</value></Data><Data name="source"><value>CanVec 6.0 - NRCan</value></Data><Data name="waterway"><value>rapids</value></Data></ExtendedData><LineString><coordinates>-67.422552,45.379117 -67.4224255,45.379196 -67.4222954,45.3792772</coordinates></LineString></Placemark><Placemark><ExtendedData><Data name="@id"><value>way/76217862</value></Data><Data name="source"><value>CanVec 6.0 - NRCan</value></Data><Data name="waterway"><value>rapids</value></Data></ExtendedData><LineString><coordinates>-67.4943782,45.472386 -67.4942248,45.4724726 -67.494062,45.4725645</coordinates></LineString></Placemark><Placemark><ExtendedData><Data name="@id"><value>way/76217945</value></Data><Data name="source"><value>CanVec 6.0 - NRCan</value></Data><Data name="waterway"><value>rapids</value></Data></ExtendedData><LineString><coordinates>-67.422803,45.381253 -67.4228024,45.3812534</coordinates></LineString></Placemark><Placemark><ExtendedData><Data name="@id"><value>way/76217960</value></Data><Data name="source"><value>CanVec 6.0 - NRCan</value></Data><Data name="waterway"><value>rapids</value></Data></ExtendedData><LineString><coordinates>-67.486332,45.465739 -67.4863282,45.4657395</coordinates></LineString></Placemark><Placemark><ExtendedData><Data name="@id"><value>way/76217985</value></Data><Data name="source"><value>CanVec 6.0 - NRCan</value></Data><Data name="waterway"><value>rapids</value></Data></ExtendedData><LineString><coordinates>-67.465587,45.498337 -67.465573,45.4984045 -67.4655589,45.498472</coordinates></LineString></Placemark><Placemark><ExtendedData><Data name="@id"><value>way/76218118</value></Data><Data name="source"><value>CanVec 6.0 - NRCan</value></Data><Data name="waterway"><value>rapids</value></Data></ExtendedData><LineString><coordinates>-67.4518245,45.4994626 -67.451825,45.499187 -67.4518248,45.4991791 -67.4518202,45.4990267 -67.45182,45.4990205 -67.4518147,45.4988477</coordinates></LineString></Placemark><Placemark><ExtendedData><Data name="@id"><value>way/76218200</value></Data><Data name="source"><value>CanVec 6.0 - NRCan</value></Data><Data name="waterway"><value>rapids</value></Data></ExtendedData><LineString><coordinates>-67.49438,45.472385 -67.4943782,45.472386</coordinates></LineString></Placemark><Placemark><ExtendedData><Data name="@id"><value>way/76218266</value></Data><Data name="source"><value>CanVec 6.0 - NRCan</value></Data><Data name="waterway"><value>rapids</value></Data></ExtendedData><LineString><coordinates>-67.469048,45.498948 -67.4690441,45.4989537</coordinates></LineString></Placemark><Placemark><ExtendedData><Data name="@id"><value>way/76218273</value></Data><Data name="source"><value>CanVec 6.0 - NRCan</value></Data><Data name="waterway"><value>rapids</value></Data></ExtendedData><LineString><coordinates>-67.4226976,45.3813219 -67.4227483,45.3812887 -67.4228025,45.3812534</coordinates></LineString></Placemark><Placemark><ExtendedData><Data name="@id"><value>way/77025347</value></Data><Data name="source"><value>CanVec 6.0 - NRCan</value></Data><Data name="waterway"><value>rapids</value></Data></ExtendedData><LineString><coordinates>-67.2919367,45.1745916 -67.2917602,45.1750183</coordinates></LineString></Placemark><Placemark><ExtendedData><Data name="@id"><value>way/100523125</value></Data><Data name="source"><value>NRCan-CanVec-7.0</value></Data><Data name="waterway"><value>rapids</value></Data></ExtendedData><LineString><coordinates>-70.2070715,46.3200376 -70.2070985,46.3200465 -70.2070994,46.3200467 -70.207123,46.320053</coordinates></LineString></Placemark><Placemark><ExtendedData><Data name="@id"><value>way/100524157</value></Data><Data name="source"><value>NRCan-CanVec-7.0</value></Data><Data name="waterway"><value>rapids</value></Data></ExtendedData><LineString><coordinates>-70.203669,46.334429 -70.203743,46.334456 -70.2038149,46.3344808</coordinates></LineString></Placemark><Placemark><ExtendedData><Data name="@id"><value>way/100526222</value></Data><Data name="source"><value>NRCan-CanVec-7.0</value></Data><Data name="waterway"><value>rapids</value></Data></ExtendedData><LineString><coordinates>-70.1035054,46.3952736 -70.1035,46.395269</coordinates></LineString></Placemark><Placemark><ExtendedData><Data name="@id"><value>way/100527233</value></Data><Data name="source"><value>NRCan-CanVec-7.0</value></Data><Data name="waterway"><value>rapids</value></Data></ExtendedData><LineString><coordinates>-70.143701,46.362221 -70.143694,46.362272</coordinates></LineString></Placemark><Placemark><ExtendedData><Data name="@id"><value>way/136545249</value></Data><Data name="source"><value>NRCan-CanVec-8.0</value></Data><Data name="waterway"><value>rapids</value></Data></ExtendedData><LineString><coordinates>-68.5960949,47.2724382 -68.5958295,47.272095 -68.5958264,47.2720934 -68.5953763,47.2718602</coordinates></LineString></Placemark><Placemark><ExtendedData><Data name="@id"><value>way/169261236</value></Data><Data name="waterway"><value>rapids</value></Data></ExtendedData><LineString><coordinates>-107.2260823,33.1386585 -107.2259754,33.1386303 -107.2258838,33.1386159 -107.2257608,33.1386393</coordinates></LineString></Placemark><Placemark><ExtendedData><Data name="@id"><value>way/169261237</value></Data><Data name="waterway"><value>rapids</value></Data></ExtendedData><LineString><coordinates>-107.2222977,33.1461103 -107.2222172,33.1460631 -107.222185,33.146016 -107.2220942,33.1459855 -107.2220187,33.1459823</coordinates></LineString></Placemark><Placemark><name>Abercrombie Rapids</name><ExtendedData><Data name="@id"><value>way/270300847</value></Data><Data name="name"><value>Abercrombie Rapids</value></Data><Data name="waterway"><value>rapids</value></Data><Data name="wikipedia"><value>en:Copper River (Alaska)</value></Data></ExtendedData><LineString><coordinates>-144.5667533,60.7236006 -144.5697508,60.7218787</coordinates></LineString></Placemark><Placemark><ExtendedData><Data name="@id"><value>way/511163824</value></Data><Data name="waterway"><value>rapids</value></Data></ExtendedData><LineString><coordinates>-77.5907765,36.4288927 -77.5900304,36.4289289 -77.5893155,36.4288904</coordinates></LineString></Placemark><Placemark><name>Delta River</name><ExtendedData><Data name="@id"><value>way/570281430</value></Data><Data name="name"><value>Delta River</value></Data><Data name="official_name"><value>Delta Wild and Scenic River</value></Data><Data name="operator"><value>U.S. Bureau of Land Management</value></Data><Data name="protected"><value>perpetuity</value></Data><Data name="protection_title"><value>Wild and Scenic River</value></Data><Data name="related_law"><value>Public Law 96-487 (ANILCA)</value></Data><Data name="scenic"><value>yes</value></Data><Data name="site_ownership"><value>federal</value></Data><Data name="source:position"><value>digitalglobe</value></Data><Data name="waterway"><value>rapids</value></Data><Data name="website"><value>https://www.rivers.gov/rivers/delta.php</value></Data><Data name="wikidata"><value>Q1184924</value></Data><Data name="wikipedia"><value>en:Delta River</value></Data></ExtendedData><LineString><coordinates>-145.9549432,63.1771204 -145.9541195,63.1774457 -145.9539032,63.1778673 -145.9535919,63.1782619 -145.9530635,63.1785839 -145.9526023,63.1786781 -145.9521063,63.1787488 -145.9517887,63.1786055 -145.951628,63.1783096 -145.9513971,63.1778771 -145.9513536,63.1775552 -145.9510839,63.1775611 -145.950862,63.177724 -145.9504748,63.1778006 -145.9499744,63.1775984 -145.9493177,63.1771564 -145.9481444,63.1772816 -145.9470612,63.1774607 -145.9453926,63.1774245 -145.9445468,63.1774442 -145.9438342,63.1776544 -145.9431147,63.1779334 -145.9420005,63.1785496 -145.9417489,63.1787011 -145.9412467,63.1790513 -145.9406383,63.1794932</coordinates></LineString></Placemark><Placemark><ExtendedData><Data name="@id"><value>way/675030164</value></Data><Data name="waterway"><value>rapids</value></Data></ExtendedData><LineString><coordinates>-116.1609675,43.5869897 -116.1610957,43.5867266 -116.1612238,43.5864637</coordinates></LineString></Placemark><Placemark><ExtendedData><Data name="@id"><value>way/698786994</value></Data><Data name="man_made"><value>cascades</value></Data><Data name="waterway"><value>rapids</value></Data></ExtendedData><LineString><coordinates>-118.4943368,34.1836678 -118.4943287,34.1836432 -118.4943206,34.1836198</coordinates></LineString></Placemark><Placemark><ExtendedData><Data name="@id"><value>way/732804074</value></Data><Data name="waterway"><value>rapids</value></Data></ExtendedData><LineString><coordinates>-80.5586082,37.185607 -80.5580422,37.1856021 -80.5569264,37.1852794 -80.556478,37.1851098</coordinates></LineString></Placemark><Placemark><ExtendedData><Data name="@id"><value>way/762422068</value></Data><Data name="waterway"><value>rapids</value></Data></ExtendedData><LineString><coordinates>-83.8326305,41.4273866 -83.8326853,41.4276701 -83.8329707,41.4278452 -83.8329666,41.4280093 -83.8332214,41.428299 -83.8333685,41.4287428</coordinates></LineString></Placemark><Placemark><ExtendedData><Data name="@id"><value>way/762422427</value></Data><Data name="waterway"><value>rapids</value></Data></ExtendedData><LineString><coordinates>-83.8403304,41.4258656 -83.840239,41.4261841 -83.8402169,41.4266323 -83.8401046,41.426918 -83.8396809,41.4270866 -83.8393523,41.4272487 -83.839188,41.4273784 -83.8392203,41.4276274</coordinates></LineString></Placemark><Placemark><ExtendedData><Data name="@id"><value>way/762422685</value></Data><Data name="waterway"><value>rapids</value></Data></ExtendedData><LineString><coordinates>-83.7865044,41.4455357 -83.7866884,41.4457387 -83.7868283,41.4464053 -83.7868675,41.44681</coordinates></LineString></Placemark><Placemark><name>Maumee Rapids</name><ExtendedData><Data name="@id"><value>way/762456040</value></Data><Data name="ele"><value>180</value></Data><Data name="gnis:feature_id"><value>1051568</value></Data><Data name="name"><value>Maumee Rapids</value></Data><Data name="waterway"><value>rapids</value></Data></ExtendedData><LineString><coordinates>-83.7112238,41.5203404 -83.7108696,41.5202907 -83.7105114,41.5201283 -83.7097732,41.5203206 -83.709286,41.520213 -83.7088041,41.5202194</coordinates></LineString></Placemark><Placemark><name>Piscassic River</name><ExtendedData><Data name="@id"><value>way/765232085</value></Data><Data name="name"><value>Piscassic River</value></Data><Data name="waterway"><value>rapids</value></Data></ExtendedData><LineString><coordinates>-70.948148,43.0825222 -70.9480494,43.0825671 -70.9479126,43.0826043 -70.9477889,43.0826172</coordinates></LineString></Placemark><Placemark><ExtendedData><Data name="@id"><value>way/770076956</value></Data><Data name="waterway"><value>rapids</value></Data></ExtendedData><LineString><coordinates>-74.8521962,40.2669313 -74.8518743,40.2670554 -74.8513489,40.2672619</coordinates></LineString></Placemark><Placemark><name>Scudders Falls</name><ExtendedData><Data name="@id"><value>way/814660775</value></Data><Data name="name"><value>Scudders Falls</value></Data><Data name="waterway"><value>rapids</value></Data></ExtendedData><LineString><coordinates>-74.8491293,40.2657166 -74.8492083,40.2657396</coordinates></LineString></Placemark><Placemark><ExtendedData><Data name="@id"><value>way/814667616</value></Data><Data name="waterway"><value>rapids</value></Data></ExtendedData><LineString><coordinates>-74.8529473,40.2669988 -74.852679,40.2668919 -74.8524698,40.2668085 -74.8523706,40.266874</coordinates></LineString></Placemark><Placemark><ExtendedData><Data name="@id"><value>way/836238802</value></Data><Data name="waterway"><value>rapids</value></Data></ExtendedData><LineString><coordinates>-94.5121756,37.0202995 -94.5123533,37.0198301 -94.5124868,37.0195692</coordinates></LineString></Placemark><Placemark><ExtendedData><Data name="@id"><value>way/836518911</value></Data><Data name="waterway"><value>rapids</value></Data></ExtendedData><LineString><coordinates>-123.5442236,43.3896316 -123.5440815,43.3901832 -123.5441458,43.3909902 -123.5440734,43.3912396 -123.5436684,43.3915612</coordinates></LineString></Placemark><Placemark><name>Allen River</name><ExtendedData><Data name="@id"><value>way/924363459</value></Data><Data name="name"><value>Allen River</value></Data><Data name="waterway"><value>rapids</value></Data></ExtendedData><LineString><coordinates>-158.736198,60.1537344 -158.7349534,60.1535101 -158.7331939,60.1531791</coordinates></LineString></Placemark><Placemark><name>Allen River</name><ExtendedData><Data name="@id"><value>way/924363461</value></Data><Data name="name"><value>Allen River</value></Data><Data name="waterway"><value>rapids</value></Data></ExtendedData><LineString><coordinates>-158.7407899,60.1530509 -158.7402535,60.1530509 -158.7395239,60.1531684 -158.7389231,60.1532966 -158.7380648,60.1535849</coordinates></LineString></Placemark><Placemark><name>Allen River</name><ExtendedData><Data name="@id"><value>way/924363463</value></Data><Data name="name"><value>Allen River</value></Data><Data name="waterway"><value>rapids</value></Data></ExtendedData><LineString><coordinates>-158.7458432,60.1563987 -158.7462831,60.156404 -158.7466693,60.1562439 -158.7467766,60.1560516 -158.7467122,60.1557206 -158.7463474,60.1554537 -158.7448669,60.154877</coordinates></LineString></Placemark><Placemark><name>Allen River</name><ExtendedData><Data name="@id"><value>way/924363465</value></Data><Data name="name"><value>Allen River</value></Data><Data name="waterway"><value>rapids</value></Data></ExtendedData><LineString><coordinates>-158.7458325,60.1595219 -158.7461329,60.1592016 -158.7461114,60.1586891 -158.7458968,60.158326 -158.7454033,60.157963 -158.744781,60.157696</coordinates></LineString></Placemark><Placemark><name>Marshall Street Bridge Rapids</name><ExtendedData><Data name="@id"><value>way/964474431</value></Data><Data name="name"><value>Marshall Street Bridge Rapids</value></Data><Data name="waterway"><value>rapids</value></Data></ExtendedData><LineString><coordinates>-80.6562089,41.1006079 -80.6561691,41.1006209 -80.6561108,41.1006325 -80.6560135,41.1006407 -80.6559508,41.1006421 -80.6558586,41.1006354 -80.6557528,41.1006176 -80.6556815,41.1006005</coordinates></LineString></Placemark><Placemark><name>Cement Plant Water Train</name><ExtendedData><Data name="@id"><value>way/964475887</value></Data><Data name="name"><value>Cement Plant Water Train</value></Data><Data name="waterway"><value>rapids</value></Data></ExtendedData><LineString><coordinates>-80.6313837,41.0846436 -80.6312689,41.0847058 -80.6311051,41.0847805 -80.6309346,41.0848301 -80.6308019,41.0848545 -80.6306902,41.0848642</coordinates></LineString></Placemark><Placemark><name>Rebar Rapids</name><ExtendedData><Data name="@id"><value>way/964475888</value></Data><Data name="name"><value>Rebar Rapids</value></Data><Data name="waterway"><value>rapids</value></Data></ExtendedData><LineString><coordinates>-80.6174171,41.0765791 -80.6170986,41.0768273</coordinates></LineString></Placemark><Placemark><name>Iron Bridge Wave Train</name><ExtendedData><Data name="@id"><value>way/964475889</value></Data><Data name="name"><value>Iron Bridge Wave Train</value></Data><Data name="waterway"><value>rapids</value></Data></ExtendedData><LineString><coordinates>-80.6165837,41.0764001 -80.6163388,41.076019</coordinates></LineString></Placemark><Placemark><ExtendedData><Data name="@id"><value>way/1052312884</value></Data><Data name="waterway"><value>rapids</value></Data></ExtendedData><LineString><coordinates>-123.7726526,42.3053121 -123.7726637,42.3051499</coordinates></LineString></Placemark><Placemark><name>Sixmile Rapids</name><ExtendedData><Data name="@id"><value>way/1052312886</value></Data><Data name="name"><value>Sixmile Rapids</value></Data><Data name="waterway"><value>rapids</value></Data></ExtendedData><LineString><coordinates>-123.7357146,42.2949967 -123.7362537,42.2947923 -123.7367579,42.2946554 -123.7369484,42.2946157 -123.7371951,42.294584 -123.7375063,42.2945304 -123.7377342,42.2944868</coordinates></LineString></Placemark><Placemark><ExtendedData><Data name="@id"><value>way/1054195427</value></Data><Data name="waterway"><value>rapids</value></Data></ExtendedData><LineString><coordinates>-70.2214283,45.9059438 -70.2213504,45.905818 -70.2212742,45.9056949 -70.2212477,45.9056521 -70.2211064,45.9053783</coordinates></LineString></Placemark><Placemark><ExtendedData><Data name="@id"><value>way/1054195428</value></Data><Data name="waterway"><value>rapids</value></Data></ExtendedData><LineString><coordinates>-70.2208413,45.9052106 -70.2199085,45.9050816</coordinates></LineString></Placemark><Placemark><name>McKenzie River</name><ExtendedData><Data name="@id"><value>way/1084947854</value></Data><Data name="name"><value>McKenzie River</value></Data><Data name="waterway"><value>rapids</value></Data></ExtendedData><LineString><coordinates>-122.4256325,44.1067628 -122.4261689,44.1067667</coordinates></LineString></Placemark><Placemark><name>McKenzie River</name><ExtendedData><Data name="@id"><value>way/1084947864</value></Data><Data name="ele"><value>252</value></Data><Data name="gnis:feature_id"><value>1130773</value></Data><Data name="name"><value>McKenzie River</value></Data><Data name="waterway"><value>rapids</value></Data></ExtendedData><LineString><coordinates>-122.5223598,44.1294922 -122.523035,44.128851 -122.5236136,44.1283295</coordinates></LineString></Placemark><Placemark><name>Rapids</name><ExtendedData><Data name="@id"><value>way/1118014302</value></Data><Data name="attraction"><value>river_rafting</value></Data><Data name="name"><value>Rapids</value></Data><Data name="waterway"><value>rapids</value></Data></ExtendedData><LineString><coordinates>-75.0759916,38.3600819 -75.0759451,38.3600918 -75.0759286,38.3601033 -75.0759061,38.3601454 -75.0758741,38.3602167 -75.0758568,38.3602275 -75.0758231,38.360235 -75.0757997,38.3602289 -75.0757798,38.3602187 -75.0757711,38.3601997 -75.0757832,38.3600735 -75.0757832,38.3600613 -75.0757746,38.3600396 -75.0757607,38.360026 -75.0757374,38.3600144 -75.0756578,38.3599859 -75.0756344,38.3599703 -75.0755981,38.3599513 -75.0755747,38.3599425 -75.0755513,38.3599432 -75.0755349,38.3599507 -75.0755176,38.3599588 -75.0755107,38.3599724 -75.0755046,38.3599988 -75.075489,38.3601332</coordinates></LineString></Placemark><Placemark><ExtendedData><Data name="@id"><value>way/1245874999</value></Data><Data name="waterway"><value>rapids</value></Data></ExtendedData><LineString><coordinates>-70.8946016,43.2053933 -70.8940701,43.2052114 -70.8934548,43.2052809 -70.89287,43.2048532 -70.8927616,43.2044778</coordinates></LineString></Placemark><Placemark><name>Sebonibus Rapids</name><ExtendedData><Data name="@id"><value>way/1260585135</value></Data><Data name="ele"><value>52</value></Data><Data name="gnis:feature_id"><value>575178</value></Data><Data name="name"><value>Sebonibus Rapids</value></Data><Data name="waterway"><value>rapids</value></Data></ExtendedData><LineString><coordinates>-68.4508772,45.4376819 -68.4528526,45.4362247 -68.4542639,45.4351836 -68.4560476,45.4341595</coordinates></LineString></Placemark><Placemark><name>Mohawk Rapids</name><ExtendedData><Data name="@id"><value>way/1260598240</value></Data><Data name="ele"><value>48</value></Data><Data name="gnis:feature_id"><value>571483</value></Data><Data name="name"><value>Mohawk Rapids</value></Data><Data name="waterway"><value>rapids</value></Data></ExtendedData><LineString><coordinates>-68.6046065,45.3252584 -68.607088,45.3237189 -68.6080823,45.323102 -68.6108503,45.3213443 -68.6121268,45.3199911</coordinates></LineString></Placemark><Placemark><ExtendedData><Data name="@id"><value>way/1270665142</value></Data><Data name="waterway"><value>rapids</value></Data></ExtendedData><LineString><coordinates>-69.5324824,45.4518262 -69.5323906,45.4517461 -69.5323066,45.4516494 -69.5322279,45.4515801 -69.5321192,45.451484 -69.5320275,45.4513965 -69.5320105,45.4513184 -69.5320534,45.4512377 -69.5321988,45.4511749 -69.5322994,45.4511122 -69.5323777,45.4510102 -69.5323777,45.4509003 -69.5323777,45.4507748 -69.532333,45.4506728 -69.5321988,45.4506492 -69.5320422,45.4506492 -69.5318744,45.4506492 -69.5317505,45.4506282 -69.5316284,45.4505551 -69.5314942,45.4503589 -69.5313264,45.4499352 -69.5312705,45.4498411 -69.5312369,45.4497469 -69.5311363,45.4496214 -69.531058,45.4495115 -69.5309909,45.4494095 -69.5309238,45.4492997 -69.5308542,45.4492372 -69.5307587,45.449175 -69.5306218,45.4491247 -69.5304652,45.4490094 -69.5303981,45.4489074 -69.5302862,45.4487897 -69.5301968,45.4487112 -69.5301073,45.448617 -69.5300066,45.4485229 -69.5299283,45.448413 -69.5298724,45.4483267 -69.5297829,45.4481698 -69.5297158,45.4480835 -69.5296376,45.448005 -69.529604,45.4479109 -69.5295593,45.4477853 -69.5295369,45.4476755 -69.5295145,45.4475813 -69.5294586,45.4474715 -69.5294474,45.4473773 -69.5294362,45.4472674 -69.5294027,45.4471341 -69.5293803,45.4470399 -69.5293468,45.4467103 -69.5293803,45.4465377 -69.529425,45.4463965 -69.5294922,45.4462709 -69.5295593,45.4461689 -69.5296152,45.4460747 -69.5296376,45.4459414 -69.5296152,45.4458315 -69.5295704,45.4456903 -69.5295033,45.4456039 -69.529425,45.4455019 -69.5293468,45.4453371 -69.5293244,45.4451802 -69.529302,45.445086 -69.5292573,45.4449213 -69.5292461,45.4447879 -69.5292125,45.4446388 -69.5291678,45.4445132 -69.5291566,45.4444034 -69.5290895,45.4442543 -69.5290336,45.4441444 -69.5289665,45.4440502 -69.528877,45.4439247 -69.5287987,45.4437834 -69.5287652,45.4436579 -69.5287652,45.443548 -69.5288099,45.4434382 -69.5288882,45.4433362 -69.5289106,45.4432184 -69.5288435,45.4431007 -69.5287875,45.4430066 -69.5287092,45.4428967 -69.5286421,45.4428025 -69.5285638,45.4427005 -69.5284967,45.4426142 -69.5284632,45.4425122 -69.5284296,45.4423945 -69.528329,45.4420727 -69.5282632,45.4415745 -69.5282632,45.4414163 -69.5282632,45.4412516 -69.5282069,45.4411 -69.5281505,45.4410275 -69.5278969,45.4408232 -69.5278875,45.440619</coordinates></LineString></Placemark><Placemark><ExtendedData><Data name="@id"><value>way/1279232625</value></Data><Data name="waterway"><value>rapids</value></Data></ExtendedData><LineString><coordinates>-72.5653476,42.6059253 -72.5652844,42.6061599 -72.5652735,42.6062005 -72.5651651,42.6064468</coordinates></LineString></Placemark><Placemark><ExtendedData><Data name="@id"><value>way/1279232641</value></Data><Data name="waterway"><value>rapids</value></Data></ExtendedData><LineString><coordinates>-72.5789597,42.5950583 -72.5788015,42.5954431 -72.5787285,42.595935 -72.5784381,42.5964527</coordinates></LineString></Placemark><Placemark><ExtendedData><Data name="@id"><value>way/1284742397</value></Data><Data name="waterway"><value>rapids</value></Data></ExtendedData><LineString><coordinates>-75.6553181,39.9631116 -75.6552967,39.9630377 -75.6552711,39.962949</coordinates></LineString></Placemark><Placemark><ExtendedData><Data name="@id"><value>way/1286939779</value></Data><Data name="waterway"><value>rapids</value></Data></ExtendedData><LineString><coordinates>-76.9527499,40.4900453 -76.9520658,40.4903456 -76.9514384,40.4905314 -76.9501081,40.4909563 -76.9493646,40.4912497 -76.9486051,40.491546 -76.9478918,40.4918323 -76.9467728,40.4924831</coordinates></LineString></Placemark><Placemark><name>Dam No. 3</name><ExtendedData><Data name="@id"><value>way/1301660057</value></Data><Data name="name"><value>Dam No. 3</value></Data><Data name="waterway"><value>rapids</value></Data></ExtendedData><LineString><coordinates>-75.6054453,40.7798463 -75.6051967,40.7792792</coordinates></LineString></Placemark><Placemark><name>Cliff Side II Rapid</name><ExtendedData><Data name="@id"><value>way/1305486046</value></Data><Data name="name"><value>Cliff Side II Rapid</value></Data><Data name="waterway"><value>rapids</value></Data></ExtendedData><LineString><coordinates>-114.6259058,47.0197329 -114.6261136,47.0195631 -114.6262608,47.0194368</coordinates></LineString></Placemark><Placemark><name>Hell Rapids</name><ExtendedData><Data name="@id"><value>way/1308593216</value></Data><Data name="name"><value>Hell Rapids</value></Data><Data name="waterway"><value>rapids</value></Data></ExtendedData><LineString><coordinates>-67.8325845,45.5636829 -67.8326274,45.5638496 -67.8326961,45.5643664 -67.8328849,45.5648111 -67.8330223,45.5653519 -67.8332454,45.5657124 -67.8339836,45.5662652 -67.8342754,45.5664575 -67.8348419,45.5666017</coordinates></LineString></Placemark><Placemark><name>Dam No. 3</name><ExtendedData><Data name="@id"><value>way/1313023520</value></Data><Data name="name"><value>Dam No. 3</value></Data><Data name="waterway"><value>rapids</value></Data></ExtendedData><LineString><coordinates>-75.6051664,40.779107 -75.604866,40.7786521</coordinates></LineString></Placemark><Placemark><ExtendedData><Data name="@id"><value>way/1344584690</value></Data><Data name="waterway"><value>rapids</value></Data></ExtendedData><LineString><coordinates>-69.1439575,45.8760804 -69.1432253,45.8763738 -69.14241,45.8768971</coordinates></LineString></Placemark><Placemark><ExtendedData><Data name="@id"><value>way/1344584695</value></Data><Data name="waterway"><value>rapids</value></Data></ExtendedData><LineString><coordinates>-69.1331848,45.8772959 -69.1316863,45.8770175</coordinates></LineString></Placemark><Placemark><ExtendedData><Data name="@id"><value>way/1344649544</value></Data><Data name="waterway"><value>rapids</value></Data></ExtendedData><LineString><coordinates>-68.93677,45.7828516 -68.9374357,45.7823996 -68.9379909,45.7819619 -68.9387489,45.7815331 -68.9397424,45.7813165 -68.9401421,45.781223 -68.9413652,45.7808769 -68.9422149,45.7808596</coordinates></LineString></Placemark><Placemark><ExtendedData><Data name="@id"><value>way/1348388017</value></Data><Data name="waterway"><value>rapids</value></Data></ExtendedData><LineString><coordinates>-116.3375353,43.6836871 -116.3375456,43.6838134 -116.337515,43.683944</coordinates></LineString></Placemark><Placemark><ExtendedData><Data name="@id"><value>node/245494594</value></Data><Data name="waterway"><value>rapids</value></Data></ExtendedData><Point><coordinates>-72.8270897,42.1638438</coordinates></Point></Placemark><Placemark><ExtendedData><Data name="@id"><value>node/247509089</value></Data><Data name="ele"><value>0.0</value></Data><Data name="gnis:fcode"><value>43100</value></Data><Data name="nhd-shp:com_id"><value>122625637</value></Data><Data name="nhd-shp:fdate"><value>Wed Jul 14 00:00:00 CEST 2004</value></Data><Data name="source"><value>NHD</value></Data><Data name="waterway"><value>rapids</value></Data></ExtendedData><Point><coordinates>-113.7406732,35.9469195</coordinates></Point></Placemark><Placemark><name>Owassee</name><ExtendedData><Data name="@id"><value>node/256590678</value></Data><Data name="name"><value>Owassee</value></Data><Data name="rapids"><value>2</value></Data><Data name="waterway"><value>rapids</value></Data></ExtendedData><Point><coordinates>-77.4564685,41.7152513</coordinates></Point></Placemark><Placemark><name>Two Hundred and Seventeen Mile Rapids</name><ExtendedData><Data name="@id"><value>node/262257532</value></Data><Data name="ele"><value>0.0</value></Data><Data name="gnis:feature_id"><value>23260</value></Data><Data name="name"><value>Two Hundred and Seventeen Mile Rapids</value></Data><Data name="nhd-shp:com_id"><value>21399969</value></Data><Data name="nhd-shp:fdate"><value>Mon Nov 29 00:00:00 CET 1999</value></Data><Data name="source"><value>NHD</value></Data><Data name="waterway"><value>rapids</value></Data></ExtendedData><Point><coordinates>-113.3125141,35.860661</coordinates></Point></Placemark><Placemark><ExtendedData><Data name="@id"><value>node/262257537</value></Data><Data name="ele"><value>0.0</value></Data><Data name="nhd-shp:com_id"><value>21399985</value></Data><Data name="nhd-shp:fdate"><value>Mon Nov 29 00:00:00 CET 1999</value></Data><Data name="source"><value>NHD</value></Data><Data name="waterway"><value>rapids</value></Data></ExtendedData><Point><coordinates>-113.3271896,35.8371934</coordinates></Point></Placemark><Placemark><name>Granite Spring Rapids</name><ExtendedData><Data name="@id"><value>node/262257541</value></Data><Data name="ele"><value>421</value></Data><Data name="gnis:feature_id"><value>5257</value></Data><Data name="name"><value>Granite Spring Rapids</value></Data><Data name="nhd-shp:com_id"><value>21399995</value></Data><Data name="nhd-shp:fdate"><value>Mon Nov 29 00:00:00 CET 1999</value></Data><Data name="source"><value>NHD</value></Data><Data name="waterway"><value>rapids</value></Data></ExtendedData><Point><coordinates>-113.3324273,35.8241959</coordinates></Point></Placemark><Placemark><ExtendedData><Data name="@id"><value>node/262257565</value></Data><Data name="ele"><value>0.0</value></Data><Data name="nhd-shp:com_id"><value>21400015</value></Data><Data name="nhd-shp:fdate"><value>Mon Nov 29 00:00:00 CET 1999</value></Data><Data name="source"><value>NHD</value></Data><Data name="waterway"><value>rapids</value></Data></ExtendedData><Point><coordinates>-113.3865467,35.7534504</coordinates></Point></Placemark><Placemark><name>Two Hundred and Thirtytwo Mile Rapids</name><ExtendedData><Data name="@id"><value>node/262257579</value></Data><Data name="ele"><value>383</value></Data><Data name="gnis:feature_id"><value>12994</value></Data><Data name="name"><value>Two Hundred and Thirtytwo Mile Rapids</value></Data><Data name="waterway"><value>rapids</value></Data></ExtendedData><Point><coordinates>-113.4694214,35.7648354</coordinates></Point></Placemark><Placemark><ExtendedData><Data name="@id"><value>node/262257633</value></Data><Data name="gnis:fcode"><value>43100</value></Data><Data name="gnis:ftype"><value>Rapids</value></Data><Data name="nhd:com_id"><value>122643716</value></Data><Data name="nhd:fdate"><value>Wed Jul 14 00:00:00 CEST 2004</value></Data><Data name="source"><value>NHD</value></Data><Data name="waterway"><value>rapids</value></Data></ExtendedData><Point><coordinates>-113.6552345,35.847769</coordinates></Point></Placemark><Placemark><ExtendedData><Data name="@id"><value>node/262257644</value></Data><Data name="gnis:fcode"><value>43100</value></Data><Data name="gnis:ftype"><value>Rapids</value></Data><Data name="nhd:com_id"><value>122625652</value></Data><Data name="nhd:fdate"><value>Wed Jul 14 00:00:00 CEST 2004</value></Data><Data name="source"><value>NHD</value></Data><Data name="waterway"><value>rapids</value></Data></ExtendedData><Point><coordinates>-113.683902,35.8761495</coordinates></Point></Placemark><Placemark><ExtendedData><Data name="@id"><value>node/262257652</value></Data><Data name="ele"><value>0.0</value></Data><Data name="gnis:fcode"><value>43100</value></Data><Data name="nhd-shp:com_id"><value>122625646</value></Data><Data name="nhd-shp:fdate"><value>Wed Jul 14 00:00:00 CEST 2004</value></Data><Data name="source"><value>NHD</value></Data><Data name="waterway"><value>rapids</value></Data></ExtendedData><Point><coordinates>-113.712098,35.890754</coordinates></Point></Placemark><Placemark><ExtendedData><Data name="@id"><value>node/262257760</value></Data><Data name="ele"><value>0.0</value></Data><Data name="nhd-shp:com_id"><value>20715052</value></Data><Data name="nhd-shp:fdate"><value>Tue Nov 30 00:00:00 CET 1999</value></Data><Data name="source"><value>NHD</value></Data><Data name="waterway"><value>rapids</value></Data></ExtendedData><Point><coordinates>-113.0197592,36.2365596</coordinates></Point></Placemark><Placemark><ExtendedData><Data name="@id"><value>node/262257773</value></Data><Data name="ele"><value>0.0</value></Data><Data name="nhd-shp:com_id"><value>20715072</value></Data><Data name="nhd-shp:fdate"><value>Tue Nov 30 00:00:00 CET 1999</value></Data><Data name="source"><value>NHD</value></Data><Data name="waterway"><value>rapids</value></Data></ExtendedData><Point><coordinates>-113.0946469,36.193859</coordinates></Point></Placemark><Placemark><ExtendedData><Data name="@id"><value>node/262257801</value></Data><Data name="ele"><value>0.0</value></Data><Data name="nhd-shp:com_id"><value>20715088</value></Data><Data name="nhd-shp:fdate"><value>Tue Nov 30 00:00:00 CET 1999</value></Data><Data name="source"><value>NHD</value></Data><Data name="waterway"><value>rapids</value></Data></ExtendedData><Point><coordinates>-113.2151217,36.1087289</coordinates></Point></Placemark><Placemark><ExtendedData><Data name="@id"><value>node/262257806</value></Data><Data name="nhd-shp:com_id"><value>20715092</value></Data><Data name="waterway"><value>rapids</value></Data></ExtendedData><Point><coordinates>-113.2216083,36.0943927</coordinates></Point></Placemark><Placemark><ExtendedData><Data name="@id"><value>node/262257811</value></Data><Data name="nhd-shp:com_id"><value>20715094</value></Data><Data name="waterway"><value>rapids</value></Data></ExtendedData><Point><coordinates>-113.2423094,36.0926116</coordinates></Point></Placemark><Placemark><ExtendedData><Data name="@id"><value>node/262257816</value></Data><Data name="ele"><value>0.0</value></Data><Data name="nhd-shp:com_id"><value>20715098</value></Data><Data name="nhd-shp:fdate"><value>Tue Nov 30 00:00:00 CET 1999</value></Data><Data name="source"><value>NHD</value></Data><Data name="waterway"><value>rapids</value></Data></ExtendedData><Point><coordinates>-113.26213,36.0911753</coordinates></Point></Placemark><Placemark><ExtendedData><Data name="@id"><value>node/262257817</value></Data><Data name="ele"><value>0.0</value></Data><Data name="nhd-shp:com_id"><value>20715096</value></Data><Data name="nhd-shp:fdate"><value>Tue Nov 30 00:00:00 CET 1999</value></Data><Data name="source"><value>NHD</value></Data><Data name="waterway"><value>rapids</value></Data></ExtendedData><Point><coordinates>-113.2669365,36.0917301</coordinates></Point></Placemark><Placemark><ExtendedData><Data name="@id"><value>node/262257837</value></Data><Data name="ele"><value>0.0</value></Data><Data name="nhd-shp:com_id"><value>20715106</value></Data><Data name="nhd-shp:fdate"><value>Tue Nov 30 00:00:00 CET 1999</value></Data><Data name="source"><value>NHD</value></Data><Data name="waterway"><value>rapids</value></Data></ExtendedData><Point><coordinates>-113.349142,36.0520036</coordinates></Point></Placemark><Placemark><ExtendedData><Data name="@id"><value>node/262257839</value></Data><Data name="ele"><value>0.0</value></Data><Data name="nhd-shp:com_id"><value>20715108</value></Data><Data name="nhd-shp:fdate"><value>Tue Nov 30 00:00:00 CET 1999</value></Data><Data name="source"><value>NHD</value></Data><Data name="waterway"><value>rapids</value></Data></ExtendedData><Point><coordinates>-113.3529389,36.0378902</coordinates></Point></Placemark><Placemark><ExtendedData><Data name="@id"><value>node/262257851</value></Data><Data name="ele"><value>0.0</value></Data><Data name="nhd-shp:com_id"><value>21399937</value></Data><Data name="nhd-shp:fdate"><value>Mon Nov 29 00:00:00 CET 1999</value></Data><Data name="source"><value>NHD</value></Data><Data name="waterway"><value>rapids</value></Data></ExtendedData><Point><coordinates>-113.3356734,35.9810829</coordinates></Point></Placemark><Placemark><name>Deubendorff Rapids</name><ExtendedData><Data name="@id"><value>node/262258747</value></Data><Data name="ele"><value>606</value></Data><Data name="gnis:feature_id"><value>3891</value></Data><Data name="name"><value>Deubendorff Rapids</value></Data><Data name="waterway"><value>rapids</value></Data></ExtendedData><Point><coordinates>-112.4549604,36.3445445</coordinates></Point></Placemark><Placemark><name>Hundred and Thirtyfive Mile Rapids</name><ExtendedData><Data name="@id"><value>node/262258754</value></Data><Data name="ele"><value>605</value></Data><Data name="gnis:feature_id"><value>6125</value></Data><Data name="name"><value>Hundred and Thirtyfive Mile Rapids</value></Data><Data name="waterway"><value>rapids</value></Data></ExtendedData><Point><coordinates>-112.4860489,36.3787603</coordinates></Point></Placemark><Placemark><name>Fishtail Rapids</name><ExtendedData><Data name="@id"><value>node/262258766</value></Data><Data name="ele"><value>582</value></Data><Data name="gnis:feature_id"><value>4639</value></Data><Data name="name"><value>Fishtail Rapids</value></Data><Data name="waterway"><value>rapids</value></Data></ExtendedData><Point><coordinates>-112.555744,36.4002176</coordinates></Point></Placemark><Placemark><name>Sockdolager Rapids</name><ExtendedData><Data name="@id"><value>node/262259138</value></Data><Data name="ele"><value>774</value></Data><Data name="gnis:feature_id"><value>11518</value></Data><Data name="name"><value>Sockdolager Rapids</value></Data><Data name="waterway"><value>rapids</value></Data></ExtendedData><Point><coordinates>-111.9539415,36.0463225</coordinates></Point></Placemark><Placemark><name>Eightythree Mile Rapids</name><ExtendedData><Data name="@id"><value>node/262259168</value></Data><Data name="ele"><value>754</value></Data><Data name="gnis:feature_id"><value>4368</value></Data><Data name="name"><value>Eightythree Mile Rapids</value></Data><Data name="waterway"><value>rapids</value></Data></ExtendedData><Point><coordinates>-112.0283188,36.0769584</coordinates></Point></Placemark><Placemark><name>Eightyfive Mile Rapids</name><ExtendedData><Data name="@id"><value>node/262259176</value></Data><Data name="ele"><value>749</value></Data><Data name="gnis:feature_id"><value>24102</value></Data><Data name="name"><value>Eightyfive Mile Rapids</value></Data><Data name="waterway"><value>rapids</value></Data></ExtendedData><Point><coordinates>-112.0452225,36.0855917</coordinates></Point></Placemark><Placemark><name>Walthenberg Rapids</name><ExtendedData><Data name="@id"><value>node/262259271</value></Data><Data name="ele"><value>657</value></Data><Data name="gnis:feature_id"><value>13332</value></Data><Data name="name"><value>Walthenberg Rapids</value></Data><Data name="waterway"><value>rapids</value></Data></ExtendedData><Point><coordinates>-112.406634,36.2384471</coordinates></Point></Placemark><Placemark><name>Nankoweap Rapids</name><ExtendedData><Data name="@id"><value>node/263572489</value></Data><Data name="ele"><value>851</value></Data><Data name="gnis:feature_id"><value>8491</value></Data><Data name="name"><value>Nankoweap Rapids</value></Data><Data name="waterway"><value>rapids</value></Data></ExtendedData><Point><coordinates>-111.8562181,36.3062117</coordinates></Point></Placemark><Placemark><name>Staircase Rapids</name><ExtendedData><Data name="@id"><value>node/263994005</value></Data><Data name="name"><value>Staircase Rapids</value></Data><Data name="waterway"><value>rapids</value></Data></ExtendedData><Point><coordinates>-116.0801741,44.1007498</coordinates></Point></Placemark><Placemark><name>Fake Slalom Rapids</name><ExtendedData><Data name="@id"><value>node/263994027</value></Data><Data name="name"><value>Fake Slalom Rapids</value></Data><Data name="waterway"><value>rapids</value></Data></ExtendedData><Point><coordinates>-116.0996069,44.0862265</coordinates></Point></Placemark><Placemark><name>Slalom Rapids</name><ExtendedData><Data name="@id"><value>node/263994031</value></Data><Data name="name"><value>Slalom Rapids</value></Data><Data name="waterway"><value>rapids</value></Data></ExtendedData><Point><coordinates>-116.1042188,44.0836093</coordinates></Point></Placemark><Placemark><name>Crunch Rapids</name><ExtendedData><Data name="@id"><value>node/263994093</value></Data><Data name="name"><value>Crunch Rapids</value></Data><Data name="waterway"><value>rapids</value></Data></ExtendedData><Point><coordinates>-116.104046,44.0913656</coordinates></Point></Placemark><Placemark><name>Juicer Rapids</name><ExtendedData><Data name="@id"><value>node/263994113</value></Data><Data name="name"><value>Juicer Rapids</value></Data><Data name="waterway"><value>rapids</value></Data></ExtendedData><Point><coordinates>-116.0947345,44.1033176</coordinates></Point></Placemark><Placemark><name>Otters Run Rapids</name><ExtendedData><Data name="@id"><value>node/263994129</value></Data><Data name="name"><value>Otters Run Rapids</value></Data><Data name="waterway"><value>rapids</value></Data></ExtendedData><Point><coordinates>-116.107115,44.1126901</coordinates></Point></Placemark><Placemark><name>Jaws III Rapids</name><ExtendedData><Data name="@id"><value>node/263994201</value></Data><Data name="name"><value>Jaws III Rapids</value></Data><Data name="waterway"><value>rapids</value></Data></ExtendedData><Point><coordinates>-116.1152584,44.1393378</coordinates></Point></Placemark><Placemark><name>Bennet's Rock Rapids</name><ExtendedData><Data name="@id"><value>node/263995046</value></Data><Data name="name"><value>Bennet's Rock Rapids</value></Data><Data name="waterway"><value>rapids</value></Data></ExtendedData><Point><coordinates>-116.132209,44.0468858</coordinates></Point></Placemark><Placemark><name>Mike's Hole Rapids</name><ExtendedData><Data name="@id"><value>node/263995184</value></Data><Data name="name"><value>Mike's Hole Rapids</value></Data><Data name="waterway"><value>rapids</value></Data></ExtendedData><Point><coordinates>-116.135267,44.0342297</coordinates></Point></Placemark><Placemark><name>Mixmaster Rapids</name><ExtendedData><Data name="@id"><value>node/263995215</value></Data><Data name="name"><value>Mixmaster Rapids</value></Data><Data name="waterway"><value>rapids</value></Data></ExtendedData><Point><coordinates>-116.1520249,44.020701</coordinates></Point></Placemark><Placemark><name>Adios My Friend</name><ExtendedData><Data name="@id"><value>node/263995228</value></Data><Data name="name"><value>Adios My Friend</value></Data><Data name="waterway"><value>rapids</value></Data></ExtendedData><Point><coordinates>-116.157638,44.0143688</coordinates></Point></Placemark><Placemark><name>Toilet Bowl Rapids</name><ExtendedData><Data name="@id"><value>node/263995970</value></Data><Data name="name"><value>Toilet Bowl Rapids</value></Data><Data name="waterway"><value>rapids</value></Data></ExtendedData><Point><coordinates>-116.191634,43.9626498</coordinates></Point></Placemark><Placemark><name>S-Turn Rapids</name><ExtendedData><Data name="@id"><value>node/263995977</value></Data><Data name="name"><value>S-Turn Rapids</value></Data><Data name="waterway"><value>rapids</value></Data></ExtendedData><Point><coordinates>-116.1938443,43.9597202</coordinates></Point></Placemark><Placemark><name>Climax Rapids</name><ExtendedData><Data name="@id"><value>node/263996012</value></Data><Data name="name"><value>Climax Rapids</value></Data><Data name="waterway"><value>rapids</value></Data></ExtendedData><Point><coordinates>-116.1964028,43.941782</coordinates></Point></Placemark><Placemark><name>Second Bridge Rapids</name><ExtendedData><Data name="@id"><value>node/263996896</value></Data><Data name="name"><value>Second Bridge Rapids</value></Data><Data name="waterway"><value>rapids</value></Data></ExtendedData><Point><coordinates>-116.2032157,43.9127411</coordinates></Point></Placemark><Placemark><ExtendedData><Data name="@id"><value>node/273626686</value></Data><Data name="waterway"><value>rapids</value></Data></ExtendedData><Point><coordinates>-123.1151372,44.0806451</coordinates></Point></Placemark><Placemark><name>Mercury IV</name><ExtendedData><Data name="@id"><value>node/282794822</value></Data><Data name="name"><value>Mercury IV</value></Data><Data name="waterway"><value>rapids</value></Data></ExtendedData><Point><coordinates>-121.935875,47.3183353</coordinates></Point></Placemark><Placemark><name>Nozzle IV</name><ExtendedData><Data name="@id"><value>node/282796016</value></Data><Data name="name"><value>Nozzle IV</value></Data><Data name="waterway"><value>rapids</value></Data></ExtendedData><Point><coordinates>-121.9364227,47.3179595</coordinates></Point></Placemark><Placemark><name>Shireen's Dream Rapids</name><ExtendedData><Data name="@id"><value>node/286788145</value></Data><Data name="alt_name"><value>Pop Quiz Rapids</value></Data><Data name="name"><value>Shireen's Dream Rapids</value></Data><Data name="rapids"><value>3</value></Data><Data name="waterway"><value>rapids</value></Data></ExtendedData><Point><coordinates>-120.9272116,38.9621317</coordinates></Point></Placemark><Placemark><name>Catapult Rapids</name><ExtendedData><Data name="@id"><value>node/286788147</value></Data><Data name="alt_name"><value>Final Examination Rapids</value></Data><Data name="name"><value>Catapult Rapids</value></Data><Data name="rapids"><value>4</value></Data><Data name="waterway"><value>rapids</value></Data></ExtendedData><Point><coordinates>-120.9245965,38.9614926</coordinates></Point></Placemark><Placemark><name>Cleavage Rapids</name><ExtendedData><Data name="@id"><value>node/286788175</value></Data><Data name="name"><value>Cleavage Rapids</value></Data><Data name="rapids"><value>4-</value></Data><Data name="waterway"><value>rapids</value></Data></ExtendedData><Point><coordinates>-120.906586,38.9540028</coordinates></Point></Placemark><Placemark><name>Ruck-A-Chucky Rapids</name><ExtendedData><Data name="@id"><value>node/286788188</value></Data><Data name="ele"><value>225</value></Data><Data name="gnis:feature_id"><value>265657</value></Data><Data name="name"><value>Ruck-A-Chucky Rapids</value></Data><Data name="rapids"><value>6</value></Data><Data name="waterway"><value>rapids</value></Data></ExtendedData><Point><coordinates>-120.8981976,38.9552374</coordinates></Point></Placemark><Placemark><ExtendedData><Data name="@id"><value>node/301942773</value></Data><Data name="waterway"><value>rapids</value></Data></ExtendedData><Point><coordinates>-84.2402875,39.3528092</coordinates></Point></Placemark><Placemark><name>Kings Eddy</name><ExtendedData><Data name="@id"><value>node/311566642</value></Data><Data name="ele"><value>149</value></Data><Data name="gnis:feature_id"><value>1495018</value></Data><Data name="name"><value>Kings Eddy</value></Data><Data name="waterway"><value>rapids</value></Data></ExtendedData><Point><coordinates>-78.2439194,38.8888374</coordinates></Point></Placemark><Placemark><ExtendedData><Data name="@id"><value>node/318148368</value></Data><Data name="waterway"><value>rapids</value></Data></ExtendedData><Point><coordinates>-82.1259825,39.3302249</coordinates></Point></Placemark><Placemark><ExtendedData><Data name="@id"><value>node/339259399</value></Data><Data name="waterway"><value>rapids</value></Data></ExtendedData><Point><coordinates>-122.5663801,46.9449116</coordinates></Point></Placemark><Placemark><ExtendedData><Data name="@id"><value>node/339259403</value></Data><Data name="waterway"><value>rapids</value></Data></ExtendedData><Point><coordinates>-122.5659083,46.9426934</coordinates></Point></Placemark><Placemark><name>Rock and Roll</name><ExtendedData><Data name="@id"><value>node/346500835</value></Data><Data name="name"><value>Rock and Roll</value></Data><Data name="waterway"><value>rapids</value></Data></ExtendedData><Point><coordinates>-120.5811299,47.5633261</coordinates></Point></Placemark><Placemark><name>Lower Gorilla</name><ExtendedData><Data name="@id"><value>node/346500855</value></Data><Data name="name"><value>Lower Gorilla</value></Data><Data name="waterway"><value>rapids</value></Data></ExtendedData><Point><coordinates>-120.5736233,47.5436467</coordinates></Point></Placemark><Placemark><name>Arco Eddy</name><ExtendedData><Data name="@id"><value>node/346501343</value></Data><Data name="name"><value>Arco Eddy</value></Data><Data name="waterway"><value>rapids</value></Data></ExtendedData><Point><coordinates>-120.5675555,47.5416791</coordinates></Point></Placemark><Placemark><name>The Cave</name><ExtendedData><Data name="@id"><value>node/346501351</value></Data><Data name="name"><value>The Cave</value></Data><Data name="waterway"><value>rapids</value></Data></ExtendedData><Point><coordinates>-120.5588829,47.5433424</coordinates></Point></Placemark><Placemark><name>Pig Snout</name><ExtendedData><Data name="@id"><value>node/346501354</value></Data><Data name="name"><value>Pig Snout</value></Data><Data name="waterway"><value>rapids</value></Data></ExtendedData><Point><coordinates>-120.5561162,47.541402</coordinates></Point></Placemark><Placemark><name>Triple Threat</name><ExtendedData><Data name="@id"><value>node/346501367</value></Data><Data name="name"><value>Triple Threat</value></Data><Data name="waterway"><value>rapids</value></Data></ExtendedData><Point><coordinates>-120.5508206,47.5359102</coordinates></Point></Placemark><Placemark><name>Rodeo</name><ExtendedData><Data name="@id"><value>node/346501380</value></Data><Data name="name"><value>Rodeo</value></Data><Data name="waterway"><value>rapids</value></Data></ExtendedData><Point><coordinates>-120.5346387,47.5301133</coordinates></Point></Placemark><Placemark><name>Drunkard's Drop</name><ExtendedData><Data name="@id"><value>node/346501390</value></Data><Data name="name"><value>Drunkard's Drop</value></Data><Data name="waterway"><value>rapids</value></Data></ExtendedData><Point><coordinates>-120.522933,47.5322792</coordinates></Point></Placemark><Placemark><name>Snapdragon</name><ExtendedData><Data name="@id"><value>node/346501400</value></Data><Data name="name"><value>Snapdragon</value></Data><Data name="waterway"><value>rapids</value></Data></ExtendedData><Point><coordinates>-120.505338,47.5327138</coordinates></Point></Placemark><Placemark><name>Pipeline</name><ExtendedData><Data name="@id"><value>node/346501707</value></Data><Data name="name"><value>Pipeline</value></Data><Data name="waterway"><value>rapids</value></Data></ExtendedData><Point><coordinates>-120.498472,47.5289469</coordinates></Point></Placemark><Placemark><name>Snowblind</name><ExtendedData><Data name="@id"><value>node/346501722</value></Data><Data name="name"><value>Snowblind</value></Data><Data name="waterway"><value>rapids</value></Data></ExtendedData><Point><coordinates>-120.482851,47.5238177</coordinates></Point></Placemark><Placemark><name>Suffocator Hole</name><ExtendedData><Data name="@id"><value>node/346501727</value></Data><Data name="name"><value>Suffocator Hole</value></Data><Data name="waterway"><value>rapids</value></Data></ExtendedData><Point><coordinates>-120.473473,47.5239422</coordinates></Point></Placemark><Placemark><ExtendedData><Data name="@id"><value>node/346834198</value></Data><Data name="waterway"><value>rapids</value></Data></ExtendedData><Point><coordinates>-84.2635755,34.4993967</coordinates></Point></Placemark><Placemark><name>Barnaby Rapids</name><ExtendedData><Data name="@id"><value>node/353870202</value></Data><Data name="ele"><value>424</value></Data><Data name="gnis:feature_id"><value>1561177</value></Data><Data name="name"><value>Barnaby Rapids</value></Data><Data name="waterway"><value>rapids</value></Data></ExtendedData><Point><coordinates>-90.6262715,45.8566245</coordinates></Point></Placemark><Placemark><name>Beaver Dam Rapids</name><ExtendedData><Data name="@id"><value>node/353870295</value></Data><Data name="ele"><value>381</value></Data><Data name="gnis:feature_id"><value>1561461</value></Data><Data name="name"><value>Beaver Dam Rapids</value></Data><Data name="waterway"><value>rapids</value></Data></ExtendedData><Point><coordinates>-90.9011215,45.6200702</coordinates></Point></Placemark><Placemark><name>Bergeron Rapids</name><ExtendedData><Data name="@id"><value>node/353870358</value></Data><Data name="ele"><value>405</value></Data><Data name="gnis:feature_id"><value>1561593</value></Data><Data name="name"><value>Bergeron Rapids</value></Data><Data name="waterway"><value>rapids</value></Data></ExtendedData><Point><coordinates>-90.730428,45.6585752</coordinates></Point></Placemark><Placemark><name>Big Bull Rapids</name><ExtendedData><Data name="@id"><value>node/353870419</value></Data><Data name="ele"><value>409</value></Data><Data name="gnis:feature_id"><value>1561690</value></Data><Data name="name"><value>Big Bull Rapids</value></Data><Data name="waterway"><value>rapids</value></Data></ExtendedData><Point><coordinates>-90.7034838,45.6638527</coordinates></Point></Placemark><Placemark><name>Big Falls</name><ExtendedData><Data name="@id"><value>node/353870422</value></Data><Data name="ele"><value>379</value></Data><Data name="gnis:feature_id"><value>1561720</value></Data><Data name="name"><value>Big Falls</value></Data><Data name="waterway"><value>rapids</value></Data></ExtendedData><Point><coordinates>-90.6406974,45.4074701</coordinates></Point></Placemark><Placemark><name>Bill Cross Rapids</name><ExtendedData><Data name="@id"><value>node/353870482</value></Data><Data name="ele"><value>389</value></Data><Data name="gnis:feature_id"><value>1561789</value></Data><Data name="name"><value>Bill Cross Rapids</value></Data><Data name="waterway"><value>rapids</value></Data></ExtendedData><Point><coordinates>-89.8006859,45.251911</coordinates></Point></Placemark><Placemark><name>Boars Rapids</name><ExtendedData><Data name="@id"><value>node/353870767</value></Data><Data name="ele"><value>433</value></Data><Data name="gnis:feature_id"><value>1561985</value></Data><Data name="name"><value>Boars Rapids</value></Data><Data name="waterway"><value>rapids</value></Data></ExtendedData><Point><coordinates>-90.4525337,45.796115</coordinates></Point></Placemark><Placemark><name>Chipmunk Rapids</name><ExtendedData><Data name="@id"><value>node/353871313</value></Data><Data name="ele"><value>280</value></Data><Data name="gnis:feature_id"><value>1563036</value></Data><Data name="name"><value>Chipmunk Rapids</value></Data><Data name="waterway"><value>rapids</value></Data></ExtendedData><Point><coordinates>-88.0190052,45.5377418</coordinates></Point></Placemark><Placemark><name>Carpenters Rapids</name><ExtendedData><Data name="@id"><value>node/353871369</value></Data><Data name="ele"><value>415</value></Data><Data name="gnis:feature_id"><value>1562737</value></Data><Data name="name"><value>Carpenters Rapids</value></Data><Data name="waterway"><value>rapids</value></Data></ExtendedData><Point><coordinates>-90.639874,45.6957957</coordinates></Point></Placemark><Placemark><name>Carney Rapids</name><ExtendedData><Data name="@id"><value>node/353871375</value></Data><Data name="ele"><value>342</value></Data><Data name="gnis:feature_id"><value>1562723</value></Data><Data name="name"><value>Carney Rapids</value></Data><Data name="waterway"><value>rapids</value></Data></ExtendedData><Point><coordinates>-88.1659537,45.6238487</coordinates></Point></Placemark><Placemark><name>Chappee Rapids</name><ExtendedData><Data name="@id"><value>node/353871477</value></Data><Data name="ele"><value>187</value></Data><Data name="gnis:feature_id"><value>1562951</value></Data><Data name="name"><value>Chappee Rapids</value></Data><Data name="waterway"><value>rapids</value></Data></ExtendedData><Point><coordinates>-87.7031632,45.1522041</coordinates></Point></Placemark><Placemark><name>Crow Rapids</name><ExtendedData><Data name="@id"><value>node/353871624</value></Data><Data name="ele"><value>277</value></Data><Data name="gnis:feature_id"><value>1563570</value></Data><Data name="name"><value>Crow Rapids</value></Data><Data name="waterway"><value>rapids</value></Data></ExtendedData><Point><coordinates>-88.7023273,44.9469232</coordinates></Point></Placemark><Placemark><name>Crooked Rapids</name><ExtendedData><Data name="@id"><value>node/353871635</value></Data><Data name="ele"><value>377</value></Data><Data name="gnis:feature_id"><value>1563551</value></Data><Data name="name"><value>Crooked Rapids</value></Data><Data name="waterway"><value>rapids</value></Data></ExtendedData><Point><coordinates>-91.1407179,45.7935714</coordinates></Point></Placemark><Placemark><name>Cornsheller Rapids</name><ExtendedData><Data name="@id"><value>node/353871921</value></Data><Data name="ele"><value>413</value></Data><Data name="gnis:feature_id"><value>1563414</value></Data><Data name="name"><value>Cornsheller Rapids</value></Data><Data name="waterway"><value>rapids</value></Data></ExtendedData><Point><coordinates>-90.686262,45.6738523</coordinates></Point></Placemark><Placemark><name>Divine Rapids</name><ExtendedData><Data name="@id"><value>node/353872169</value></Data><Data name="ele"><value>451</value></Data><Data name="gnis:feature_id"><value>1564002</value></Data><Data name="name"><value>Divine Rapids</value></Data><Data name="waterway"><value>rapids</value></Data></ExtendedData><Point><coordinates>-90.3887722,45.8968977</coordinates></Point></Placemark><Placemark><name>First Cedar Rapids</name><ExtendedData><Data name="@id"><value>node/353872461</value></Data><Data name="ele"><value>387</value></Data><Data name="gnis:feature_id"><value>1564966</value></Data><Data name="name"><value>First Cedar Rapids</value></Data><Data name="waterway"><value>rapids</value></Data></ExtendedData><Point><coordinates>-90.8495939,45.6305212</coordinates></Point></Placemark><Placemark><name>Flemmings Rapids</name><ExtendedData><Data name="@id"><value>node/353872583</value></Data><Data name="ele"><value>439</value></Data><Data name="gnis:feature_id"><value>1565069</value></Data><Data name="name"><value>Flemmings Rapids</value></Data><Data name="waterway"><value>rapids</value></Data></ExtendedData><Point><coordinates>-90.4867028,45.6810901</coordinates></Point></Placemark><Placemark><name>Flambeau Falls Rapids</name><ExtendedData><Data name="@id"><value>node/353872644</value></Data><Data name="ele"><value>390</value></Data><Data name="gnis:feature_id"><value>1565052</value></Data><Data name="name"><value>Flambeau Falls Rapids</value></Data><Data name="waterway"><value>rapids</value></Data></ExtendedData><Point><coordinates>-90.7926502,45.6516314</coordinates></Point></Placemark><Placemark><name>First Porcupine Rapids</name><ExtendedData><Data name="@id"><value>node/353872874</value></Data><Data name="ele"><value>399</value></Data><Data name="gnis:feature_id"><value>1564972</value></Data><Data name="name"><value>First Porcupine Rapids</value></Data><Data name="waterway"><value>rapids</value></Data></ExtendedData><Point><coordinates>-90.7976531,45.7082966</coordinates></Point></Placemark><Placemark><name>First Rapids</name><ExtendedData><Data name="@id"><value>node/353872878</value></Data><Data name="ele"><value>473</value></Data><Data name="gnis:feature_id"><value>1564973</value></Data><Data name="name"><value>First Rapids</value></Data><Data name="waterway"><value>rapids</value></Data></ExtendedData><Point><coordinates>-90.3821136,45.9883381</coordinates></Point></Placemark><Placemark><name>First Wannigan Rapids</name><ExtendedData><Data name="@id"><value>node/353872881</value></Data><Data name="ele"><value>396</value></Data><Data name="gnis:feature_id"><value>1564974</value></Data><Data name="name"><value>First Wannigan Rapids</value></Data><Data name="waterway"><value>rapids</value></Data></ExtendedData><Point><coordinates>-90.8098744,45.688575</coordinates></Point></Placemark><Placemark><name>Halfbreed Rapids</name><ExtendedData><Data name="@id"><value>node/353873222</value></Data><Data name="ele"><value>455</value></Data><Data name="gnis:feature_id"><value>1565975</value></Data><Data name="name"><value>Halfbreed Rapids</value></Data><Data name="waterway"><value>rapids</value></Data></ExtendedData><Point><coordinates>-89.7779225,45.693292</coordinates></Point></Placemark><Placemark><name>Jerry Chute</name><ExtendedData><Data name="@id"><value>node/353882030</value></Data><Data name="ele"><value>323</value></Data><Data name="gnis:feature_id"><value>1567163</value></Data><Data name="name"><value>Jerry Chute</value></Data><Data name="waterway"><value>rapids</value></Data></ExtendedData><Point><coordinates>-88.3153882,45.4041324</coordinates></Point></Placemark><Placemark><name>Little Cedar Rapids</name><ExtendedData><Data name="@id"><value>node/353882860</value></Data><Data name="ele"><value>375</value></Data><Data name="gnis:feature_id"><value>1568223</value></Data><Data name="name"><value>Little Cedar Rapids</value></Data><Data name="waterway"><value>rapids</value></Data></ExtendedData><Point><coordinates>-90.9176488,45.6077443</coordinates></Point></Placemark><Placemark><name>Quinns Rapids</name><ExtendedData><Data name="@id"><value>node/353889168</value></Data><Data name="ele"><value>464</value></Data><Data name="gnis:feature_id"><value>1572006</value></Data><Data name="name"><value>Quinns Rapids</value></Data><Data name="waterway"><value>rapids</value></Data></ExtendedData><Point><coordinates>-90.3559112,46.0253672</coordinates></Point></Placemark><Placemark><name>Priest Lake Rapids</name><ExtendedData><Data name="@id"><value>node/353889181</value></Data><Data name="ele"><value>435</value></Data><Data name="gnis:feature_id"><value>1571937</value></Data><Data name="name"><value>Priest Lake Rapids</value></Data><Data name="waterway"><value>rapids</value></Data></ExtendedData><Point><coordinates>-90.4493864,45.8198085</coordinates></Point></Placemark><Placemark><name>Roaring Rapids</name><ExtendedData><Data name="@id"><value>node/353889217</value></Data><Data name="ele"><value>327</value></Data><Data name="gnis:feature_id"><value>1572397</value></Data><Data name="name"><value>Roaring Rapids</value></Data><Data name="waterway"><value>rapids</value></Data></ExtendedData><Point><coordinates>-88.3176105,45.4066323</coordinates></Point></Placemark><Placemark><name>Rocky Carry Rapids</name><ExtendedData><Data name="@id"><value>node/353889283</value></Data><Data name="ele"><value>430</value></Data><Data name="gnis:feature_id"><value>1572498</value></Data><Data name="name"><value>Rocky Carry Rapids</value></Data><Data name="waterway"><value>rapids</value></Data></ExtendedData><Point><coordinates>-90.5011084,45.7857101</coordinates></Point></Placemark><Placemark><name>Otter Slide Rapids</name><ExtendedData><Data name="@id"><value>node/353889490</value></Data><Data name="ele"><value>394</value></Data><Data name="gnis:feature_id"><value>1570919</value></Data><Data name="name"><value>Otter Slide Rapids</value></Data><Data name="waterway"><value>rapids</value></Data></ExtendedData><Point><coordinates>-90.7676486,45.6244096</coordinates></Point></Placemark><Placemark><name>Posey Rapids</name><ExtendedData><Data name="@id"><value>node/353889608</value></Data><Data name="ele"><value>395</value></Data><Data name="gnis:feature_id"><value>1571816</value></Data><Data name="name"><value>Posey Rapids</value></Data><Data name="waterway"><value>rapids</value></Data></ExtendedData><Point><coordinates>-89.7912423,45.2802446</coordinates></Point></Placemark><Placemark><name>Second Cedar Rapids</name><ExtendedData><Data name="@id"><value>node/353889801</value></Data><Data name="ele"><value>388</value></Data><Data name="gnis:feature_id"><value>1573881</value></Data><Data name="name"><value>Second Cedar Rapids</value></Data><Data name="waterway"><value>rapids</value></Data></ExtendedData><Point><coordinates>-90.8640383,45.6266325</coordinates></Point></Placemark><Placemark><name>Second Porcupine Rapids</name><ExtendedData><Data name="@id"><value>node/353889808</value></Data><Data name="ele"><value>399</value></Data><Data name="gnis:feature_id"><value>1573882</value></Data><Data name="name"><value>Second Porcupine Rapids</value></Data><Data name="waterway"><value>rapids</value></Data></ExtendedData><Point><coordinates>-90.7954305,45.7010746</coordinates></Point></Placemark><Placemark><name>Second Wannigan Rapids</name><ExtendedData><Data name="@id"><value>node/353889813</value></Data><Data name="ele"><value>393</value></Data><Data name="gnis:feature_id"><value>1573883</value></Data><Data name="name"><value>Second Wannigan Rapids</value></Data><Data name="waterway"><value>rapids</value></Data></ExtendedData><Point><coordinates>-90.8120956,45.6682977</coordinates></Point></Placemark><Placemark><name>Scratch Rapids</name><ExtendedData><Data name="@id"><value>node/353889846</value></Data><Data name="ele"><value>393</value></Data><Data name="gnis:feature_id"><value>1573857</value></Data><Data name="name"><value>Scratch Rapids</value></Data><Data name="waterway"><value>rapids</value></Data></ExtendedData><Point><coordinates>-90.7526487,45.6294094</coordinates></Point></Placemark><Placemark><name>Pine Tree Rapids</name><ExtendedData><Data name="@id"><value>node/353890007</value></Data><Data name="ele"><value>459</value></Data><Data name="gnis:feature_id"><value>1571523</value></Data><Data name="name"><value>Pine Tree Rapids</value></Data><Data name="waterway"><value>rapids</value></Data></ExtendedData><Point><coordinates>-90.3656995,46.0027691</coordinates></Point></Placemark><Placemark><name>Third Porcupine Rapids</name><ExtendedData><Data name="@id"><value>node/353890126</value></Data><Data name="ele"><value>396</value></Data><Data name="gnis:feature_id"><value>1575417</value></Data><Data name="name"><value>Third Porcupine Rapids</value></Data><Data name="waterway"><value>rapids</value></Data></ExtendedData><Point><coordinates>-90.8043193,45.6982969</coordinates></Point></Placemark><Placemark><name>Third Cedar Rapids</name><ExtendedData><Data name="@id"><value>node/353890131</value></Data><Data name="ele"><value>384</value></Data><Data name="gnis:feature_id"><value>1575416</value></Data><Data name="name"><value>Third Cedar Rapids</value></Data><Data name="waterway"><value>rapids</value></Data></ExtendedData><Point><coordinates>-90.8809833,45.6338546</coordinates></Point></Placemark><Placemark><name>Third Wannigan Rapids</name><ExtendedData><Data name="@id"><value>node/353890142</value></Data><Data name="ele"><value>393</value></Data><Data name="gnis:feature_id"><value>1575418</value></Data><Data name="name"><value>Third Wannigan Rapids</value></Data><Data name="waterway"><value>rapids</value></Data></ExtendedData><Point><coordinates>-90.8018175,45.6619089</coordinates></Point></Placemark><Placemark><name>Simons Rapids</name><ExtendedData><Data name="@id"><value>node/353890174</value></Data><Data name="ele"><value>433</value></Data><Data name="gnis:feature_id"><value>1574181</value></Data><Data name="name"><value>Simons Rapids</value></Data><Data name="waterway"><value>rapids</value></Data></ExtendedData><Point><coordinates>-90.4547884,45.8283092</coordinates></Point></Placemark><Placemark><name>Spring Rapids</name><ExtendedData><Data name="@id"><value>node/353890182</value></Data><Data name="ele"><value>221</value></Data><Data name="gnis:feature_id"><value>1574693</value></Data><Data name="name"><value>Spring Rapids</value></Data><Data name="waterway"><value>rapids</value></Data></ExtendedData><Point><coordinates>-88.1139943,45.2416405</coordinates></Point></Placemark><Placemark><name>Simmons Rapids</name><ExtendedData><Data name="@id"><value>node/353890202</value></Data><Data name="ele"><value>463</value></Data><Data name="gnis:feature_id"><value>1574176</value></Data><Data name="name"><value>Simmons Rapids</value></Data><Data name="waterway"><value>rapids</value></Data></ExtendedData><Point><coordinates>-90.3370303,46.0326207</coordinates></Point></Placemark><Placemark><name>Stubbs Rapids</name><ExtendedData><Data name="@id"><value>node/353890249</value></Data><Data name="ele"><value>460</value></Data><Data name="gnis:feature_id"><value>1574991</value></Data><Data name="name"><value>Stubbs Rapids</value></Data><Data name="waterway"><value>rapids</value></Data></ExtendedData><Point><coordinates>-90.3567568,46.0214587</coordinates></Point></Placemark><Placemark><name>Tigerton Dells</name><ExtendedData><Data name="@id"><value>node/353890365</value></Data><Data name="ele"><value>290</value></Data><Data name="gnis:feature_id"><value>1575449</value></Data><Data name="name"><value>Tigerton Dells</value></Data><Data name="waterway"><value>rapids</value></Data></ExtendedData><Point><coordinates>-89.0284421,44.7377544</coordinates></Point></Placemark><Placemark><name>Walnut Eddy</name><ExtendedData><Data name="@id"><value>node/353890776</value></Data><Data name="ele"><value>199</value></Data><Data name="gnis:feature_id"><value>1576175</value></Data><Data name="name"><value>Walnut Eddy</value></Data><Data name="waterway"><value>rapids</value></Data></ExtendedData><Point><coordinates>-91.1287958,42.9992615</coordinates></Point></Placemark><Placemark><name>Turtle</name><ExtendedData><Data name="@id"><value>node/353890878</value></Data><Data name="ele"><value>271</value></Data><Data name="gnis:feature_id"><value>1575745</value></Data><Data name="name"><value>Turtle</value></Data><Data name="waterway"><value>rapids</value></Data></ExtendedData><Point><coordinates>-88.6101126,44.9890349</coordinates></Point></Placemark><Placemark><name>White</name><ExtendedData><Data name="@id"><value>node/353891312</value></Data><Data name="ele"><value>271</value></Data><Data name="gnis:feature_id"><value>1576651</value></Data><Data name="name"><value>White</value></Data><Data name="waterway"><value>rapids</value></Data></ExtendedData><Point><coordinates>-88.6107802,44.9806621</coordinates></Point></Placemark><Placemark><name>Whirlpool Rapids</name><ExtendedData><Data name="@id"><value>node/353891335</value></Data><Data name="ele"><value>454</value></Data><Data name="gnis:feature_id"><value>1576611</value></Data><Data name="name"><value>Whirlpool Rapids</value></Data><Data name="waterway"><value>rapids</value></Data></ExtendedData><Point><coordinates>-89.5109649,45.5549571</coordinates></Point></Placemark><Placemark><name>Willow Rapids</name><ExtendedData><Data name="@id"><value>node/353891410</value></Data><Data name="ele"><value>471</value></Data><Data name="gnis:feature_id"><value>1576795</value></Data><Data name="name"><value>Willow Rapids</value></Data><Data name="waterway"><value>rapids</value></Data></ExtendedData><Point><coordinates>-89.9643158,45.700236</coordinates></Point></Placemark><Placemark><name>Little Joe Rapids</name><ExtendedData><Data name="@id"><value>node/353891531</value></Data><Data name="ele"><value>291</value></Data><Data name="gnis:feature_id"><value>1577912</value></Data><Data name="name"><value>Little Joe Rapids</value></Data><Data name="waterway"><value>rapids</value></Data></ExtendedData><Point><coordinates>-91.6016593,46.534847</coordinates></Point></Placemark><Placemark><name>Doodlebug Rapids</name><ExtendedData><Data name="@id"><value>node/353891533</value></Data><Data name="ele"><value>290</value></Data><Data name="gnis:feature_id"><value>1577911</value></Data><Data name="name"><value>Doodlebug Rapids</value></Data><Data name="waterway"><value>rapids</value></Data></ExtendedData><Point><coordinates>-91.590388,46.5411587</coordinates></Point></Placemark><Placemark><name>Co-op Park Rapids</name><ExtendedData><Data name="@id"><value>node/353891535</value></Data><Data name="ele"><value>279</value></Data><Data name="gnis:feature_id"><value>1577907</value></Data><Data name="name"><value>Co-op Park Rapids</value></Data><Data name="waterway"><value>rapids</value></Data></ExtendedData><Point><coordinates>-91.5840768,46.6099397</coordinates></Point></Placemark><Placemark><name>Gunners Rapids</name><ExtendedData><Data name="@id"><value>node/353891547</value></Data><Data name="ele"><value>402</value></Data><Data name="gnis:feature_id"><value>1577385</value></Data><Data name="name"><value>Gunners Rapids</value></Data><Data name="waterway"><value>rapids</value></Data></ExtendedData><Point><coordinates>-90.7573708,45.6266318</coordinates></Point></Placemark><Placemark><name>Long Nebagamon Rapids</name><ExtendedData><Data name="@id"><value>node/353891620</value></Data><Data name="ele"><value>295</value></Data><Data name="gnis:feature_id"><value>1577913</value></Data><Data name="name"><value>Long Nebagamon Rapids</value></Data><Data name="waterway"><value>rapids</value></Data></ExtendedData><Point><coordinates>-91.6042696,46.5315678</coordinates></Point></Placemark><Placemark><name>Highway Thirteen Rapids</name><ExtendedData><Data name="@id"><value>node/353891710</value></Data><Data name="ele"><value>220</value></Data><Data name="gnis:feature_id"><value>1578193</value></Data><Data name="name"><value>Highway Thirteen Rapids</value></Data><Data name="waterway"><value>rapids</value></Data></ExtendedData><Point><coordinates>-91.5949088,46.6738272</coordinates></Point></Placemark><Placemark><name>May Ledges</name><ExtendedData><Data name="@id"><value>node/353891714</value></Data><Data name="ele"><value>242</value></Data><Data name="gnis:feature_id"><value>1578194</value></Data><Data name="name"><value>May Ledges</value></Data><Data name="waterway"><value>rapids</value></Data></ExtendedData><Point><coordinates>-91.5968737,46.6380071</coordinates></Point></Placemark><Placemark><name>Lenroot Ledges</name><ExtendedData><Data name="@id"><value>node/353891716</value></Data><Data name="ele"><value>253</value></Data><Data name="gnis:feature_id"><value>1578195</value></Data><Data name="name"><value>Lenroot Ledges</value></Data><Data name="waterway"><value>rapids</value></Data></ExtendedData><Point><coordinates>-91.5974096,46.6307725</coordinates></Point></Placemark><Placemark><name>Weir Riffles</name><ExtendedData><Data name="@id"><value>node/353891719</value></Data><Data name="ele"><value>186</value></Data><Data name="gnis:feature_id"><value>1578188</value></Data><Data name="name"><value>Weir Riffles</value></Data><Data name="waterway"><value>rapids</value></Data></ExtendedData><Point><coordinates>-91.603241,46.7360482</coordinates></Point></Placemark><Placemark><name>Williamson Rapids</name><ExtendedData><Data name="@id"><value>node/353891745</value></Data><Data name="ele"><value>300</value></Data><Data name="gnis:feature_id"><value>1578085</value></Data><Data name="name"><value>Williamson Rapids</value></Data><Data name="waterway"><value>rapids</value></Data></ExtendedData><Point><coordinates>-91.6053797,46.5211677</coordinates></Point></Placemark><Placemark><name>Long Riffles</name><ExtendedData><Data name="@id"><value>node/353891790</value></Data><Data name="ele"><value>195</value></Data><Data name="gnis:feature_id"><value>1578189</value></Data><Data name="name"><value>Long Riffles</value></Data><Data name="waterway"><value>rapids</value></Data></ExtendedData><Point><coordinates>-91.5990745,46.7238262</coordinates></Point></Placemark><Placemark><name>Hall Rapids</name><ExtendedData><Data name="@id"><value>node/353891798</value></Data><Data name="ele"><value>301</value></Data><Data name="gnis:feature_id"><value>1578173</value></Data><Data name="name"><value>Hall Rapids</value></Data><Data name="waterway"><value>rapids</value></Data></ExtendedData><Point><coordinates>-91.608054,46.5242811</coordinates></Point></Placemark><Placemark><name>Station Rapids</name><ExtendedData><Data name="@id"><value>node/353891805</value></Data><Data name="ele"><value>301</value></Data><Data name="gnis:feature_id"><value>1578171</value></Data><Data name="name"><value>Station Rapids</value></Data><Data name="waterway"><value>rapids</value></Data></ExtendedData><Point><coordinates>-91.6018564,46.5132749</coordinates></Point></Placemark><Placemark><name>Little Cedar Rapids</name><ExtendedData><Data name="@id"><value>node/353891846</value></Data><Data name="ele"><value>460</value></Data><Data name="gnis:feature_id"><value>1579670</value></Data><Data name="name"><value>Little Cedar Rapids</value></Data><Data name="waterway"><value>rapids</value></Data></ExtendedData><Point><coordinates>-90.2341572,45.9116586</coordinates></Point></Placemark><Placemark><name>Chipmunk Rapids</name><ExtendedData><Data name="@id"><value>node/353891907</value></Data><Data name="ele"><value>280</value></Data><Data name="gnis:feature_id"><value>1578992</value></Data><Data name="name"><value>Chipmunk Rapids</value></Data><Data name="waterway"><value>rapids</value></Data></ExtendedData><Point><coordinates>-88.5601053,45.081646</coordinates></Point></Placemark><Placemark><name>Loon Rapids</name><ExtendedData><Data name="@id"><value>node/353892133</value></Data><Data name="ele"><value>322</value></Data><Data name="gnis:feature_id"><value>1579756</value></Data><Data name="name"><value>Loon Rapids</value></Data><Data name="waterway"><value>rapids</value></Data></ExtendedData><Point><coordinates>-88.481971,45.2219265</coordinates></Point></Placemark><Placemark><name>Fourth Rapids</name><ExtendedData><Data name="@id"><value>node/353892138</value></Data><Data name="ele"><value>455</value></Data><Data name="gnis:feature_id"><value>1580914</value></Data><Data name="name"><value>Fourth Rapids</value></Data><Data name="waterway"><value>rapids</value></Data></ExtendedData><Point><coordinates>-90.3711887,45.9877962</coordinates></Point></Placemark><Placemark><name>Forest Rapids</name><ExtendedData><Data name="@id"><value>node/353892140</value></Data><Data name="ele"><value>447</value></Data><Data name="gnis:feature_id"><value>1580915</value></Data><Data name="name"><value>Forest Rapids</value></Data><Data name="waterway"><value>rapids</value></Data></ExtendedData><Point><coordinates>-90.360585,45.9191876</coordinates></Point></Placemark><Placemark><name>The Ledge Rapids</name><ExtendedData><Data name="@id"><value>node/353892142</value></Data><Data name="ele"><value>458</value></Data><Data name="gnis:feature_id"><value>1580912</value></Data><Data name="name"><value>The Ledge Rapids</value></Data><Data name="waterway"><value>rapids</value></Data></ExtendedData><Point><coordinates>-90.365404,45.9995365</coordinates></Point></Placemark><Placemark><name>Fifth Rapids</name><ExtendedData><Data name="@id"><value>node/353892144</value></Data><Data name="ele"><value>455</value></Data><Data name="gnis:feature_id"><value>1580913</value></Data><Data name="name"><value>Fifth Rapids</value></Data><Data name="waterway"><value>rapids</value></Data></ExtendedData><Point><coordinates>-90.3720703,45.9895831</coordinates></Point></Placemark><Placemark><name>Sherry Rapids</name><ExtendedData><Data name="@id"><value>node/353892172</value></Data><Data name="ele"><value>390</value></Data><Data name="gnis:feature_id"><value>1580396</value></Data><Data name="name"><value>Sherry Rapids</value></Data><Data name="waterway"><value>rapids</value></Data></ExtendedData><Point><coordinates>-88.7630705,45.2019575</coordinates></Point></Placemark><Placemark><name>Smith Rapids</name><ExtendedData><Data name="@id"><value>node/353892177</value></Data><Data name="ele"><value>467</value></Data><Data name="gnis:feature_id"><value>1580436</value></Data><Data name="name"><value>Smith Rapids</value></Data><Data name="waterway"><value>rapids</value></Data></ExtendedData><Point><coordinates>-90.1727152,45.9107914</coordinates></Point></Placemark><Placemark><name>Sixth Rapids</name><ExtendedData><Data name="@id"><value>node/353892182</value></Data><Data name="ele"><value>456</value></Data><Data name="gnis:feature_id"><value>1580426</value></Data><Data name="name"><value>Sixth Rapids</value></Data><Data name="waterway"><value>rapids</value></Data></ExtendedData><Point><coordinates>-90.370123,45.9912792</coordinates></Point></Placemark><Placemark><name>Third Rapids</name><ExtendedData><Data name="@id"><value>node/353892199</value></Data><Data name="ele"><value>454</value></Data><Data name="gnis:feature_id"><value>1580601</value></Data><Data name="name"><value>Third Rapids</value></Data><Data name="waterway"><value>rapids</value></Data></ExtendedData><Point><coordinates>-90.3747591,45.986597</coordinates></Point></Placemark><Placemark><name>Wilson Rapids</name><ExtendedData><Data name="@id"><value>node/353892313</value></Data><Data name="ele"><value>355</value></Data><Data name="gnis:feature_id"><value>1576826</value></Data><Data name="name"><value>Wilson Rapids</value></Data><Data name="waterway"><value>rapids</value></Data></ExtendedData><Point><coordinates>-88.3367785,45.4441311</coordinates></Point></Placemark><Placemark><name>Cedar Rapids</name><ExtendedData><Data name="@id"><value>node/353893056</value></Data><Data name="ele"><value>462</value></Data><Data name="gnis:feature_id"><value>1578973</value></Data><Data name="name"><value>Cedar Rapids</value></Data><Data name="waterway"><value>rapids</value></Data></ExtendedData><Point><coordinates>-90.2235126,45.9116858</coordinates></Point></Placemark><Placemark><name>Bagley Rapids</name><ExtendedData><Data name="@id"><value>node/353893058</value></Data><Data name="ele"><value>273</value></Data><Data name="gnis:feature_id"><value>1578681</value></Data><Data name="name"><value>Bagley Rapids</value></Data><Data name="waterway"><value>rapids</value></Data></ExtendedData><Point><coordinates>-88.4692808,45.1560646</coordinates></Point></Placemark><Placemark><name>Rock Carry Rapids</name><ExtendedData><Data name="@id"><value>node/353905614</value></Data><Data name="ele"><value>431</value></Data><Data name="gnis:feature_id"><value>1833549</value></Data><Data name="name"><value>Rock Carry Rapids</value></Data><Data name="waterway"><value>rapids</value></Data></ExtendedData><Point><coordinates>-90.4978144,45.78504</coordinates></Point></Placemark><Placemark><name>Rock Ledge Rapids</name><ExtendedData><Data name="@id"><value>node/353905621</value></Data><Data name="ele"><value>432</value></Data><Data name="gnis:feature_id"><value>1833550</value></Data><Data name="name"><value>Rock Ledge Rapids</value></Data><Data name="waterway"><value>rapids</value></Data></ExtendedData><Point><coordinates>-90.4751592,45.7898512</coordinates></Point></Placemark><Placemark><name>Flannigan Rapids</name><ExtendedData><Data name="@id"><value>node/353931607</value></Data><Data name="ele"><value>324</value></Data><Data name="gnis:feature_id"><value>626139</value></Data><Data name="name"><value>Flannigan Rapids</value></Data><Data name="waterway"><value>rapids</value></Data></ExtendedData><Point><coordinates>-89.3054226,46.6179993</coordinates></Point></Placemark><Placemark><name>Hemlock Rapids</name><ExtendedData><Data name="@id"><value>node/353938639</value></Data><Data name="ele"><value>426</value></Data><Data name="gnis:feature_id"><value>628091</value></Data><Data name="name"><value>Hemlock Rapids</value></Data><Data name="waterway"><value>rapids</value></Data></ExtendedData><Point><coordinates>-88.510136,46.2063393</coordinates></Point></Placemark><Placemark><name>Horserace Rapids</name><ExtendedData><Data name="@id"><value>node/353940621</value></Data><Data name="ele"><value>372</value></Data><Data name="gnis:feature_id"><value>628601</value></Data><Data name="name"><value>Horserace Rapids</value></Data><Data name="waterway"><value>rapids</value></Data></ExtendedData><Point><coordinates>-88.2662455,45.9905086</coordinates></Point></Placemark><Placemark><name>Little Bull Rapids</name><ExtendedData><Data name="@id"><value>node/353947972</value></Data><Data name="ele"><value>390</value></Data><Data name="gnis:feature_id"><value>630583</value></Data><Data name="name"><value>Little Bull Rapids</value></Data><Data name="waterway"><value>rapids</value></Data></ExtendedData><Point><coordinates>-88.2579127,46.0202299</coordinates></Point></Placemark><Placemark><name>Lower Hemlock Rapids</name><ExtendedData><Data name="@id"><value>node/353948727</value></Data><Data name="ele"><value>421</value></Data><Data name="gnis:feature_id"><value>631169</value></Data><Data name="name"><value>Lower Hemlock Rapids</value></Data><Data name="waterway"><value>rapids</value></Data></ExtendedData><Point><coordinates>-88.5137469,46.199395</coordinates></Point></Placemark><Placemark><name>Snake Rapids</name><ExtendedData><Data name="@id"><value>node/353974529</value></Data><Data name="ele"><value>436</value></Data><Data name="gnis:feature_id"><value>638191</value></Data><Data name="name"><value>Snake Rapids</value></Data><Data name="waterway"><value>rapids</value></Data></ExtendedData><Point><coordinates>-88.5884692,46.2657823</coordinates></Point></Placemark><Placemark><name>Stone Rapids</name><ExtendedData><Data name="@id"><value>node/353977815</value></Data><Data name="ele"><value>189</value></Data><Data name="gnis:feature_id"><value>638872</value></Data><Data name="name"><value>Stone Rapids</value></Data><Data name="waterway"><value>rapids</value></Data></ExtendedData><Point><coordinates>-85.9040044,45.9844255</coordinates></Point></Placemark><Placemark><name>Sparrow Rapids</name><ExtendedData><Data name="@id"><value>node/353997485</value></Data><Data name="ele"><value>335</value></Data><Data name="gnis:feature_id"><value>1621717</value></Data><Data name="name"><value>Sparrow Rapids</value></Data><Data name="waterway"><value>rapids</value></Data></ExtendedData><Point><coordinates>-88.9493066,46.5049433</coordinates></Point></Placemark><Placemark><name>Tenmile Rapids</name><ExtendedData><Data name="@id"><value>node/353997495</value></Data><Data name="ele"><value>189</value></Data><Data name="gnis:feature_id"><value>1621883</value></Data><Data name="name"><value>Tenmile Rapids</value></Data><Data name="waterway"><value>rapids</value></Data></ExtendedData><Point><coordinates>-86.7051443,45.9488566</coordinates></Point></Placemark><Placemark><name>Rock Rapids</name><ExtendedData><Data name="@id"><value>node/353997556</value></Data><Data name="ele"><value>228</value></Data><Data name="gnis:feature_id"><value>1621415</value></Data><Data name="name"><value>Rock Rapids</value></Data><Data name="waterway"><value>rapids</value></Data></ExtendedData><Point><coordinates>-84.9858993,46.0927897</coordinates></Point></Placemark><Placemark><name>Eighteen Mile Rapids</name><ExtendedData><Data name="@id"><value>node/353998731</value></Data><Data name="ele"><value>346</value></Data><Data name="gnis:feature_id"><value>1622521</value></Data><Data name="name"><value>Eighteen Mile Rapids</value></Data><Data name="waterway"><value>rapids</value></Data></ExtendedData><Point><coordinates>-89.3198676,46.4602233</coordinates></Point></Placemark><Placemark><name>Eighteen Mile Rapids</name><ExtendedData><Data name="@id"><value>node/353998787</value></Data><Data name="ele"><value>344</value></Data><Data name="gnis:feature_id"><value>1622522</value></Data><Data name="name"><value>Eighteen Mile Rapids</value></Data><Data name="waterway"><value>rapids</value></Data></ExtendedData><Point><coordinates>-89.294589,46.455501</coordinates></Point></Placemark><Placemark><name>Three Rapids</name><ExtendedData><Data name="@id"><value>node/353999465</value></Data><Data name="ele"><value>234</value></Data><Data name="gnis:feature_id"><value>1622597</value></Data><Data name="name"><value>Three Rapids</value></Data><Data name="waterway"><value>rapids</value></Data></ExtendedData><Point><coordinates>-89.1145852,46.6246637</coordinates></Point></Placemark><Placemark><name>Horserace Rapids</name><ExtendedData><Data name="@id"><value>node/354007444</value></Data><Data name="ele"><value>314</value></Data><Data name="gnis:feature_id"><value>1845573</value></Data><Data name="name"><value>Horserace Rapids</value></Data><Data name="waterway"><value>rapids</value></Data></ExtendedData><Point><coordinates>-88.0542546,45.7807949</coordinates></Point></Placemark><Placemark><name>Crockett Rapids</name><ExtendedData><Data name="@id"><value>node/354008506</value></Data><Data name="ele"><value>233</value></Data><Data name="gnis:feature_id"><value>2100190</value></Data><Data name="name"><value>Crockett Rapids</value></Data><Data name="waterway"><value>rapids</value></Data></ExtendedData><Point><coordinates>-84.2669444,45.2633333</coordinates></Point></Placemark><Placemark><name>Grand Chain Rapids</name><ExtendedData><Data name="@id"><value>node/354107093</value></Data><Data name="ele"><value>103</value></Data><Data name="gnis:feature_id"><value>409253</value></Data><Data name="name"><value>Grand Chain Rapids</value></Data><Data name="waterway"><value>rapids</value></Data></ExtendedData><Point><coordinates>-88.0122534,38.0261569</coordinates></Point></Placemark><Placemark><name>Grand Rapids</name><ExtendedData><Data name="@id"><value>node/354165317</value></Data><Data name="ele"><value>113</value></Data><Data name="gnis:feature_id"><value>435298</value></Data><Data name="name"><value>Grand Rapids</value></Data><Data name="waterway"><value>rapids</value></Data></ExtendedData><Point><coordinates>-87.7411392,38.4353247</coordinates></Point></Placemark><Placemark><name>Grand Chain Rapids</name><ExtendedData><Data name="@id"><value>node/354165334</value></Data><Data name="ele"><value>103</value></Data><Data name="gnis:feature_id"><value>435297</value></Data><Data name="name"><value>Grand Chain Rapids</value></Data><Data name="waterway"><value>rapids</value></Data></ExtendedData><Point><coordinates>-88.0125312,38.0258791</coordinates></Point></Placemark><Placemark><name>Second Rapids</name><ExtendedData><Data name="@id"><value>node/354527434</value></Data><Data name="ele"><value>452</value></Data><Data name="gnis:feature_id"><value>1837852</value></Data><Data name="name"><value>Second Rapids</value></Data><Data name="waterway"><value>rapids</value></Data></ExtendedData><Point><coordinates>-90.376803,45.9861804</coordinates></Point></Placemark><Placemark><name>Wildcat Rapids</name><ExtendedData><Data name="@id"><value>node/354530100</value></Data><Data name="ele"><value>305</value></Data><Data name="gnis:feature_id"><value>1846603</value></Data><Data name="name"><value>Wildcat Rapids</value></Data><Data name="waterway"><value>rapids</value></Data></ExtendedData><Point><coordinates>-91.5974122,46.4866087</coordinates></Point></Placemark><Placemark><name>Mays Rips Rapids</name><ExtendedData><Data name="@id"><value>node/354530244</value></Data><Data name="ele"><value>308</value></Data><Data name="gnis:feature_id"><value>1846557</value></Data><Data name="name"><value>Mays Rips Rapids</value></Data><Data name="waterway"><value>rapids</value></Data></ExtendedData><Point><coordinates>-91.6213009,46.4588309</coordinates></Point></Placemark><Placemark><name>Little Twin Rapids</name><ExtendedData><Data name="@id"><value>node/354531164</value></Data><Data name="ele"><value>306</value></Data><Data name="gnis:feature_id"><value>1846554</value></Data><Data name="name"><value>Little Twin Rapids</value></Data><Data name="waterway"><value>rapids</value></Data></ExtendedData><Point><coordinates>-91.6040788,46.4732754</coordinates></Point></Placemark><Placemark><name>Big Twin Rapids</name><ExtendedData><Data name="@id"><value>node/354531193</value></Data><Data name="ele"><value>307</value></Data><Data name="gnis:feature_id"><value>1846498</value></Data><Data name="name"><value>Big Twin Rapids</value></Data><Data name="waterway"><value>rapids</value></Data></ExtendedData><Point><coordinates>-91.6074121,46.4699421</coordinates></Point></Placemark><Placemark><name>The Falls Rapids</name><ExtendedData><Data name="@id"><value>node/354531211</value></Data><Data name="ele"><value>307</value></Data><Data name="gnis:feature_id"><value>1846525</value></Data><Data name="name"><value>The Falls Rapids</value></Data><Data name="waterway"><value>rapids</value></Data></ExtendedData><Point><coordinates>-91.6079677,46.4691088</coordinates></Point></Placemark><Placemark><ExtendedData><Data name="@id"><value>node/355077974</value></Data><Data name="waterway"><value>rapids</value></Data></ExtendedData><Point><coordinates>-119.8161422,39.5246134</coordinates></Point></Placemark><Placemark><ExtendedData><Data name="@id"><value>node/355101465</value></Data><Data name="waterway"><value>rapids</value></Data></ExtendedData><Point><coordinates>-119.8180169,39.5242709</coordinates></Point></Placemark><Placemark><name>Mile 2</name><ExtendedData><Data name="@id"><value>node/356089390</value></Data><Data name="name"><value>Mile 2</value></Data><Data name="waterway"><value>rapids</value></Data></ExtendedData><Point><coordinates>-121.8872562,47.6425537</coordinates></Point></Placemark><Placemark><name>Gibbon River Rapids</name><ExtendedData><Data name="@id"><value>node/356501390</value></Data><Data name="ele"><value>2262</value></Data><Data name="gnis:feature_id"><value>1588886</value></Data><Data name="name"><value>Gibbon River Rapids</value></Data><Data name="waterway"><value>rapids</value></Data></ExtendedData><Point><coordinates>-110.7368734,44.7119618</coordinates></Point></Placemark><Placemark><name>LeHardys Rapids</name><ExtendedData><Data name="@id"><value>node/356502271</value></Data><Data name="ele"><value>2366</value></Data><Data name="gnis:feature_id"><value>1590604</value></Data><Data name="name"><value>LeHardys Rapids</value></Data><Data name="tourism"><value>attraction</value></Data><Data name="waterway"><value>rapids</value></Data><Data name="wikidata"><value>Q49931919</value></Data></ExtendedData><Point><coordinates>-110.3838006,44.6070319</coordinates></Point></Placemark><Placemark><name>Park Rapids</name><ExtendedData><Data name="@id"><value>node/356506565</value></Data><Data name="ele"><value>2666</value></Data><Data name="gnis:feature_id"><value>1602027</value></Data><Data name="name"><value>Park Rapids</value></Data><Data name="waterway"><value>rapids</value></Data></ExtendedData><Point><coordinates>-109.6593378,44.9999437</coordinates></Point></Placemark><Placemark><name>The Staircase</name><ExtendedData><Data name="@id"><value>node/356535656</value></Data><Data name="ele"><value>81</value></Data><Data name="gnis:feature_id"><value>1727798</value></Data><Data name="name"><value>The Staircase</value></Data><Data name="waterway"><value>rapids</value></Data></ExtendedData><Point><coordinates>-77.7427708,39.3195453</coordinates></Point></Placemark><Placemark><name>Lower Railroad Rapids</name><ExtendedData><Data name="@id"><value>node/356538420</value></Data><Data name="ele"><value>289</value></Data><Data name="gnis:feature_id"><value>1877619</value></Data><Data name="name"><value>Lower Railroad Rapids</value></Data><Data name="waterway"><value>rapids</value></Data></ExtendedData><Point><coordinates>-81.0256542,38.0151123</coordinates></Point></Placemark><Placemark><name>Upper Railroad Rapids</name><ExtendedData><Data name="@id"><value>node/356538421</value></Data><Data name="ele"><value>290</value></Data><Data name="gnis:feature_id"><value>1877620</value></Data><Data name="name"><value>Upper Railroad Rapids</value></Data><Data name="waterway"><value>rapids</value></Data></ExtendedData><Point><coordinates>-81.0259319,38.0112235</coordinates></Point></Placemark><Placemark><name>Koontz Flume Rapids</name><ExtendedData><Data name="@id"><value>node/356538422</value></Data><Data name="ele"><value>282</value></Data><Data name="gnis:feature_id"><value>1877622</value></Data><Data name="name"><value>Koontz Flume Rapids</value></Data><Data name="waterway"><value>rapids</value></Data></ExtendedData><Point><coordinates>-81.0300347,38.238357</coordinates></Point></Placemark><Placemark><name>Lower Mash Rapids</name><ExtendedData><Data name="@id"><value>node/356538423</value></Data><Data name="ele"><value>257</value></Data><Data name="gnis:feature_id"><value>1877623</value></Data><Data name="name"><value>Lower Mash Rapids</value></Data><Data name="waterway"><value>rapids</value></Data></ExtendedData><Point><coordinates>-81.0567698,38.2187189</coordinates></Point></Placemark><Placemark><name>Upper Mash Rapids</name><ExtendedData><Data name="@id"><value>node/356538424</value></Data><Data name="ele"><value>262</value></Data><Data name="gnis:feature_id"><value>1877624</value></Data><Data name="name"><value>Upper Mash Rapids</value></Data><Data name="waterway"><value>rapids</value></Data></ExtendedData><Point><coordinates>-81.0589922,38.21983</coordinates></Point></Placemark><Placemark><name>Heaven Help You Rapids</name><ExtendedData><Data name="@id"><value>node/356538425</value></Data><Data name="ele"><value>241</value></Data><Data name="gnis:feature_id"><value>1877625</value></Data><Data name="name"><value>Heaven Help You Rapids</value></Data><Data name="waterway"><value>rapids</value></Data></ExtendedData><Point><coordinates>-81.0717702,38.2078857</coordinates></Point></Placemark><Placemark><name>Pure Screaming Hell Rapids</name><ExtendedData><Data name="@id"><value>node/356538426</value></Data><Data name="ele"><value>224</value></Data><Data name="gnis:feature_id"><value>1877626</value></Data><Data name="name"><value>Pure Screaming Hell Rapids</value></Data><Data name="waterway"><value>rapids</value></Data></ExtendedData><Point><coordinates>-81.0834372,38.2014968</coordinates></Point></Placemark><Placemark><name>Pillow Rock Rapids</name><ExtendedData><Data name="@id"><value>node/356538427</value></Data><Data name="ele"><value>375</value></Data><Data name="gnis:feature_id"><value>1877627</value></Data><Data name="name"><value>Pillow Rock Rapids</value></Data><Data name="waterway"><value>rapids</value></Data></ExtendedData><Point><coordinates>-80.9345957,38.2057877</coordinates></Point></Placemark><Placemark><name>Lost Paddle Rapids</name><ExtendedData><Data name="@id"><value>node/356538428</value></Data><Data name="ele"><value>357</value></Data><Data name="gnis:feature_id"><value>1877628</value></Data><Data name="name"><value>Lost Paddle Rapids</value></Data><Data name="waterway"><value>rapids</value></Data></ExtendedData><Point><coordinates>-80.9470437,38.1964986</coordinates></Point></Placemark><Placemark><name>Iron Ring Rapids</name><ExtendedData><Data name="@id"><value>node/356538429</value></Data><Data name="ele"><value>346</value></Data><Data name="gnis:feature_id"><value>1877629</value></Data><Data name="name"><value>Iron Ring Rapids</value></Data><Data name="note"><value>Corrected location</value></Data><Data name="waterway"><value>rapids</value></Data></ExtendedData><Point><coordinates>-80.9659526,38.2019561</coordinates></Point></Placemark><Placemark><name>Sweet Falls Rapids</name><ExtendedData><Data name="@id"><value>node/356538430</value></Data><Data name="ele"><value>332</value></Data><Data name="gnis:feature_id"><value>1877630</value></Data><Data name="name"><value>Sweet Falls Rapids</value></Data><Data name="waterway"><value>rapids</value></Data></ExtendedData><Point><coordinates>-80.9712318,38.2163165</coordinates></Point></Placemark><Placemark><name>Insignificant Rapids</name><ExtendedData><Data name="@id"><value>node/356538431</value></Data><Data name="ele"><value>394</value></Data><Data name="gnis:feature_id"><value>1877631</value></Data><Data name="name"><value>Insignificant Rapids</value></Data><Data name="note"><value>Insignificant is definitely just downstream of the sharp turn to the north</value></Data><Data name="waterway"><value>rapids</value></Data></ExtendedData><Point><coordinates>-80.9190152,38.2043893</coordinates></Point></Placemark><Placemark><name>Grassy Shoals Rapids</name><ExtendedData><Data name="@id"><value>node/356538432</value></Data><Data name="ele"><value>365</value></Data><Data name="gnis:feature_id"><value>1877632</value></Data><Data name="name"><value>Grassy Shoals Rapids</value></Data><Data name="waterway"><value>rapids</value></Data></ExtendedData><Point><coordinates>-81.0281511,37.8295602</coordinates></Point></Placemark><Placemark><name>Silo Rapids</name><ExtendedData><Data name="@id"><value>node/356538433</value></Data><Data name="ele"><value>326</value></Data><Data name="gnis:feature_id"><value>1877633</value></Data><Data name="name"><value>Silo Rapids</value></Data><Data name="waterway"><value>rapids</value></Data></ExtendedData><Point><coordinates>-81.031486,37.9131698</coordinates></Point></Placemark><Placemark><name>Quinnimont Rapids</name><ExtendedData><Data name="@id"><value>node/356538435</value></Data><Data name="ele"><value>357</value></Data><Data name="gnis:feature_id"><value>1877634</value></Data><Data name="name"><value>Quinnimont Rapids</value></Data><Data name="waterway"><value>rapids</value></Data></ExtendedData><Point><coordinates>-81.053153,37.8474978</coordinates></Point></Placemark><Placemark><name>Surprise Rapids</name><ExtendedData><Data name="@id"><value>node/356538436</value></Data><Data name="ele"><value>302</value></Data><Data name="gnis:feature_id"><value>1877635</value></Data><Data name="name"><value>Surprise Rapids</value></Data><Data name="waterway"><value>rapids</value></Data></ExtendedData><Point><coordinates>-81.0223199,37.9645577</coordinates></Point></Placemark><Placemark><name>Keeneys Rapids</name><ExtendedData><Data name="@id"><value>node/356538438</value></Data><Data name="ele"><value>282</value></Data><Data name="gnis:feature_id"><value>1877636</value></Data><Data name="name"><value>Keeneys Rapids</value></Data><Data name="waterway"><value>rapids</value></Data></ExtendedData><Point><coordinates>-81.0312103,38.0362229</coordinates></Point></Placemark><Placemark><name>Dudleys Dip Rapids</name><ExtendedData><Data name="@id"><value>node/356538439</value></Data><Data name="ele"><value>273</value></Data><Data name="gnis:feature_id"><value>1877637</value></Data><Data name="name"><value>Dudleys Dip Rapids</value></Data><Data name="waterway"><value>rapids</value></Data><Data name="wikidata"><value>Q56544167</value></Data></ExtendedData><Point><coordinates>-81.0339884,38.0459449</coordinates></Point></Placemark><Placemark><name>Double Z Rapids</name><ExtendedData><Data name="@id"><value>node/356538440</value></Data><Data name="ele"><value>271</value></Data><Data name="gnis:feature_id"><value>1877638</value></Data><Data name="name"><value>Double Z Rapids</value></Data><Data name="waterway"><value>rapids</value></Data><Data name="wikidata"><value>Q56541524</value></Data></ExtendedData><Point><coordinates>-81.0428594,38.0496502</coordinates></Point></Placemark><Placemark><name>Greyhound Rapids</name><ExtendedData><Data name="@id"><value>node/356538442</value></Data><Data name="ele"><value>267</value></Data><Data name="gnis:feature_id"><value>1877639</value></Data><Data name="name"><value>Greyhound Rapids</value></Data><Data name="waterway"><value>rapids</value></Data></ExtendedData><Point><coordinates>-81.0512113,38.0515002</coordinates></Point></Placemark><Placemark><name>Millers Folly Rapids</name><ExtendedData><Data name="@id"><value>node/356538443</value></Data><Data name="ele"><value>261</value></Data><Data name="gnis:feature_id"><value>1877640</value></Data><Data name="name"><value>Millers Folly Rapids</value></Data><Data name="waterway"><value>rapids</value></Data></ExtendedData><Point><coordinates>-81.068712,38.0542777</coordinates></Point></Placemark><Placemark><name>Buffalo Rapids</name><ExtendedData><Data name="@id"><value>node/356539589</value></Data><Data name="ele"><value>239</value></Data><Data name="gnis:feature_id"><value>371761</value></Data><Data name="name"><value>Buffalo Rapids</value></Data><Data name="waterway"><value>rapids</value></Data></ExtendedData><Point><coordinates>-116.940705,46.1834911</coordinates></Point></Placemark><Placemark><name>Captain John Rapids</name><ExtendedData><Data name="@id"><value>node/356539590</value></Data><Data name="ele"><value>242</value></Data><Data name="gnis:feature_id"><value>371890</value></Data><Data name="name"><value>Captain John Rapids</value></Data><Data name="waterway"><value>rapids</value></Data></ExtendedData><Point><coordinates>-116.9348761,46.1412948</coordinates></Point></Placemark><Placemark><name>Captain Lewis Rapids</name><ExtendedData><Data name="@id"><value>node/356539591</value></Data><Data name="ele"><value>246</value></Data><Data name="gnis:feature_id"><value>371891</value></Data><Data name="name"><value>Captain Lewis Rapids</value></Data><Data name="waterway"><value>rapids</value></Data></ExtendedData><Point><coordinates>-116.965117,46.0984736</coordinates></Point></Placemark><Placemark><name>Deer Head Rapids</name><ExtendedData><Data name="@id"><value>node/356539594</value></Data><Data name="ele"><value>255</value></Data><Data name="gnis:feature_id"><value>374112</value></Data><Data name="name"><value>Deer Head Rapids</value></Data><Data name="waterway"><value>rapids</value></Data></ExtendedData><Point><coordinates>-116.9373837,46.043949</coordinates></Point></Placemark><Placemark><name>Tenmile Rapids</name><ExtendedData><Data name="@id"><value>node/356539601</value></Data><Data name="ele"><value>230</value></Data><Data name="gnis:feature_id"><value>400129</value></Data><Data name="name"><value>Tenmile Rapids</value></Data><Data name="waterway"><value>rapids</value></Data></ExtendedData><Point><coordinates>-117.0082089,46.3071044</coordinates></Point></Placemark><Placemark><name>Bowl and Pitcher</name><ExtendedData><Data name="@id"><value>node/356539743</value></Data><Data name="ele"><value>494</value></Data><Data name="gnis:feature_id"><value>1503502</value></Data><Data name="name"><value>Bowl and Pitcher</value></Data><Data name="tourism"><value>attraction</value></Data><Data name="waterway"><value>rapids</value></Data></ExtendedData><Point><coordinates>-117.4974406,47.6973898</coordinates></Point></Placemark><Placemark><name>Coyote Rapids</name><ExtendedData><Data name="@id"><value>node/356539901</value></Data><Data name="ele"><value>122</value></Data><Data name="gnis:feature_id"><value>1504228</value></Data><Data name="name"><value>Coyote Rapids</value></Data><Data name="waterway"><value>rapids</value></Data></ExtendedData><Point><coordinates>-119.6189203,46.6493018</coordinates></Point></Placemark><Placemark><name>Eagle Rapids</name><ExtendedData><Data name="@id"><value>node/356539986</value></Data><Data name="ele"><value>290</value></Data><Data name="gnis:feature_id"><value>1504620</value></Data><Data name="name"><value>Eagle Rapids</value></Data><Data name="waterway"><value>rapids</value></Data></ExtendedData><Point><coordinates>-119.4905994,48.0801478</coordinates></Point></Placemark><Placemark><name>Granite Rapids</name><ExtendedData><Data name="@id"><value>node/356540177</value></Data><Data name="ele"><value>290</value></Data><Data name="gnis:feature_id"><value>1505225</value></Data><Data name="name"><value>Granite Rapids</value></Data><Data name="waterway"><value>rapids</value></Data></ExtendedData><Point><coordinates>-119.2619787,48.1029286</coordinates></Point></Placemark><Placemark><name>Horn Rapids</name><ExtendedData><Data name="@id"><value>node/356540291</value></Data><Data name="ele"><value>123</value></Data><Data name="gnis:feature_id"><value>1505605</value></Data><Data name="name"><value>Horn Rapids</value></Data><Data name="waterway"><value>rapids</value></Data></ExtendedData><Point><coordinates>-119.4100222,46.3740239</coordinates></Point></Placemark><Placemark><name>Long Rapids</name><ExtendedData><Data name="@id"><value>node/356540500</value></Data><Data name="ele"><value>290</value></Data><Data name="gnis:feature_id"><value>1506295</value></Data><Data name="name"><value>Long Rapids</value></Data><Data name="waterway"><value>rapids</value></Data></ExtendedData><Point><coordinates>-119.4444863,48.0784816</coordinates></Point></Placemark><Placemark><name>Mah-kin Rapids</name><ExtendedData><Data name="@id"><value>node/356540538</value></Data><Data name="ele"><value>290</value></Data><Data name="gnis:feature_id"><value>1506428</value></Data><Data name="name"><value>Mah-kin Rapids</value></Data><Data name="waterway"><value>rapids</value></Data></ExtendedData><Point><coordinates>-119.2169773,48.1162628</coordinates></Point></Placemark><Placemark><name>Monaghan Rapids</name><ExtendedData><Data name="@id"><value>node/356540624</value></Data><Data name="ele"><value>293</value></Data><Data name="gnis:feature_id"><value>1506753</value></Data><Data name="name"><value>Monaghan Rapids</value></Data><Data name="waterway"><value>rapids</value></Data></ExtendedData><Point><coordinates>-119.0153026,48.0665427</coordinates></Point></Placemark><Placemark><name>Parson Rapids</name><ExtendedData><Data name="@id"><value>node/356540814</value></Data><Data name="ele"><value>290</value></Data><Data name="gnis:feature_id"><value>1507313</value></Data><Data name="name"><value>Parson Rapids</value></Data><Data name="waterway"><value>rapids</value></Data></ExtendedData><Point><coordinates>-119.3258703,48.0982055</coordinates></Point></Placemark><Placemark><name>Reef Rapids</name><ExtendedData><Data name="@id"><value>node/356540962</value></Data><Data name="ele"><value>239</value></Data><Data name="gnis:feature_id"><value>1507771</value></Data><Data name="name"><value>Reef Rapids</value></Data><Data name="waterway"><value>rapids</value></Data></ExtendedData><Point><coordinates>-119.657552,48.0026444</coordinates></Point></Placemark><Placemark><name>Shovel Creek Rapids</name><ExtendedData><Data name="@id"><value>node/356541254</value></Data><Data name="ele"><value>258</value></Data><Data name="gnis:feature_id"><value>1508326</value></Data><Data name="name"><value>Shovel Creek Rapids</value></Data><Data name="waterway"><value>rapids</value></Data></ExtendedData><Point><coordinates>-116.9252705,46.0195819</coordinates></Point></Placemark><Placemark><name>Tenmile Rapids</name><ExtendedData><Data name="@id"><value>node/356541387</value></Data><Data name="addr:state"><value>WA</value></Data><Data name="ele"><value>229</value></Data><Data name="gnis:feature_id"><value>1508946</value></Data><Data name="is_in:county"><value>Asotin</value></Data><Data name="is_in:state"><value>WA</value></Data><Data name="name"><value>Tenmile Rapids</value></Data><Data name="waterway"><value>rapids</value></Data></ExtendedData><Point><coordinates>-117.0065423,46.3073822</coordinates></Point></Placemark><Placemark><name>White Cap Rapids</name><ExtendedData><Data name="@id"><value>node/356541548</value></Data><Data name="ele"><value>290</value></Data><Data name="gnis:feature_id"><value>1509463</value></Data><Data name="name"><value>White Cap Rapids</value></Data><Data name="waterway"><value>rapids</value></Data></ExtendedData><Point><coordinates>-119.4247629,48.0637594</coordinates></Point></Placemark><Placemark><name>Threemile Rapids</name><ExtendedData><Data name="@id"><value>node/356541692</value></Data><Data name="ele"><value>24</value></Data><Data name="gnis:feature_id"><value>1509940</value></Data><Data name="name"><value>Threemile Rapids</value></Data><Data name="waterway"><value>rapids</value></Data></ExtendedData><Point><coordinates>-121.1472927,45.608454</coordinates></Point></Placemark><Placemark><name>Priest Rapids</name><ExtendedData><Data name="@id"><value>node/356542316</value></Data><Data name="ele"><value>149</value></Data><Data name="gnis:feature_id"><value>1512828</value></Data><Data name="name"><value>Priest Rapids</value></Data><Data name="note"><value>Rapids no longer exist due to river being dammed.</value></Data><Data name="waterway"><value>rapids</value></Data><Data name="wikidata"><value>Q3419597</value></Data></ExtendedData><Point><coordinates>-119.9722714,46.7548536</coordinates></Point></Placemark><Placemark><name>Limekiln Rapids</name><ExtendedData><Data name="@id"><value>node/356542390</value></Data><Data name="ele"><value>251</value></Data><Data name="gnis:feature_id"><value>1513147</value></Data><Data name="name"><value>Limekiln Rapids</value></Data><Data name="waterway"><value>rapids</value></Data></ExtendedData><Point><coordinates>-116.9645255,46.0759283</coordinates></Point></Placemark><Placemark><name>Equilibrium Rapids</name><ExtendedData><Data name="@id"><value>node/356542574</value></Data><Data name="ele"><value>293</value></Data><Data name="gnis:feature_id"><value>1513921</value></Data><Data name="name"><value>Equilibrium Rapids</value></Data><Data name="waterway"><value>rapids</value></Data></ExtendedData><Point><coordinates>-119.0228034,48.0934874</coordinates></Point></Placemark><Placemark><name>Nespelem Rapids</name><ExtendedData><Data name="@id"><value>node/356542587</value></Data><Data name="ele"><value>293</value></Data><Data name="gnis:feature_id"><value>1513943</value></Data><Data name="name"><value>Nespelem Rapids</value></Data><Data name="waterway"><value>rapids</value></Data></ExtendedData><Point><coordinates>-119.0366933,48.1207099</coordinates></Point></Placemark><Placemark><name>Barker Rapids</name><ExtendedData><Data name="@id"><value>node/356544236</value></Data><Data name="ele"><value>39</value></Data><Data name="gnis:feature_id"><value>1516140</value></Data><Data name="name"><value>Barker Rapids</value></Data><Data name="waterway"><value>rapids</value></Data></ExtendedData><Point><coordinates>-124.2765816,47.6295256</coordinates></Point></Placemark><Placemark><name>Crazy Rapids</name><ExtendedData><Data name="@id"><value>node/356544681</value></Data><Data name="ele"><value>242</value></Data><Data name="gnis:feature_id"><value>1518304</value></Data><Data name="name"><value>Crazy Rapids</value></Data><Data name="waterway"><value>rapids</value></Data></ExtendedData><Point><coordinates>-119.678668,48.1793147</coordinates></Point></Placemark><Placemark><name>Crooks Rapids</name><ExtendedData><Data name="@id"><value>node/356544690</value></Data><Data name="ele"><value>87</value></Data><Data name="gnis:feature_id"><value>1518341</value></Data><Data name="name"><value>Crooks Rapids</value></Data><Data name="waterway"><value>rapids</value></Data></ExtendedData><Point><coordinates>-124.1856819,47.6510646</coordinates></Point></Placemark><Placemark><name>Fisher Rapids</name><ExtendedData><Data name="@id"><value>node/356544927</value></Data><Data name="ele"><value>7</value></Data><Data name="gnis:feature_id"><value>1519611</value></Data><Data name="name"><value>Fisher Rapids</value></Data><Data name="waterway"><value>rapids</value></Data></ExtendedData><Point><coordinates>-124.3026901,47.5442478</coordinates></Point></Placemark><Placemark><name>Janis Rapids</name><ExtendedData><Data name="@id"><value>node/356545338</value></Data><Data name="ele"><value>272</value></Data><Data name="gnis:feature_id"><value>1521326</value></Data><Data name="name"><value>Janis Rapids</value></Data><Data name="waterway"><value>rapids</value></Data></ExtendedData><Point><coordinates>-119.4664451,48.6282083</coordinates></Point></Placemark><Placemark><name>Lyman Rapids</name><ExtendedData><Data name="@id"><value>node/356545735</value></Data><Data name="ele"><value>36</value></Data><Data name="gnis:feature_id"><value>1522602</value></Data><Data name="name"><value>Lyman Rapids</value></Data><Data name="waterway"><value>rapids</value></Data></ExtendedData><Point><coordinates>-124.1696322,47.5686939</coordinates></Point></Placemark><Placemark><name>McAllister Rapids</name><ExtendedData><Data name="@id"><value>node/356545793</value></Data><Data name="ele"><value>261</value></Data><Data name="gnis:feature_id"><value>1522843</value></Data><Data name="name"><value>McAllister Rapids</value></Data><Data name="waterway"><value>rapids</value></Data></ExtendedData><Point><coordinates>-119.4878308,48.5615417</coordinates></Point></Placemark><Placemark><name>Parson Rapids</name><ExtendedData><Data name="@id"><value>node/356546064</value></Data><Data name="ele"><value>37</value></Data><Data name="gnis:feature_id"><value>1524225</value></Data><Data name="name"><value>Parson Rapids</value></Data><Data name="waterway"><value>rapids</value></Data></ExtendedData><Point><coordinates>-124.2793592,47.6234145</coordinates></Point></Placemark><Placemark><name>Preacher Rapids</name><ExtendedData><Data name="@id"><value>node/356546157</value></Data><Data name="ele"><value>31</value></Data><Data name="gnis:feature_id"><value>1524628</value></Data><Data name="name"><value>Preacher Rapids</value></Data><Data name="waterway"><value>rapids</value></Data></ExtendedData><Point><coordinates>-124.2926927,47.6186921</coordinates></Point></Placemark><Placemark><name>Rocky Rapids</name><ExtendedData><Data name="@id"><value>node/356546282</value></Data><Data name="ele"><value>48</value></Data><Data name="gnis:feature_id"><value>1525176</value></Data><Data name="name"><value>Rocky Rapids</value></Data><Data name="waterway"><value>rapids</value></Data></ExtendedData><Point><coordinates>-124.2401924,47.6453594</coordinates></Point></Placemark><Placemark><name>Sams Rapids</name><ExtendedData><Data name="@id"><value>node/356546337</value></Data><Data name="ele"><value>85</value></Data><Data name="gnis:feature_id"><value>1525402</value></Data><Data name="name"><value>Sams Rapids</value></Data><Data name="waterway"><value>rapids</value></Data></ExtendedData><Point><coordinates>-124.0203837,47.6273243</coordinates></Point></Placemark><Placemark><name>Skookumchuck Rapids</name><ExtendedData><Data name="@id"><value>node/356546451</value></Data><Data name="ele"><value>48</value></Data><Data name="gnis:feature_id"><value>1525883</value></Data><Data name="name"><value>Skookumchuck Rapids</value></Data><Data name="waterway"><value>rapids</value></Data></ExtendedData><Point><coordinates>-124.2513037,47.6436926</coordinates></Point></Placemark><Placemark><name>Staircase Rapids</name><ExtendedData><Data name="@id"><value>node/356546582</value></Data><Data name="ele"><value>242</value></Data><Data name="gnis:feature_id"><value>1526482</value></Data><Data name="name"><value>Staircase Rapids</value></Data><Data name="waterway"><value>rapids</value></Data></ExtendedData><Point><coordinates>-123.33521,47.519715</coordinates></Point></Placemark><Placemark><name>Little Salmon la Sac</name><ExtendedData><Data name="@id"><value>node/356547067</value></Data><Data name="ele"><value>704</value></Data><Data name="gnis:feature_id"><value>1528584</value></Data><Data name="name"><value>Little Salmon la Sac</value></Data><Data name="waterway"><value>rapids</value></Data></ExtendedData><Point><coordinates>-121.097768,47.3830613</coordinates></Point></Placemark><Placemark><name>Salmon la Sac</name><ExtendedData><Data name="@id"><value>node/356547072</value></Data><Data name="ele"><value>731</value></Data><Data name="gnis:feature_id"><value>1528605</value></Data><Data name="name"><value>Salmon la Sac</value></Data><Data name="waterway"><value>rapids</value></Data></ExtendedData><Point><coordinates>-121.0978546,47.4044624</coordinates></Point></Placemark><Placemark><name>Little Dalles</name><ExtendedData><Data name="@id"><value>node/356547413</value></Data><Data name="ele"><value>404</value></Data><Data name="gnis:feature_id"><value>1530513</value></Data><Data name="name"><value>Little Dalles</value></Data><Data name="waterway"><value>rapids</value></Data></ExtendedData><Point><coordinates>-117.8691535,48.8715766</coordinates></Point></Placemark><Placemark><name>Dark Canyon Rapids</name><ExtendedData><Data name="@id"><value>node/356672532</value></Data><Data name="ele"><value>1129</value></Data><Data name="fixme"><value>Not sure where to move this.</value></Data><Data name="gnis:feature_id"><value>1427215</value></Data><Data name="name"><value>Dark Canyon Rapids</value></Data><Data name="waterway"><value>rapids</value></Data></ExtendedData><Point><coordinates>-110.2073585,37.8960994</coordinates></Point></Placemark><Placemark><name>Inglesby Rapids</name><ExtendedData><Data name="@id"><value>node/356673143</value></Data><Data name="ele"><value>1474</value></Data><Data name="gnis:feature_id"><value>1429032</value></Data><Data name="name"><value>Inglesby Rapids</value></Data><Data name="waterway"><value>rapids</value></Data></ExtendedData><Point><coordinates>-109.2379052,40.4619071</coordinates></Point></Placemark><Placemark><name>Moonshine Rapids</name><ExtendedData><Data name="@id"><value>node/356673701</value></Data><Data name="ele"><value>1498</value></Data><Data name="gnis:feature_id"><value>1430469</value></Data><Data name="name"><value>Moonshine Rapids</value></Data><Data name="waterway"><value>rapids</value></Data></ExtendedData><Point><coordinates>-109.1823477,40.4741297</coordinates></Point></Placemark><Placemark><name>S O B Rapids</name><ExtendedData><Data name="@id"><value>node/356674034</value></Data><Data name="ele"><value>1491</value></Data><Data name="gnis:feature_id"><value>1432073</value></Data><Data name="name"><value>S O B Rapids</value></Data><Data name="waterway"><value>rapids</value></Data></ExtendedData><Point><coordinates>-109.1937369,40.4669074</coordinates></Point></Placemark><Placemark><name>Schoolboy Rapids</name><ExtendedData><Data name="@id"><value>node/356674071</value></Data><Data name="ele"><value>1481</value></Data><Data name="gnis:feature_id"><value>1432275</value></Data><Data name="name"><value>Schoolboy Rapids</value></Data><Data name="waterway"><value>rapids</value></Data></ExtendedData><Point><coordinates>-109.2134599,40.4663517</coordinates></Point></Placemark><Placemark><name>Eight Foot Rapids</name><ExtendedData><Data name="@id"><value>node/356675373</value></Data><Data name="ele"><value>1268</value></Data><Data name="gnis:feature_id"><value>1435010</value></Data><Data name="name"><value>Eight Foot Rapids</value></Data><Data name="waterway"><value>rapids</value></Data></ExtendedData><Point><coordinates>-109.7853345,37.1853633</coordinates></Point></Placemark><Placemark><name>Four Foot Rapids</name><ExtendedData><Data name="@id"><value>node/356675375</value></Data><Data name="ele"><value>1276</value></Data><Data name="gnis:feature_id"><value>1435011</value></Data><Data name="name"><value>Four Foot Rapids</value></Data><Data name="waterway"><value>rapids</value></Data></ExtendedData><Point><coordinates>-109.7404881,37.2064871</coordinates></Point></Placemark><Placemark><name>Government Rapids</name><ExtendedData><Data name="@id"><value>node/356675377</value></Data><Data name="ele"><value>1152</value></Data><Data name="gnis:feature_id"><value>1435014</value></Data><Data name="name"><value>Government Rapids</value></Data><Data name="waterway"><value>rapids</value></Data></ExtendedData><Point><coordinates>-110.1251263,37.2938875</coordinates></Point></Placemark><Placemark><name>Gypsum Creek Rapids</name><ExtendedData><Data name="@id"><value>node/356675383</value></Data><Data name="ele"><value>1239</value></Data><Data name="gnis:feature_id"><value>1435015</value></Data><Data name="name"><value>Gypsum Creek Rapids</value></Data><Data name="waterway"><value>rapids</value></Data></ExtendedData><Point><coordinates>-109.8625456,37.1453507</coordinates></Point></Placemark><Placemark><name>Ledge Rapids</name><ExtendedData><Data name="@id"><value>node/356675388</value></Data><Data name="ele"><value>1257</value></Data><Data name="gnis:feature_id"><value>1435017</value></Data><Data name="name"><value>Ledge Rapids</value></Data><Data name="waterway"><value>rapids</value></Data></ExtendedData><Point><coordinates>-109.8123175,37.1828652</coordinates></Point></Placemark><Placemark><name>Ross Rapids</name><ExtendedData><Data name="@id"><value>node/356675390</value></Data><Data name="ele"><value>1183</value></Data><Data name="gnis:feature_id"><value>1435023</value></Data><Data name="name"><value>Ross Rapids</value></Data><Data name="waterway"><value>rapids</value></Data></ExtendedData><Point><coordinates>-110.0129032,37.2283337</coordinates></Point></Placemark><Placemark><name>Slickhorn Rapids</name><ExtendedData><Data name="@id"><value>node/356675393</value></Data><Data name="ele"><value>1143</value></Data><Data name="gnis:feature_id"><value>1435024</value></Data><Data name="name"><value>Slickhorn Rapids</value></Data><Data name="waterway"><value>rapids</value></Data></ExtendedData><Point><coordinates>-110.1492206,37.3173149</coordinates></Point></Placemark><Placemark><name>Big Canyon Rapids</name><ExtendedData><Data name="@id"><value>node/356675435</value></Data><Data name="ele"><value>1393</value></Data><Data name="gnis:feature_id"><value>1435123</value></Data><Data name="name"><value>Big Canyon Rapids</value></Data><Data name="waterway"><value>rapids</value></Data><Data name="wikidata"><value>Q49853157</value></Data></ExtendedData><Point><coordinates>-109.9870925,39.676909</coordinates></Point></Placemark><Placemark><name>Big Drop Rapids</name><ExtendedData><Data name="@id"><value>node/356675436</value></Data><Data name="ele"><value>1135</value></Data><Data name="gnis:feature_id"><value>1435124</value></Data><Data name="name"><value>Big Drop Rapids</value></Data><Data name="waterway"><value>rapids</value></Data></ExtendedData><Point><coordinates>-110.0460511,38.0721523</coordinates></Point></Placemark><Placemark><name>Brown Betty Rapids</name><ExtendedData><Data name="@id"><value>node/356675481</value></Data><Data name="ele"><value>1196</value></Data><Data name="gnis:feature_id"><value>1435198</value></Data><Data name="name"><value>Brown Betty Rapids</value></Data><Data name="waterway"><value>rapids</value></Data><Data name="wikidata"><value>Q49865335</value></Data></ExtendedData><Point><coordinates>-109.9279046,38.1488751</coordinates></Point></Placemark><Placemark><name>Bull Canyon Rapids</name><ExtendedData><Data name="@id"><value>node/356675483</value></Data><Data name="ele"><value>1324</value></Data><Data name="gnis:feature_id"><value>1435210</value></Data><Data name="name"><value>Bull Canyon Rapids</value></Data><Data name="waterway"><value>rapids</value></Data></ExtendedData><Point><coordinates>-110.0218137,39.4374657</coordinates></Point></Placemark><Placemark><name>Calf Canyon Rapids</name><ExtendedData><Data name="@id"><value>node/356675484</value></Data><Data name="ele"><value>1352</value></Data><Data name="gnis:feature_id"><value>1435234</value></Data><Data name="name"><value>Calf Canyon Rapids</value></Data><Data name="waterway"><value>rapids</value></Data><Data name="wikidata"><value>Q49873079</value></Data></ExtendedData><Point><coordinates>-110.0434824,39.5299657</coordinates></Point></Placemark><Placemark><name>Cedar Ridge Rapids</name><ExtendedData><Data name="@id"><value>node/356675514</value></Data><Data name="ele"><value>1391</value></Data><Data name="gnis:feature_id"><value>1435286</value></Data><Data name="name"><value>Cedar Ridge Rapids</value></Data><Data name="waterway"><value>rapids</value></Data><Data name="wikidata"><value>Q49878858</value></Data></ExtendedData><Point><coordinates>-109.9907036,39.653298</coordinates></Point></Placemark><Placemark><name>Coal Creek Rapids</name><ExtendedData><Data name="@id"><value>node/356675530</value></Data><Data name="ele"><value>1277</value></Data><Data name="gnis:feature_id"><value>1435325</value></Data><Data name="name"><value>Coal Creek Rapids</value></Data><Data name="waterway"><value>rapids</value></Data></ExtendedData><Point><coordinates>-110.0625651,39.2519052</coordinates></Point></Placemark><Placemark><name>Curry Rapids</name><ExtendedData><Data name="@id"><value>node/356675548</value></Data><Data name="ele"><value>1283</value></Data><Data name="gnis:feature_id"><value>1435382</value></Data><Data name="name"><value>Curry Rapids</value></Data><Data name="waterway"><value>rapids</value></Data></ExtendedData><Point><coordinates>-110.0732022,39.2707999</coordinates></Point></Placemark><Placemark><name>Firewater Rapids</name><ExtendedData><Data name="@id"><value>node/356675634</value></Data><Data name="ele"><value>1392</value></Data><Data name="gnis:feature_id"><value>1435528</value></Data><Data name="name"><value>Firewater Rapids</value></Data><Data name="waterway"><value>rapids</value></Data><Data name="wikidata"><value>Q49907471</value></Data></ExtendedData><Point><coordinates>-109.9862591,39.6624647</coordinates></Point></Placemark><Placemark><name>Flat Canyon Rapids</name><ExtendedData><Data name="@id"><value>node/356675642</value></Data><Data name="ele"><value>1394</value></Data><Data name="gnis:feature_id"><value>1435534</value></Data><Data name="name"><value>Flat Canyon Rapids</value></Data><Data name="waterway"><value>rapids</value></Data><Data name="wikidata"><value>Q49908991</value></Data></ExtendedData><Point><coordinates>-110.0068152,39.6335759</coordinates></Point></Placemark><Placemark><name>Jack Creek Rapids</name><ExtendedData><Data name="@id"><value>node/356675901</value></Data><Data name="ele"><value>1396</value></Data><Data name="gnis:feature_id"><value>1435753</value></Data><Data name="name"><value>Jack Creek Rapids</value></Data><Data name="waterway"><value>rapids</value></Data></ExtendedData><Point><coordinates>-109.9929262,39.6985756</coordinates></Point></Placemark><Placemark><name>Joe Hutch Canyon Rapids</name><ExtendedData><Data name="@id"><value>node/356675925</value></Data><Data name="ele"><value>1310</value></Data><Data name="gnis:feature_id"><value>1435774</value></Data><Data name="name"><value>Joe Hutch Canyon Rapids</value></Data><Data name="waterway"><value>rapids</value></Data></ExtendedData><Point><coordinates>-110.019035,39.3938547</coordinates></Point></Placemark><Placemark><name>Joe Hutch Creek Rapids</name><ExtendedData><Data name="@id"><value>node/356675926</value></Data><Data name="ele"><value>1313</value></Data><Data name="gnis:feature_id"><value>1435775</value></Data><Data name="name"><value>Joe Hutch Creek Rapids</value></Data><Data name="waterway"><value>rapids</value></Data></ExtendedData><Point><coordinates>-110.0132017,39.4071879</coordinates></Point></Placemark><Placemark><name>Last Chance Rapids</name><ExtendedData><Data name="@id"><value>node/356675954</value></Data><Data name="ele"><value>1291</value></Data><Data name="gnis:feature_id"><value>1435845</value></Data><Data name="name"><value>Last Chance Rapids</value></Data><Data name="waterway"><value>rapids</value></Data></ExtendedData><Point><coordinates>-110.0582021,39.3160774</coordinates></Point></Placemark><Placemark><name>Little Rock House Riffle</name><ExtendedData><Data name="@id"><value>node/356675962</value></Data><Data name="ele"><value>1401</value></Data><Data name="gnis:feature_id"><value>1435878</value></Data><Data name="name"><value>Little Rock House Riffle</value></Data><Data name="waterway"><value>rapids</value></Data><Data name="wikidata"><value>Q49943600</value></Data></ExtendedData><Point><coordinates>-109.9520914,39.7369089</coordinates></Point></Placemark><Placemark><name>Log Cabin Rapids</name><ExtendedData><Data name="@id"><value>node/356675965</value></Data><Data name="ele"><value>1361</value></Data><Data name="gnis:feature_id"><value>1435885</value></Data><Data name="name"><value>Log Cabin Rapids</value></Data><Data name="waterway"><value>rapids</value></Data><Data name="wikidata"><value>Q49947281</value></Data></ExtendedData><Point><coordinates>-110.0287599,39.5513543</coordinates></Point></Placemark><Placemark><name>Mile Long Rapids</name><ExtendedData><Data name="@id"><value>node/356675999</value></Data><Data name="ele"><value>1182</value></Data><Data name="gnis:feature_id"><value>1435948</value></Data><Data name="name"><value>Mile Long Rapids</value></Data><Data name="waterway"><value>rapids</value></Data></ExtendedData><Point><coordinates>-110.031242,38.0849862</coordinates></Point></Placemark><Placemark><name>Moonwater Rapids</name><ExtendedData><Data name="@id"><value>node/356676029</value></Data><Data name="ele"><value>1320</value></Data><Data name="gnis:feature_id"><value>1435986</value></Data><Data name="name"><value>Moonwater Rapids</value></Data><Data name="waterway"><value>rapids</value></Data></ExtendedData><Point><coordinates>-110.0209801,39.4219102</coordinates></Point></Placemark><Placemark><name>New Rapids</name><ExtendedData><Data name="@id"><value>node/356676061</value></Data><Data name="ele"><value>1232</value></Data><Data name="gnis:feature_id"><value>1436035</value></Data><Data name="name"><value>New Rapids</value></Data><Data name="waterway"><value>rapids</value></Data></ExtendedData><Point><coordinates>-109.3937282,38.7060943</coordinates></Point></Placemark><Placemark><name>Professor Creek Rapids</name><ExtendedData><Data name="@id"><value>node/356676138</value></Data><Data name="ele"><value>1233</value></Data><Data name="gnis:feature_id"><value>1436177</value></Data><Data name="name"><value>Professor Creek Rapids</value></Data><Data name="waterway"><value>rapids</value></Data></ExtendedData><Point><coordinates>-109.3806726,38.7208166</coordinates></Point></Placemark><Placemark><name>Rabbit Valley Rapids</name><ExtendedData><Data name="@id"><value>node/356676145</value></Data><Data name="ele"><value>1286</value></Data><Data name="gnis:feature_id"><value>1436191</value></Data><Data name="name"><value>Rabbit Valley Rapids</value></Data><Data name="waterway"><value>rapids</value></Data></ExtendedData><Point><coordinates>-110.0726467,39.2844109</coordinates></Point></Placemark><Placemark><name>Range Creek Rapids</name><ExtendedData><Data name="@id"><value>node/356676148</value></Data><Data name="ele"><value>1289</value></Data><Data name="gnis:feature_id"><value>1436202</value></Data><Data name="name"><value>Range Creek Rapids</value></Data><Data name="waterway"><value>rapids</value></Data></ExtendedData><Point><coordinates>-110.0520906,39.3071885</coordinates></Point></Placemark><Placemark><name>Red Point Rapids</name><ExtendedData><Data name="@id"><value>node/356676152</value></Data><Data name="ele"><value>1318</value></Data><Data name="gnis:feature_id"><value>1436210</value></Data><Data name="name"><value>Red Point Rapids</value></Data><Data name="waterway"><value>rapids</value></Data></ExtendedData><Point><coordinates>-110.0151464,39.4205213</coordinates></Point></Placemark><Placemark><name>Rock Creek Rapids</name><ExtendedData><Data name="@id"><value>node/356676172</value></Data><Data name="ele"><value>1358</value></Data><Data name="gnis:feature_id"><value>1436248</value></Data><Data name="name"><value>Rock Creek Rapids</value></Data><Data name="waterway"><value>rapids</value></Data></ExtendedData><Point><coordinates>-110.0295931,39.5413544</coordinates></Point></Placemark><Placemark><name>Rocky Rapids</name><ExtendedData><Data name="@id"><value>node/356676176</value></Data><Data name="ele"><value>1228</value></Data><Data name="gnis:feature_id"><value>1436260</value></Data><Data name="name"><value>Rocky Rapids</value></Data><Data name="waterway"><value>rapids</value></Data></ExtendedData><Point><coordinates>-109.4117838,38.6966496</coordinates></Point></Placemark><Placemark><name>Saleratus Rapids</name><ExtendedData><Data name="@id"><value>node/356676197</value></Data><Data name="ele"><value>1279</value></Data><Data name="gnis:feature_id"><value>1436289</value></Data><Data name="name"><value>Saleratus Rapids</value></Data><Data name="waterway"><value>rapids</value></Data></ExtendedData><Point><coordinates>-110.0607014,39.2632998</coordinates></Point></Placemark><Placemark><name>Salt Wash Rapids</name><ExtendedData><Data name="@id"><value>node/356676199</value></Data><Data name="ele"><value>1218</value></Data><Data name="gnis:feature_id"><value>1436297</value></Data><Data name="name"><value>Salt Wash Rapids</value></Data><Data name="waterway"><value>rapids</value></Data></ExtendedData><Point><coordinates>-109.5001178,38.6691481</coordinates></Point></Placemark><Placemark><name>Stateline Rapids</name><ExtendedData><Data name="@id"><value>node/356676312</value></Data><Data name="ele"><value>1353</value></Data><Data name="gnis:feature_id"><value>1436430</value></Data><Data name="name"><value>Stateline Rapids</value></Data><Data name="waterway"><value>rapids</value></Data></ExtendedData><Point><coordinates>-109.0606043,38.7517034</coordinates></Point></Placemark><Placemark><name>Steer Ridge Rapids</name><ExtendedData><Data name="@id"><value>node/356676316</value></Data><Data name="ele"><value>1369</value></Data><Data name="gnis:feature_id"><value>1436433</value></Data><Data name="name"><value>Steer Ridge Rapids</value></Data><Data name="waterway"><value>rapids</value></Data></ExtendedData><Point><coordinates>-110.035149,39.5730209</coordinates></Point></Placemark><Placemark><name>Three Canyon Rapids</name><ExtendedData><Data name="@id"><value>node/356676361</value></Data><Data name="ele"><value>1343</value></Data><Data name="gnis:feature_id"><value>1436487</value></Data><Data name="name"><value>Three Canyon Rapids</value></Data><Data name="waterway"><value>rapids</value></Data></ExtendedData><Point><coordinates>-110.0232038,39.5066323</coordinates></Point></Placemark><Placemark><name>Three Fords Rapids</name><ExtendedData><Data name="@id"><value>node/356676364</value></Data><Data name="ele"><value>1300</value></Data><Data name="gnis:feature_id"><value>1436490</value></Data><Data name="name"><value>Three Fords Rapids</value></Data><Data name="waterway"><value>rapids</value></Data></ExtendedData><Point><coordinates>-110.0270902,39.3513549</coordinates></Point></Placemark><Placemark><name>Trail Canyon Rapids</name><ExtendedData><Data name="@id"><value>node/356676385</value></Data><Data name="ele"><value>1329</value></Data><Data name="gnis:feature_id"><value>1436518</value></Data><Data name="name"><value>Trail Canyon Rapids</value></Data><Data name="waterway"><value>rapids</value></Data></ExtendedData><Point><coordinates>-110.0154249,39.4549656</coordinates></Point></Placemark><Placemark><name>White's Rapid</name><ExtendedData><Data name="@id"><value>node/356676446</value></Data><Data name="ele"><value>1611</value></Data><Data name="gnis:feature_id"><value>1436631</value></Data><Data name="name"><value>White's Rapid</value></Data><Data name="waterway"><value>rapids</value></Data></ExtendedData><Point><coordinates>-109.448779,38.68421</coordinates></Point></Placemark><Placemark><name>Wild Horse Rapids</name><ExtendedData><Data name="@id"><value>node/356676451</value></Data><Data name="ele"><value>1376</value></Data><Data name="gnis:feature_id"><value>1436645</value></Data><Data name="name"><value>Wild Horse Rapids</value></Data><Data name="waterway"><value>rapids</value></Data></ExtendedData><Point><coordinates>-110.0259822,39.5919095</coordinates></Point></Placemark><Placemark><name>Onion Creek Rapids</name><ExtendedData><Data name="@id"><value>node/356681740</value></Data><Data name="ele"><value>1234</value></Data><Data name="gnis:feature_id"><value>1448779</value></Data><Data name="name"><value>Onion Creek Rapids</value></Data><Data name="waterway"><value>rapids</value></Data></ExtendedData><Point><coordinates>-109.3634502,38.7355392</coordinates></Point></Placemark><Placemark><name>Last Chance Rapids</name><ExtendedData><Data name="@id"><value>node/356683161</value></Data><Data name="ele"><value>1283</value></Data><Data name="gnis:feature_id"><value>1450413</value></Data><Data name="name"><value>Last Chance Rapids</value></Data><Data name="waterway"><value>rapids</value></Data></ExtendedData><Point><coordinates>-109.1630818,38.9868178</coordinates></Point></Placemark><Placemark><name>Snap Canyon Rapids</name><ExtendedData><Data name="@id"><value>node/356683223</value></Data><Data name="ele"><value>1347</value></Data><Data name="gnis:feature_id"><value>1450502</value></Data><Data name="name"><value>Snap Canyon Rapids</value></Data><Data name="waterway"><value>rapids</value></Data></ExtendedData><Point><coordinates>-110.0254262,39.5207988</coordinates></Point></Placemark><Placemark><name>Ticaboo Number 1 Rapids</name><ExtendedData><Data name="@id"><value>node/356684316</value></Data><Data name="ele"><value>1129</value></Data><Data name="gnis:feature_id"><value>1454533</value></Data><Data name="name"><value>Ticaboo Number 1 Rapids</value></Data><Data name="waterway"><value>rapids</value></Data></ExtendedData><Point><coordinates>-110.4743076,37.7088787</coordinates></Point></Placemark><Placemark><name>Ticaboo Number 2 Rapids</name><ExtendedData><Data name="@id"><value>node/356684317</value></Data><Data name="ele"><value>1129</value></Data><Data name="gnis:feature_id"><value>1454534</value></Data><Data name="name"><value>Ticaboo Number 2 Rapids</value></Data><Data name="waterway"><value>rapids</value></Data></ExtendedData><Point><coordinates>-110.4837521,37.6963789</coordinates></Point></Placemark><Placemark><name>Johnsons Eddy</name><ExtendedData><Data name="@id"><value>node/356708992</value></Data><Data name="ele"><value>5</value></Data><Data name="gnis:feature_id"><value>1338819</value></Data><Data name="name"><value>Johnsons Eddy</value></Data><Data name="waterway"><value>rapids</value></Data></ExtendedData><Point><coordinates>-94.1012924,30.3104866</coordinates></Point></Placemark><Placemark><name>Morgan Eddy</name><ExtendedData><Data name="@id"><value>node/356711630</value></Data><Data name="ele"><value>2</value></Data><Data name="gnis:feature_id"><value>1341911</value></Data><Data name="name"><value>Morgan Eddy</value></Data><Data name="waterway"><value>rapids</value></Data></ExtendedData><Point><coordinates>-93.7204429,30.2152072</coordinates></Point></Placemark><Placemark><name>Gourd Vine Eddy</name><ExtendedData><Data name="@id"><value>node/356735297</value></Data><Data name="ele"><value>11</value></Data><Data name="gnis:feature_id"><value>1358219</value></Data><Data name="name"><value>Gourd Vine Eddy</value></Data><Data name="waterway"><value>rapids</value></Data></ExtendedData><Point><coordinates>-94.0887949,30.4890954</coordinates></Point></Placemark><Placemark><name>Kickapoo Rapids</name><ExtendedData><Data name="@id"><value>node/356738077</value></Data><Data name="ele"><value>52</value></Data><Data name="gnis:feature_id"><value>1360627</value></Data><Data name="name"><value>Kickapoo Rapids</value></Data><Data name="waterway"><value>rapids</value></Data></ExtendedData><Point><coordinates>-95.676619,31.3465686</coordinates></Point></Placemark><Placemark><name>The Whirl</name><ExtendedData><Data name="@id"><value>node/356752626</value></Data><Data name="ele"><value>60</value></Data><Data name="gnis:feature_id"><value>1382854</value></Data><Data name="name"><value>The Whirl</value></Data><Data name="waterway"><value>rapids</value></Data></ExtendedData><Point><coordinates>-95.1102164,31.5246233</coordinates></Point></Placemark><Placemark><name>The Big Eddy</name><ExtendedData><Data name="@id"><value>node/356779012</value></Data><Data name="ele"><value>91</value></Data><Data name="gnis:feature_id"><value>1272369</value></Data><Data name="name"><value>The Big Eddy</value></Data><Data name="waterway"><value>rapids</value></Data></ExtendedData><Point><coordinates>-89.1391884,35.470924</coordinates></Point></Placemark><Placemark><name>Will Rice Eddy</name><ExtendedData><Data name="@id"><value>node/356782806</value></Data><Data name="ele"><value>113</value></Data><Data name="gnis:feature_id"><value>1274607</value></Data><Data name="name"><value>Will Rice Eddy</value></Data><Data name="waterway"><value>rapids</value></Data></ExtendedData><Point><coordinates>-87.7886359,35.9328409</coordinates></Point></Placemark><Placemark><name>Big Eddy</name><ExtendedData><Data name="@id"><value>node/356788128</value></Data><Data name="ele"><value>271</value></Data><Data name="gnis:feature_id"><value>1277292</value></Data><Data name="name"><value>Big Eddy</value></Data><Data name="waterway"><value>rapids</value></Data><Data name="wikidata"><value>Q55571529</value></Data></ExtendedData><Point><coordinates>-86.1713757,35.209805</coordinates></Point></Placemark><Placemark><name>Cox Shoals</name><ExtendedData><Data name="@id"><value>node/356796760</value></Data><Data name="ele"><value>339</value></Data><Data name="gnis:feature_id"><value>1281512</value></Data><Data name="name"><value>Cox Shoals</value></Data><Data name="waterway"><value>rapids</value></Data><Data name="wikidata"><value>Q55585072</value></Data></ExtendedData><Point><coordinates>-83.4821289,36.5378625</coordinates></Point></Placemark><Placemark><name>Deadman Eddy</name><ExtendedData><Data name="@id"><value>node/356798014</value></Data><Data name="ele"><value>193</value></Data><Data name="gnis:feature_id"><value>1282257</value></Data><Data name="name"><value>Deadman Eddy</value></Data><Data name="waterway"><value>rapids</value></Data></ExtendedData><Point><coordinates>-85.4146838,35.1142405</coordinates></Point></Placemark><Placemark><name>Duck River Suck</name><ExtendedData><Data name="@id"><value>node/356798999</value></Data><Data name="ele"><value>109</value></Data><Data name="gnis:feature_id"><value>1283049</value></Data><Data name="name"><value>Duck River Suck</value></Data><Data name="waterway"><value>rapids</value></Data><Data name="wikidata"><value>Q56544107</value></Data></ExtendedData><Point><coordinates>-88.0242009,35.9622836</coordinates></Point></Placemark><Placemark><name>Murphree Eddy</name><ExtendedData><Data name="@id"><value>node/356822851</value></Data><Data name="ele"><value>122</value></Data><Data name="gnis:feature_id"><value>1295110</value></Data><Data name="name"><value>Murphree Eddy</value></Data><Data name="waterway"><value>rapids</value></Data></ExtendedData><Point><coordinates>-87.7015212,35.8354455</coordinates></Point></Placemark><Placemark><name>Seven Mile Eddy</name><ExtendedData><Data name="@id"><value>node/356832463</value></Data><Data name="ele"><value>256</value></Data><Data name="gnis:feature_id"><value>1301097</value></Data><Data name="name"><value>Seven Mile Eddy</value></Data><Data name="waterway"><value>rapids</value></Data></ExtendedData><Point><coordinates>-83.6860076,35.945365</coordinates></Point></Placemark><Placemark><name>Camel Rock Rapids</name><ExtendedData><Data name="@id"><value>node/356850344</value></Data><Data name="ele"><value>308</value></Data><Data name="gnis:feature_id"><value>1309637</value></Data><Data name="name"><value>Camel Rock Rapids</value></Data><Data name="waterway"><value>rapids</value></Data><Data name="wikidata"><value>Q55578728</value></Data></ExtendedData><Point><coordinates>-84.7093878,36.0978516</coordinates></Point></Placemark><Placemark><name>Canoe Hole Rapids</name><ExtendedData><Data name="@id"><value>node/356850346</value></Data><Data name="ele"><value>288</value></Data><Data name="gnis:feature_id"><value>1309638</value></Data><Data name="name"><value>Canoe Hole Rapids</value></Data><Data name="waterway"><value>rapids</value></Data><Data name="wikidata"><value>Q55578917</value></Data></ExtendedData><Point><coordinates>-84.6924429,36.096463</coordinates></Point></Placemark><Placemark><name>Lilly Rapids</name><ExtendedData><Data name="@id"><value>node/356850373</value></Data><Data name="ele"><value>314</value></Data><Data name="gnis:feature_id"><value>1309672</value></Data><Data name="name"><value>Lilly Rapids</value></Data><Data name="waterway"><value>rapids</value></Data></ExtendedData><Point><coordinates>-84.717166,36.1022959</coordinates></Point></Placemark><Placemark><name>Nemo Rapids</name><ExtendedData><Data name="@id"><value>node/356850377</value></Data><Data name="ele"><value>258</value></Data><Data name="gnis:feature_id"><value>1309680</value></Data><Data name="name"><value>Nemo Rapids</value></Data><Data name="waterway"><value>rapids</value></Data></ExtendedData><Point><coordinates>-84.660497,36.0670187</coordinates></Point></Placemark><Placemark><name>Ohmigod Rapids</name><ExtendedData><Data name="@id"><value>node/356850382</value></Data><Data name="ele"><value>307</value></Data><Data name="gnis:feature_id"><value>1309685</value></Data><Data name="name"><value>Ohmigod Rapids</value></Data><Data name="waterway"><value>rapids</value></Data></ExtendedData><Point><coordinates>-84.7168879,36.0847958</coordinates></Point></Placemark><Placemark><name>Rock Garden Rapids</name><ExtendedData><Data name="@id"><value>node/356850389</value></Data><Data name="ele"><value>301</value></Data><Data name="gnis:feature_id"><value>1309689</value></Data><Data name="name"><value>Rock Garden Rapids</value></Data><Data name="waterway"><value>rapids</value></Data></ExtendedData><Point><coordinates>-84.712999,36.0886848</coordinates></Point></Placemark><Placemark><name>The Grunch Rapids</name><ExtendedData><Data name="@id"><value>node/356850396</value></Data><Data name="ele"><value>325</value></Data><Data name="gnis:feature_id"><value>1309693</value></Data><Data name="name"><value>The Grunch Rapids</value></Data><Data name="waterway"><value>rapids</value></Data></ExtendedData><Point><coordinates>-84.7252219,36.1100737</coordinates></Point></Placemark><Placemark><name>Widow Maker Rapids</name><ExtendedData><Data name="@id"><value>node/356850399</value></Data><Data name="ele"><value>275</value></Data><Data name="gnis:feature_id"><value>1309698</value></Data><Data name="name"><value>Widow Maker Rapids</value></Data><Data name="waterway"><value>rapids</value></Data></ExtendedData><Point><coordinates>-84.6843868,36.086463</coordinates></Point></Placemark><Placemark><name>Wootens Folly Rapids</name><ExtendedData><Data name="@id"><value>node/356850401</value></Data><Data name="ele"><value>303</value></Data><Data name="gnis:feature_id"><value>1309700</value></Data><Data name="name"><value>Wootens Folly Rapids</value></Data><Data name="waterway"><value>rapids</value></Data></ExtendedData><Point><coordinates>-84.7088323,36.0970182</coordinates></Point></Placemark><Placemark><name>Little Jump Rapids</name><ExtendedData><Data name="@id"><value>node/356851072</value></Data><Data name="ele"><value>267</value></Data><Data name="gnis:feature_id"><value>1310535</value></Data><Data name="name"><value>Little Jump Rapids</value></Data><Data name="waterway"><value>rapids</value></Data></ExtendedData><Point><coordinates>-83.6116043,36.1375649</coordinates></Point></Placemark><Placemark><name>The Ell</name><ExtendedData><Data name="@id"><value>node/356851193</value></Data><Data name="ele"><value>298</value></Data><Data name="gnis:feature_id"><value>1311276</value></Data><Data name="name"><value>The Ell</value></Data><Data name="waterway"><value>rapids</value></Data></ExtendedData><Point><coordinates>-84.6364062,36.4319736</coordinates></Point></Placemark><Placemark><name>First Drop Rapids</name><ExtendedData><Data name="@id"><value>node/356851195</value></Data><Data name="ele"><value>310</value></Data><Data name="gnis:feature_id"><value>1311277</value></Data><Data name="name"><value>First Drop Rapids</value></Data><Data name="waterway"><value>rapids</value></Data></ExtendedData><Point><coordinates>-84.6274404,36.4156321</coordinates></Point></Placemark><Placemark><name>Rion's Eddy</name><ExtendedData><Data name="@id"><value>node/356851199</value></Data><Data name="ele"><value>288</value></Data><Data name="gnis:feature_id"><value>1311284</value></Data><Data name="name"><value>Rion's Eddy</value></Data><Data name="waterway"><value>rapids</value></Data></ExtendedData><Point><coordinates>-84.6431862,36.4426426</coordinates></Point></Placemark><Placemark><name>O and W Rapids</name><ExtendedData><Data name="@id"><value>node/356851202</value></Data><Data name="ele"><value>273</value></Data><Data name="gnis:feature_id"><value>1311285</value></Data><Data name="name"><value>O and W Rapids</value></Data><Data name="waterway"><value>rapids</value></Data></ExtendedData><Point><coordinates>-84.6486081,36.4520883</coordinates></Point></Placemark><Placemark><name>Washing Machine Rapids</name><ExtendedData><Data name="@id"><value>node/356851205</value></Data><Data name="ele"><value>302</value></Data><Data name="gnis:feature_id"><value>1311288</value></Data><Data name="name"><value>Washing Machine Rapids</value></Data><Data name="waterway"><value>rapids</value></Data></ExtendedData><Point><coordinates>-84.6347342,36.4318202</coordinates></Point></Placemark><Placemark><name>Bickerstaff Eddy</name><ExtendedData><Data name="@id"><value>node/356851215</value></Data><Data name="ele"><value>115</value></Data><Data name="gnis:feature_id"><value>1311339</value></Data><Data name="name"><value>Bickerstaff Eddy</value></Data><Data name="waterway"><value>rapids</value></Data><Data name="wikidata"><value>Q55571455</value></Data></ExtendedData><Point><coordinates>-87.6880768,35.8914531</coordinates></Point></Placemark><Placemark><name>Craigheads Shoals</name><ExtendedData><Data name="@id"><value>node/356851330</value></Data><Data name="ele"><value>248</value></Data><Data name="gnis:feature_id"><value>1312260</value></Data><Data name="name"><value>Craigheads Shoals</value></Data><Data name="waterway"><value>rapids</value></Data><Data name="wikidata"><value>Q55585239</value></Data></ExtendedData><Point><coordinates>-83.8231076,36.0030662</coordinates></Point></Placemark><Placemark><name>Goose Neck Shoals</name><ExtendedData><Data name="@id"><value>node/356851337</value></Data><Data name="ele"><value>248</value></Data><Data name="gnis:feature_id"><value>1312282</value></Data><Data name="name"><value>Goose Neck Shoals</value></Data><Data name="waterway"><value>rapids</value></Data></ExtendedData><Point><coordinates>-83.8610593,35.9556849</coordinates></Point></Placemark><Placemark><name>Looney Shoals</name><ExtendedData><Data name="@id"><value>node/356851343</value></Data><Data name="ele"><value>248</value></Data><Data name="gnis:feature_id"><value>1312339</value></Data><Data name="name"><value>Looney Shoals</value></Data><Data name="waterway"><value>rapids</value></Data></ExtendedData><Point><coordinates>-83.9524066,35.9292491</coordinates></Point></Placemark><Placemark><name>McNutt Shoals</name><ExtendedData><Data name="@id"><value>node/356851348</value></Data><Data name="ele"><value>248</value></Data><Data name="gnis:feature_id"><value>1312349</value></Data><Data name="name"><value>McNutt Shoals</value></Data><Data name="waterway"><value>rapids</value></Data></ExtendedData><Point><coordinates>-83.8718485,35.9673059</coordinates></Point></Placemark><Placemark><name>Sycamore Shoals</name><ExtendedData><Data name="@id"><value>node/356883550</value></Data><Data name="ele"><value>447</value></Data><Data name="gnis:feature_id"><value>1327173</value></Data><Data name="name"><value>Sycamore Shoals</value></Data><Data name="waterway"><value>rapids</value></Data></ExtendedData><Point><coordinates>-82.256271,36.3418007</coordinates></Point></Placemark><Placemark><name>Shanks Ripple</name><ExtendedData><Data name="@id"><value>node/356889450</value></Data><Data name="ele"><value>327</value></Data><Data name="gnis:feature_id"><value>1642881</value></Data><Data name="name"><value>Shanks Ripple</value></Data><Data name="waterway"><value>rapids</value></Data></ExtendedData><Point><coordinates>-83.1001671,36.3725936</coordinates></Point></Placemark><Placemark><name>Wintons Ripples</name><ExtendedData><Data name="@id"><value>node/356890627</value></Data><Data name="ele"><value>226</value></Data><Data name="gnis:feature_id"><value>1644146</value></Data><Data name="name"><value>Wintons Ripples</value></Data><Data name="waterway"><value>rapids</value></Data></ExtendedData><Point><coordinates>-84.6799389,35.7584058</coordinates></Point></Placemark><Placemark><name>Bulls Shoals</name><ExtendedData><Data name="@id"><value>node/356891656</value></Data><Data name="ele"><value>329</value></Data><Data name="gnis:feature_id"><value>1644768</value></Data><Data name="name"><value>Bulls Shoals</value></Data><Data name="waterway"><value>rapids</value></Data><Data name="wikidata"><value>Q55577140</value></Data></ExtendedData><Point><coordinates>-83.386845,36.4167541</coordinates></Point></Placemark><Placemark><name>Johnsons Shoals</name><ExtendedData><Data name="@id"><value>node/356891668</value></Data><Data name="ele"><value>328</value></Data><Data name="gnis:feature_id"><value>1644792</value></Data><Data name="name"><value>Johnsons Shoals</value></Data><Data name="waterway"><value>rapids</value></Data></ExtendedData><Point><coordinates>-83.3932342,36.4189761</coordinates></Point></Placemark><Placemark><name>Macks Shoals</name><ExtendedData><Data name="@id"><value>node/356891673</value></Data><Data name="ele"><value>331</value></Data><Data name="gnis:feature_id"><value>1644798</value></Data><Data name="name"><value>Macks Shoals</value></Data><Data name="waterway"><value>rapids</value></Data></ExtendedData><Point><coordinates>-83.3782339,36.4264762</coordinates></Point></Placemark><Placemark><name>Horseshoe Bend Rapids</name><ExtendedData><Data name="@id"><value>node/356891900</value></Data><Data name="ele"><value>327</value></Data><Data name="gnis:feature_id"><value>1645038</value></Data><Data name="name"><value>Horseshoe Bend Rapids</value></Data><Data name="waterway"><value>rapids</value></Data></ExtendedData><Point><coordinates>-83.4454537,36.221478</coordinates></Point></Placemark><Placemark><name>Brooks Shoal</name><ExtendedData><Data name="@id"><value>node/356891937</value></Data><Data name="ele"><value>154</value></Data><Data name="gnis:feature_id"><value>1645064</value></Data><Data name="name"><value>Brooks Shoal</value></Data><Data name="waterway"><value>rapids</value></Data><Data name="wikidata"><value>Q55576241</value></Data></ExtendedData><Point><coordinates>-85.687756,36.3681147</coordinates></Point></Placemark><Placemark><name>Niagara Shoals</name><ExtendedData><Data name="@id"><value>node/356891973</value></Data><Data name="ele"><value>153</value></Data><Data name="gnis:feature_id"><value>1645075</value></Data><Data name="name"><value>Niagara Shoals</value></Data><Data name="waterway"><value>rapids</value></Data></ExtendedData><Point><coordinates>-85.8071473,36.2538266</coordinates></Point></Placemark><Placemark><name>Rose Shoals</name><ExtendedData><Data name="@id"><value>node/356891983</value></Data><Data name="ele"><value>154</value></Data><Data name="gnis:feature_id"><value>1645080</value></Data><Data name="name"><value>Rose Shoals</value></Data><Data name="waterway"><value>rapids</value></Data></ExtendedData><Point><coordinates>-85.6002519,36.441171</coordinates></Point></Placemark><Placemark><name>French Broad Shoals</name><ExtendedData><Data name="@id"><value>node/356891999</value></Data><Data name="ele"><value>248</value></Data><Data name="gnis:feature_id"><value>1645097</value></Data><Data name="name"><value>French Broad Shoals</value></Data><Data name="waterway"><value>rapids</value></Data></ExtendedData><Point><coordinates>-83.8560148,35.9798061</coordinates></Point></Placemark><Placemark><name>Jumping Moses Shoal</name><ExtendedData><Data name="@id"><value>node/356892029</value></Data><Data name="ele"><value>248</value></Data><Data name="gnis:feature_id"><value>1645105</value></Data><Data name="name"><value>Jumping Moses Shoal</value></Data><Data name="waterway"><value>rapids</value></Data></ExtendedData><Point><coordinates>-83.8446249,35.9534176</coordinates></Point></Placemark><Placemark><name>Mill Shoals</name><ExtendedData><Data name="@id"><value>node/356892031</value></Data><Data name="ele"><value>248</value></Data><Data name="gnis:feature_id"><value>1645107</value></Data><Data name="name"><value>Mill Shoals</value></Data><Data name="waterway"><value>rapids</value></Data></ExtendedData><Point><coordinates>-83.8418467,35.94314</coordinates></Point></Placemark><Placemark><name>Paint Rock Shoals</name><ExtendedData><Data name="@id"><value>node/356892034</value></Data><Data name="ele"><value>248</value></Data><Data name="gnis:feature_id"><value>1645109</value></Data><Data name="name"><value>Paint Rock Shoals</value></Data><Data name="waterway"><value>rapids</value></Data></ExtendedData><Point><coordinates>-83.8124013,35.9492516</coordinates></Point></Placemark><Placemark><name>Pattys Shoals</name><ExtendedData><Data name="@id"><value>node/356892035</value></Data><Data name="ele"><value>248</value></Data><Data name="gnis:feature_id"><value>1645110</value></Data><Data name="name"><value>Pattys Shoals</value></Data><Data name="waterway"><value>rapids</value></Data></ExtendedData><Point><coordinates>-83.7976786,35.9561962</coordinates></Point></Placemark><Placemark><name>Pennyroyal Shoals</name><ExtendedData><Data name="@id"><value>node/356892037</value></Data><Data name="ele"><value>248</value></Data><Data name="gnis:feature_id"><value>1645111</value></Data><Data name="name"><value>Pennyroyal Shoals</value></Data><Data name="waterway"><value>rapids</value></Data></ExtendedData><Point><coordinates>-83.8160124,35.9423071</coordinates></Point></Placemark><Placemark><name>Bryant Shoals</name><ExtendedData><Data name="@id"><value>node/356892554</value></Data><Data name="ele"><value>262</value></Data><Data name="gnis:feature_id"><value>1645388</value></Data><Data name="name"><value>Bryant Shoals</value></Data><Data name="waterway"><value>rapids</value></Data><Data name="wikidata"><value>Q55576441</value></Data></ExtendedData><Point><coordinates>-83.6048936,35.9325886</coordinates></Point></Placemark><Placemark><name>Davis Shoals</name><ExtendedData><Data name="@id"><value>node/356892576</value></Data><Data name="ele"><value>259</value></Data><Data name="gnis:feature_id"><value>1645400</value></Data><Data name="name"><value>Davis Shoals</value></Data><Data name="waterway"><value>rapids</value></Data><Data name="wikidata"><value>Q55587276</value></Data></ExtendedData><Point><coordinates>-83.6340611,35.9267549</coordinates></Point></Placemark><Placemark><name>Hanging Rock Shoals</name><ExtendedData><Data name="@id"><value>node/356892604</value></Data><Data name="ele"><value>259</value></Data><Data name="gnis:feature_id"><value>1645416</value></Data><Data name="name"><value>Hanging Rock Shoals</value></Data><Data name="waterway"><value>rapids</value></Data></ExtendedData><Point><coordinates>-83.6415614,35.9284213</coordinates></Point></Placemark><Placemark><name>The Gallops</name><ExtendedData><Data name="@id"><value>node/356892817</value></Data><Data name="ele"><value>257</value></Data><Data name="gnis:feature_id"><value>1645485</value></Data><Data name="name"><value>The Gallops</value></Data><Data name="waterway"><value>rapids</value></Data></ExtendedData><Point><coordinates>-83.6485063,35.9434211</coordinates></Point></Placemark><Placemark><name>Wild Bull Shoals</name><ExtendedData><Data name="@id"><value>node/356892849</value></Data><Data name="ele"><value>257</value></Data><Data name="gnis:feature_id"><value>1645502</value></Data><Data name="name"><value>Wild Bull Shoals</value></Data><Data name="waterway"><value>rapids</value></Data></ExtendedData><Point><coordinates>-83.6623958,35.9464764</coordinates></Point></Placemark><Placemark><name>Mousetail Eddy</name><ExtendedData><Data name="@id"><value>node/356896839</value></Data><Data name="ele"><value>109</value></Data><Data name="gnis:feature_id"><value>1649697</value></Data><Data name="name"><value>Mousetail Eddy</value></Data><Data name="waterway"><value>rapids</value></Data></ExtendedData><Point><coordinates>-88.0250323,35.691734</coordinates></Point></Placemark><Placemark><name>Big Shoals</name><ExtendedData><Data name="@id"><value>node/357081594</value></Data><Data name="ele"><value>470</value></Data><Data name="gnis:feature_id"><value>1220733</value></Data><Data name="name"><value>Big Shoals</value></Data><Data name="waterway"><value>rapids</value></Data></ExtendedData><Point><coordinates>-83.2040878,34.8893066</coordinates></Point></Placemark><Placemark><name>Blythe Shoals</name><ExtendedData><Data name="@id"><value>node/357081699</value></Data><Data name="ele"><value>308</value></Data><Data name="gnis:feature_id"><value>1220837</value></Data><Data name="name"><value>Blythe Shoals</value></Data><Data name="waterway"><value>rapids</value></Data></ExtendedData><Point><coordinates>-82.5703842,35.0704473</coordinates></Point></Placemark><Placemark><name>Chesnee Shoals</name><ExtendedData><Data name="@id"><value>node/357082394</value></Data><Data name="ele"><value>174</value></Data><Data name="gnis:feature_id"><value>1221551</value></Data><Data name="name"><value>Chesnee Shoals</value></Data><Data name="waterway"><value>rapids</value></Data></ExtendedData><Point><coordinates>-81.9406557,34.7559616</coordinates></Point></Placemark><Placemark><name>Gaston Shoals</name><ExtendedData><Data name="@id"><value>node/357084066</value></Data><Data name="ele"><value>165</value></Data><Data name="gnis:feature_id"><value>1222660</value></Data><Data name="name"><value>Gaston Shoals</value></Data><Data name="waterway"><value>rapids</value></Data></ExtendedData><Point><coordinates>-81.5970389,35.1345725</coordinates></Point></Placemark><Placemark><name>Harrison Shoals</name><ExtendedData><Data name="@id"><value>node/357084629</value></Data><Data name="ele"><value>166</value></Data><Data name="gnis:feature_id"><value>1223065</value></Data><Data name="name"><value>Harrison Shoals</value></Data><Data name="waterway"><value>rapids</value></Data></ExtendedData><Point><coordinates>-81.9381558,34.7654059</coordinates></Point></Placemark><Placemark><name>High Schoals</name><ExtendedData><Data name="@id"><value>node/357084805</value></Data><Data name="ele"><value>185</value></Data><Data name="gnis:feature_id"><value>1223172</value></Data><Data name="name"><value>High Schoals</value></Data><Data name="waterway"><value>rapids</value></Data></ExtendedData><Point><coordinates>-82.6009645,34.4470519</coordinates></Point></Placemark><Placemark><name>Nancy Thomas Shoals</name><ExtendedData><Data name="@id"><value>node/357086962</value></Data><Data name="ele"><value>163</value></Data><Data name="gnis:feature_id"><value>1224921</value></Data><Data name="name"><value>Nancy Thomas Shoals</value></Data><Data name="waterway"><value>rapids</value></Data></ExtendedData><Point><coordinates>-81.9387114,34.7654058</coordinates></Point></Placemark><Placemark><name>Nesbit Shoals</name><ExtendedData><Data name="@id"><value>node/357087006</value></Data><Data name="ele"><value>162</value></Data><Data name="gnis:feature_id"><value>1224951</value></Data><Data name="name"><value>Nesbit Shoals</value></Data><Data name="waterway"><value>rapids</value></Data></ExtendedData><Point><coordinates>-81.9273223,34.7551286</coordinates></Point></Placemark><Placemark><name>Ott Shoals</name><ExtendedData><Data name="@id"><value>node/357087558</value></Data><Data name="ele"><value>183</value></Data><Data name="gnis:feature_id"><value>1225254</value></Data><Data name="name"><value>Ott Shoals</value></Data><Data name="waterway"><value>rapids</value></Data></ExtendedData><Point><coordinates>-81.9659344,34.8012374</coordinates></Point></Placemark><Placemark><name>Possum Eddy</name><ExtendedData><Data name="@id"><value>node/357088092</value></Data><Data name="ele"><value>29</value></Data><Data name="gnis:feature_id"><value>1225645</value></Data><Data name="name"><value>Possum Eddy</value></Data><Data name="waterway"><value>rapids</value></Data></ExtendedData><Point><coordinates>-81.8170587,33.2518127</coordinates></Point></Placemark><Placemark><name>Susan Thomas Shoals</name><ExtendedData><Data name="@id"><value>node/357090012</value></Data><Data name="ele"><value>161</value></Data><Data name="gnis:feature_id"><value>1226977</value></Data><Data name="name"><value>Susan Thomas Shoals</value></Data><Data name="waterway"><value>rapids</value></Data></ExtendedData><Point><coordinates>-81.9453781,34.7617947</coordinates></Point></Placemark><Placemark><name>Wofford Shoals</name><ExtendedData><Data name="@id"><value>node/357090875</value></Data><Data name="ele"><value>177</value></Data><Data name="gnis:feature_id"><value>1227675</value></Data><Data name="name"><value>Wofford Shoals</value></Data><Data name="waterway"><value>rapids</value></Data></ExtendedData><Point><coordinates>-82.0851055,34.7440133</coordinates></Point></Placemark><Placemark><name>Dear Shoals</name><ExtendedData><Data name="@id"><value>node/357093066</value></Data><Data name="ele"><value>164</value></Data><Data name="gnis:feature_id"><value>1229054</value></Data><Data name="name"><value>Dear Shoals</value></Data><Data name="waterway"><value>rapids</value></Data></ExtendedData><Point><coordinates>-82.2845632,34.4456719</coordinates></Point></Placemark><Placemark><name>Johnson Shoals</name><ExtendedData><Data name="@id"><value>node/357093127</value></Data><Data name="ele"><value>167</value></Data><Data name="gnis:feature_id"><value>1229094</value></Data><Data name="name"><value>Johnson Shoals</value></Data><Data name="waterway"><value>rapids</value></Data></ExtendedData><Point><coordinates>-82.3012303,34.4598379</coordinates></Point></Placemark><Placemark><name>Maddox Shoals</name><ExtendedData><Data name="@id"><value>node/357093152</value></Data><Data name="ele"><value>163</value></Data><Data name="gnis:feature_id"><value>1229103</value></Data><Data name="name"><value>Maddox Shoals</value></Data><Data name="waterway"><value>rapids</value></Data></ExtendedData><Point><coordinates>-82.275952,34.4351167</coordinates></Point></Placemark><Placemark><name>Rapley Shoals</name><ExtendedData><Data name="@id"><value>node/357093195</value></Data><Data name="ele"><value>139</value></Data><Data name="gnis:feature_id"><value>1229123</value></Data><Data name="name"><value>Rapley Shoals</value></Data><Data name="waterway"><value>rapids</value></Data></ExtendedData><Point><coordinates>-82.3037356,34.2165064</coordinates></Point></Placemark><Placemark><name>Rutledge Shoals</name><ExtendedData><Data name="@id"><value>node/357093222</value></Data><Data name="ele"><value>169</value></Data><Data name="gnis:feature_id"><value>1229134</value></Data><Data name="name"><value>Rutledge Shoals</value></Data><Data name="waterway"><value>rapids</value></Data></ExtendedData><Point><coordinates>-82.3059526,34.4626155</coordinates></Point></Placemark><Placemark><name>Fairforest Shoal</name><ExtendedData><Data name="@id"><value>node/357098384</value></Data><Data name="ele"><value>119</value></Data><Data name="gnis:feature_id"><value>1232882</value></Data><Data name="name"><value>Fairforest Shoal</value></Data><Data name="waterway"><value>rapids</value></Data></ExtendedData><Point><coordinates>-81.6876014,34.6806894</coordinates></Point></Placemark><Placemark><name>Loves Shoals</name><ExtendedData><Data name="@id"><value>node/357101771</value></Data><Data name="ele"><value>42</value></Data><Data name="gnis:feature_id"><value>1235138</value></Data><Data name="name"><value>Loves Shoals</value></Data><Data name="waterway"><value>rapids</value></Data></ExtendedData><Point><coordinates>-80.6967464,34.3304267</coordinates></Point></Placemark><Placemark><name>The Rapids</name><ExtendedData><Data name="@id"><value>node/357101874</value></Data><Data name="ele"><value>155</value></Data><Data name="gnis:feature_id"><value>1235288</value></Data><Data name="name"><value>The Rapids</value></Data><Data name="waterway"><value>rapids</value></Data></ExtendedData><Point><coordinates>-81.5334261,35.0509633</coordinates></Point></Placemark><Placemark><name>Lees Shoals</name><ExtendedData><Data name="@id"><value>node/357103616</value></Data><Data name="ele"><value>167</value></Data><Data name="gnis:feature_id"><value>1236788</value></Data><Data name="name"><value>Lees Shoals</value></Data><Data name="waterway"><value>rapids</value></Data></ExtendedData><Point><coordinates>-82.5673513,34.3420532</coordinates></Point></Placemark><Placemark><name>Buck Shoals</name><ExtendedData><Data name="@id"><value>node/357103976</value></Data><Data name="ele"><value>77</value></Data><Data name="gnis:feature_id"><value>1236992</value></Data><Data name="name"><value>Buck Shoals</value></Data><Data name="waterway"><value>rapids</value></Data></ExtendedData><Point><coordinates>-81.3839874,34.3737549</coordinates></Point></Placemark><Placemark><name>Busbys Shoals</name><ExtendedData><Data name="@id"><value>node/357103977</value></Data><Data name="ele"><value>64</value></Data><Data name="gnis:feature_id"><value>1236993</value></Data><Data name="name"><value>Busbys Shoals</value></Data><Data name="waterway"><value>rapids</value></Data></ExtendedData><Point><coordinates>-81.3134298,34.2370923</coordinates></Point></Placemark><Placemark><name>Chapels Shoals</name><ExtendedData><Data name="@id"><value>node/357103983</value></Data><Data name="ele"><value>67</value></Data><Data name="gnis:feature_id"><value>1236998</value></Data><Data name="name"><value>Chapels Shoals</value></Data><Data name="waterway"><value>rapids</value></Data></ExtendedData><Point><coordinates>-81.2598171,34.2154271</coordinates></Point></Placemark><Placemark><name>Griffins Shoal</name><ExtendedData><Data name="@id"><value>node/357104018</value></Data><Data name="ele"><value>77</value></Data><Data name="gnis:feature_id"><value>1237023</value></Data><Data name="name"><value>Griffins Shoal</value></Data><Data name="waterway"><value>rapids</value></Data></ExtendedData><Point><coordinates>-81.3812095,34.3648662</coordinates></Point></Placemark><Placemark><name>Powells Shoal</name><ExtendedData><Data name="@id"><value>node/357104067</value></Data><Data name="ele"><value>78</value></Data><Data name="gnis:feature_id"><value>1237066</value></Data><Data name="name"><value>Powells Shoal</value></Data><Data name="waterway"><value>rapids</value></Data></ExtendedData><Point><coordinates>-81.3688995,34.329257</coordinates></Point></Placemark><Placemark><name>Allen Shoals</name><ExtendedData><Data name="@id"><value>node/357114928</value></Data><Data name="ele"><value>228</value></Data><Data name="gnis:feature_id"><value>1245057</value></Data><Data name="name"><value>Allen Shoals</value></Data><Data name="waterway"><value>rapids</value></Data></ExtendedData><Point><coordinates>-82.463738,34.6631711</coordinates></Point></Placemark><Placemark><name>Dacus Shoals</name><ExtendedData><Data name="@id"><value>node/357115022</value></Data><Data name="ele"><value>219</value></Data><Data name="gnis:feature_id"><value>1245121</value></Data><Data name="name"><value>Dacus Shoals</value></Data><Data name="waterway"><value>rapids</value></Data></ExtendedData><Point><coordinates>-82.3203977,34.7176186</coordinates></Point></Placemark><Placemark><name>McElhenny Shoal</name><ExtendedData><Data name="@id"><value>node/357115230</value></Data><Data name="ele"><value>259</value></Data><Data name="gnis:feature_id"><value>1245231</value></Data><Data name="name"><value>McElhenny Shoal</value></Data><Data name="waterway"><value>rapids</value></Data></ExtendedData><Point><coordinates>-82.5234587,34.9506726</coordinates></Point></Placemark><Placemark><name>Cedar Shoal</name><ExtendedData><Data name="@id"><value>node/357115388</value></Data><Data name="ele"><value>183</value></Data><Data name="gnis:feature_id"><value>1245433</value></Data><Data name="name"><value>Cedar Shoal</value></Data><Data name="waterway"><value>rapids</value></Data><Data name="wikidata"><value>Q55580765</value></Data></ExtendedData><Point><coordinates>-82.3601213,34.5140028</coordinates></Point></Placemark><Placemark><name>Narrow Shoal</name><ExtendedData><Data name="@id"><value>node/357115451</value></Data><Data name="ele"><value>176</value></Data><Data name="gnis:feature_id"><value>1245547</value></Data><Data name="name"><value>Narrow Shoal</value></Data><Data name="waterway"><value>rapids</value></Data></ExtendedData><Point><coordinates>-82.3428982,34.4995586</coordinates></Point></Placemark><Placemark><name>Berry Shoals</name><ExtendedData><Data name="@id"><value>node/357117935</value></Data><Data name="ele"><value>218</value></Data><Data name="gnis:feature_id"><value>1248109</value></Data><Data name="name"><value>Berry Shoals</value></Data><Data name="waterway"><value>rapids</value></Data></ExtendedData><Point><coordinates>-82.100941,34.8865094</coordinates></Point></Placemark><Placemark><name>Big Shoals</name><ExtendedData><Data name="@id"><value>node/357117940</value></Data><Data name="ele"><value>180</value></Data><Data name="gnis:feature_id"><value>1248115</value></Data><Data name="name"><value>Big Shoals</value></Data><Data name="waterway"><value>rapids</value></Data></ExtendedData><Point><coordinates>-81.8278808,34.9884582</coordinates></Point></Placemark><Placemark><name>Mountain Shoal</name><ExtendedData><Data name="@id"><value>node/357118294</value></Data><Data name="ele"><value>150</value></Data><Data name="gnis:feature_id"><value>1248429</value></Data><Data name="name"><value>Mountain Shoal</value></Data><Data name="waterway"><value>rapids</value></Data></ExtendedData><Point><coordinates>-81.9595421,34.649571</coordinates></Point></Placemark><Placemark><name>Neal Shoals</name><ExtendedData><Data name="@id"><value>node/357119506</value></Data><Data name="ele"><value>99</value></Data><Data name="gnis:feature_id"><value>1249775</value></Data><Data name="name"><value>Neal Shoals</value></Data><Data name="waterway"><value>rapids</value></Data></ExtendedData><Point><coordinates>-81.4467643,34.664582</coordinates></Point></Placemark><Placemark><name>Tumbling Shoals</name><ExtendedData><Data name="@id"><value>node/357121060</value></Data><Data name="ele"><value>174</value></Data><Data name="gnis:feature_id"><value>1251229</value></Data><Data name="name"><value>Tumbling Shoals</value></Data><Data name="waterway"><value>rapids</value></Data></ExtendedData><Point><coordinates>-82.2217031,34.5071957</coordinates></Point></Placemark><Placemark><name>Van Patton Shoals</name><ExtendedData><Data name="@id"><value>node/357121116</value></Data><Data name="ele"><value>199</value></Data><Data name="gnis:feature_id"><value>1251286</value></Data><Data name="name"><value>Van Patton Shoals</value></Data><Data name="waterway"><value>rapids</value></Data></ExtendedData><Point><coordinates>-82.1185517,34.760512</coordinates></Point></Placemark><Placemark><name>Five Pine Rapids</name><ExtendedData><Data name="@id"><value>node/357275976</value></Data><Data name="ele"><value>315</value></Data><Data name="gnis:feature_id"><value>372713</value></Data><Data name="name"><value>Five Pine Rapids</value></Data><Data name="waterway"><value>rapids</value></Data></ExtendedData><Point><coordinates>-116.5996726,45.7797233</coordinates></Point></Placemark><Placemark><name>Lower Cache Creek Rapids</name><ExtendedData><Data name="@id"><value>node/357275979</value></Data><Data name="ele"><value>262</value></Data><Data name="gnis:feature_id"><value>373751</value></Data><Data name="name"><value>Lower Cache Creek Rapids</value></Data><Data name="waterway"><value>rapids</value></Data></ExtendedData><Point><coordinates>-116.9117077,45.990252</coordinates></Point></Placemark><Placemark><name>Wildhorse Rapids</name><ExtendedData><Data name="@id"><value>node/357275983</value></Data><Data name="ele"><value>550</value></Data><Data name="gnis:feature_id"><value>375900</value></Data><Data name="name"><value>Wildhorse Rapids</value></Data><Data name="waterway"><value>rapids</value></Data></ExtendedData><Point><coordinates>-116.8973856,44.8546025</coordinates></Point></Placemark><Placemark><name>Wolf Creek Rapids</name><ExtendedData><Data name="@id"><value>node/357275988</value></Data><Data name="ele"><value>318</value></Data><Data name="gnis:feature_id"><value>375975</value></Data><Data name="name"><value>Wolf Creek Rapids</value></Data><Data name="waterway"><value>rapids</value></Data></ExtendedData><Point><coordinates>-116.5818101,45.7707477</coordinates></Point></Placemark><Placemark><name>Copper Creek Rapids</name><ExtendedData><Data name="@id"><value>node/357276004</value></Data><Data name="ele"><value>322</value></Data><Data name="gnis:feature_id"><value>379713</value></Data><Data name="name"><value>Copper Creek Rapids</value></Data><Data name="waterway"><value>rapids</value></Data></ExtendedData><Point><coordinates>-116.5506872,45.7532684</coordinates></Point></Placemark><Placemark><name>Deep Creek Rapids</name><ExtendedData><Data name="@id"><value>node/357276008</value></Data><Data name="ele"><value>306</value></Data><Data name="gnis:feature_id"><value>380397</value></Data><Data name="name"><value>Deep Creek Rapids</value></Data><Data name="waterway"><value>rapids</value></Data></ExtendedData><Point><coordinates>-116.6547546,45.7801727</coordinates></Point></Placemark><Placemark><name>Dug Creek Rapids</name><ExtendedData><Data name="@id"><value>node/357276011</value></Data><Data name="ele"><value>303</value></Data><Data name="gnis:feature_id"><value>380923</value></Data><Data name="name"><value>Dug Creek Rapids</value></Data><Data name="waterway"><value>rapids</value></Data></ExtendedData><Point><coordinates>-116.6754903,45.790237</coordinates></Point></Placemark><Placemark><name>Imnaha Rapids</name><ExtendedData><Data name="@id"><value>node/357276015</value></Data><Data name="ele"><value>288</value></Data><Data name="gnis:feature_id"><value>383627</value></Data><Data name="name"><value>Imnaha Rapids</value></Data><Data name="waterway"><value>rapids</value></Data></ExtendedData><Point><coordinates>-116.7657008,45.8182866</coordinates></Point></Placemark><Placemark><name>Kerrs Rapids</name><ExtendedData><Data name="@id"><value>node/357276019</value></Data><Data name="addr:state"><value>ID</value></Data><Data name="ele"><value>514</value></Data><Data name="gnis:feature_id"><value>384189</value></Data><Data name="name"><value>Kerrs Rapids</value></Data><Data name="waterway"><value>rapids</value></Data></ExtendedData><Point><coordinates>-116.835711,45.0326561</coordinates></Point></Placemark><Placemark><name>Robinson Gulch Rapids</name><ExtendedData><Data name="@id"><value>node/357276031</value></Data><Data name="ele"><value>305</value></Data><Data name="gnis:feature_id"><value>389458</value></Data><Data name="name"><value>Robinson Gulch Rapids</value></Data><Data name="waterway"><value>rapids</value></Data></ExtendedData><Point><coordinates>-116.6658122,45.7827549</coordinates></Point></Placemark><Placemark><name>Sturgill Rapids</name><ExtendedData><Data name="@id"><value>node/357276040</value></Data><Data name="ele"><value>629</value></Data><Data name="gnis:feature_id"><value>391572</value></Data><Data name="name"><value>Sturgill Rapids</value></Data><Data name="waterway"><value>rapids</value></Data></ExtendedData><Point><coordinates>-117.0785077,44.680439</coordinates></Point></Placemark><Placemark><name>Upper Pleasant Valley Rapids</name><ExtendedData><Data name="@id"><value>node/357276044</value></Data><Data name="ele"><value>343</value></Data><Data name="gnis:feature_id"><value>392644</value></Data><Data name="name"><value>Upper Pleasant Valley Rapids</value></Data><Data name="waterway"><value>rapids</value></Data></ExtendedData><Point><coordinates>-116.4836845,45.6421915</coordinates></Point></Placemark><Placemark><name>Zigzag Rapids</name><ExtendedData><Data name="@id"><value>node/357276053</value></Data><Data name="ele"><value>294</value></Data><Data name="gnis:feature_id"><value>393784</value></Data><Data name="name"><value>Zigzag Rapids</value></Data><Data name="waterway"><value>rapids</value></Data></ExtendedData><Point><coordinates>-116.7208931,45.8258554</coordinates></Point></Placemark><Placemark><name>Half Moon Riffle</name><ExtendedData><Data name="@id"><value>node/357276111</value></Data><Data name="ele"><value>78</value></Data><Data name="gnis:feature_id"><value>1116482</value></Data><Data name="name"><value>Half Moon Riffle</value></Data><Data name="waterway"><value>rapids</value></Data></ExtendedData><Point><coordinates>-123.9423091,42.693444</coordinates></Point></Placemark><Placemark><name>Paradise Riffle</name><ExtendedData><Data name="@id"><value>node/357276123</value></Data><Data name="ele"><value>80</value></Data><Data name="gnis:feature_id"><value>1116486</value></Data><Data name="name"><value>Paradise Riffle</value></Data><Data name="waterway"><value>rapids</value></Data></ExtendedData><Point><coordinates>-123.9372826,42.6978013</coordinates></Point></Placemark><Placemark><name>Beaver Eddy</name><ExtendedData><Data name="@id"><value>node/357277160</value></Data><Data name="addr:state"><value>OR</value></Data><Data name="ele"><value>101</value></Data><Data name="gnis:feature_id"><value>1117444</value></Data><Data name="name"><value>Beaver Eddy</value></Data><Data name="waterway"><value>rapids</value></Data></ExtendedData><Point><coordinates>-123.6480991,45.7780449</coordinates></Point></Placemark><Placemark><name>Clackamas Rapids</name><ExtendedData><Data name="@id"><value>node/357278927</value></Data><Data name="ele"><value>4</value></Data><Data name="gnis:feature_id"><value>1118960</value></Data><Data name="name"><value>Clackamas Rapids</value></Data><Data name="waterway"><value>rapids</value></Data></ExtendedData><Point><coordinates>-122.6085014,45.3703135</coordinates></Point></Placemark><Placemark><name>Cleveland Rapids</name><ExtendedData><Data name="@id"><value>node/357279059</value></Data><Data name="addr:state"><value>OR</value></Data><Data name="ele"><value>106</value></Data><Data name="gnis:feature_id"><value>1119017</value></Data><Data name="name"><value>Cleveland Rapids</value></Data><Data name="waterway"><value>rapids</value></Data></ExtendedData><Point><coordinates>-123.4700811,43.2920595</coordinates></Point></Placemark><Placemark><name>Fish Eddy</name><ExtendedData><Data name="@id"><value>node/357280646</value></Data><Data name="addr:state"><value>OR</value></Data><Data name="ele"><value>17</value></Data><Data name="gnis:feature_id"><value>1120763</value></Data><Data name="name"><value>Fish Eddy</value></Data><Data name="source"><value>NOAA chart</value></Data><Data name="waterway"><value>rapids</value></Data></ExtendedData><Point><coordinates>-122.665647,45.2845653</coordinates></Point></Placemark><Placemark><name>Frenchy Rapids</name><ExtendedData><Data name="@id"><value>node/357280883</value></Data><Data name="ele"><value>269</value></Data><Data name="gnis:feature_id"><value>1120991</value></Data><Data name="name"><value>Frenchy Rapids</value></Data><Data name="waterway"><value>rapids</value></Data></ExtendedData><Point><coordinates>-116.8382021,45.8898768</coordinates></Point></Placemark><Placemark><name>Lower Pittsburg Rapids</name><ExtendedData><Data name="@id"><value>node/357284034</value></Data><Data name="ele"><value>344</value></Data><Data name="gnis:feature_id"><value>1123580</value></Data><Data name="name"><value>Lower Pittsburg Rapids</value></Data><Data name="waterway"><value>rapids</value></Data></ExtendedData><Point><coordinates>-116.4824607,45.637001</coordinates></Point></Placemark><Placemark><name>Morrison Eddy</name><ExtendedData><Data name="@id"><value>node/357284847</value></Data><Data name="ele"><value>70</value></Data><Data name="gnis:feature_id"><value>1124373</value></Data><Data name="name"><value>Morrison Eddy</value></Data><Data name="waterway"><value>rapids</value></Data></ExtendedData><Point><coordinates>-123.6431809,45.7645553</coordinates></Point></Placemark><Placemark><name>Pleasant Valley Rapids</name><ExtendedData><Data name="@id"><value>node/357286210</value></Data><Data name="ele"><value>337</value></Data><Data name="gnis:feature_id"><value>1125484</value></Data><Data name="name"><value>Pleasant Valley Rapids</value></Data><Data name="waterway"><value>rapids</value></Data></ExtendedData><Point><coordinates>-116.4876422,45.6493279</coordinates></Point></Placemark><Placemark><name>Savage Rapids</name><ExtendedData><Data name="@id"><value>node/357287908</value></Data><Data name="ele"><value>293</value></Data><Data name="gnis:feature_id"><value>1126614</value></Data><Data name="name"><value>Savage Rapids</value></Data><Data name="waterway"><value>rapids</value></Data></ExtendedData><Point><coordinates>-123.2328334,42.4217864</coordinates></Point></Placemark><Placemark><name>Upper Pleasant Valley Rapids</name><ExtendedData><Data name="@id"><value>node/357290337</value></Data><Data name="ele"><value>343</value></Data><Data name="gnis:feature_id"><value>1128469</value></Data><Data name="name"><value>Upper Pleasant Valley Rapids</value></Data><Data name="waterway"><value>rapids</value></Data></ExtendedData><Point><coordinates>-116.4844276,45.640973</coordinates></Point></Placemark><Placemark><name>Walnut Eddy</name><ExtendedData><Data name="@id"><value>node/357290683</value></Data><Data name="addr:state"><value>OR</value></Data><Data name="ele"><value>17</value></Data><Data name="gnis:feature_id"><value>1128616</value></Data><Data name="name"><value>Walnut Eddy</value></Data><Data name="waterway"><value>rapids</value></Data></ExtendedData><Point><coordinates>-122.6850927,45.2984538</coordinates></Point></Placemark><Placemark><name>White Horse Rapids</name><ExtendedData><Data name="@id"><value>node/357291230</value></Data><Data name="addr:state"><value>OR</value></Data><Data name="ele"><value>354</value></Data><Data name="gnis:feature_id"><value>1128981</value></Data><Data name="name"><value>White Horse Rapids</value></Data><Data name="waterway"><value>rapids</value></Data></ExtendedData><Point><coordinates>-121.0785217,44.941656</coordinates></Point></Placemark><Placemark><name>Middle Pittsburg Rapids</name><ExtendedData><Data name="@id"><value>node/357294796</value></Data><Data name="ele"><value>347</value></Data><Data name="gnis:feature_id"><value>1130985</value></Data><Data name="name"><value>Middle Pittsburg Rapids</value></Data><Data name="waterway"><value>rapids</value></Data></ExtendedData><Point><coordinates>-116.4726416,45.6296062</coordinates></Point></Placemark><Placemark><name>Churchill Rapids</name><ExtendedData><Data name="@id"><value>node/357297746</value></Data><Data name="addr:state"><value>OR</value></Data><Data name="ele"><value>93</value></Data><Data name="gnis:feature_id"><value>1132639</value></Data><Data name="name"><value>Churchill Rapids</value></Data><Data name="waterway"><value>rapids</value></Data></ExtendedData><Point><coordinates>-123.5081421,43.3748374</coordinates></Point></Placemark><Placemark><name>Leatherwood Rapids</name><ExtendedData><Data name="@id"><value>node/357298048</value></Data><Data name="addr:state"><value>OR</value></Data><Data name="ele"><value>106</value></Data><Data name="gnis:feature_id"><value>1132987</value></Data><Data name="name"><value>Leatherwood Rapids</value></Data><Data name="waterway"><value>rapids</value></Data></ExtendedData><Point><coordinates>-123.4706367,43.2942818</coordinates></Point></Placemark><Placemark><name>Shoofly Rapids</name><ExtendedData><Data name="@id"><value>node/357300474</value></Data><Data name="addr:state"><value>OR</value></Data><Data name="ele"><value>485</value></Data><Data name="gnis:feature_id"><value>1133429</value></Data><Data name="name"><value>Shoofly Rapids</value></Data><Data name="waterway"><value>rapids</value></Data></ExtendedData><Point><coordinates>-120.091145,44.763266</coordinates></Point></Placemark><Placemark><name>Bills Creek Rapids</name><ExtendedData><Data name="@id"><value>node/357302323</value></Data><Data name="ele"><value>404</value></Data><Data name="gnis:feature_id"><value>1133831</value></Data><Data name="name"><value>Bills Creek Rapids</value></Data><Data name="waterway"><value>rapids</value></Data></ExtendedData><Point><coordinates>-116.5925321,45.4268745</coordinates></Point></Placemark><Placemark><name>Three Creek Rapids</name><ExtendedData><Data name="@id"><value>node/357302328</value></Data><Data name="ele"><value>416</value></Data><Data name="gnis:feature_id"><value>1133839</value></Data><Data name="name"><value>Three Creek Rapids</value></Data><Data name="waterway"><value>rapids</value></Data></ExtendedData><Point><coordinates>-116.6415107,45.3670371</coordinates></Point></Placemark><Placemark><name>Crow Rapids</name><ExtendedData><Data name="@id"><value>node/357302892</value></Data><Data name="addr:state"><value>OR</value></Data><Data name="ele"><value>101</value></Data><Data name="gnis:feature_id"><value>1134232</value></Data><Data name="name"><value>Crow Rapids</value></Data><Data name="waterway"><value>rapids</value></Data></ExtendedData><Point><coordinates>-123.458415,43.3215043</coordinates></Point></Placemark><Placemark><name>Coyote Riffle</name><ExtendedData><Data name="@id"><value>node/357303788</value></Data><Data name="addr:state"><value>OR</value></Data><Data name="ele"><value>5</value></Data><Data name="gnis:feature_id"><value>1135030</value></Data><Data name="name"><value>Coyote Riffle</value></Data><Data name="waterway"><value>rapids</value></Data></ExtendedData><Point><coordinates>-124.3470457,42.466498</coordinates></Point></Placemark><Placemark><name>Wakeman Riffle</name><ExtendedData><Data name="@id"><value>node/357303791</value></Data><Data name="addr:state"><value>OR</value></Data><Data name="ele"><value>7</value></Data><Data name="gnis:feature_id"><value>1135032</value></Data><Data name="name"><value>Wakeman Riffle</value></Data><Data name="waterway"><value>rapids</value></Data></ExtendedData><Point><coordinates>-124.3395451,42.4734422</coordinates></Point></Placemark><Placemark><name>Jimmy Davis Riffle</name><ExtendedData><Data name="@id"><value>node/357303804</value></Data><Data name="addr:state"><value>OR</value></Data><Data name="ele"><value>10</value></Data><Data name="gnis:feature_id"><value>1135037</value></Data><Data name="name"><value>Jimmy Davis Riffle</value></Data><Data name="waterway"><value>rapids</value></Data></ExtendedData><Point><coordinates>-124.3077976,42.4964544</coordinates></Point></Placemark><Placemark><name>Scow Riffle</name><ExtendedData><Data name="@id"><value>node/357304130</value></Data><Data name="addr:state"><value>OR</value></Data><Data name="ele"><value>12</value></Data><Data name="gnis:feature_id"><value>1135231</value></Data><Data name="name"><value>Scow Riffle</value></Data><Data name="waterway"><value>rapids</value></Data></ExtendedData><Point><coordinates>-124.2773438,42.5017028</coordinates></Point></Placemark><Placemark><name>William Miller Riffle</name><ExtendedData><Data name="@id"><value>node/357304141</value></Data><Data name="addr:state"><value>OR</value></Data><Data name="ele"><value>13</value></Data><Data name="gnis:feature_id"><value>1135233</value></Data><Data name="name"><value>William Miller Riffle</value></Data><Data name="waterway"><value>rapids</value></Data></ExtendedData><Point><coordinates>-124.2638791,42.5011254</coordinates></Point></Placemark><Placemark><name>Trail Creek Riffle</name><ExtendedData><Data name="@id"><value>node/357304176</value></Data><Data name="addr:state"><value>OR</value></Data><Data name="ele"><value>439</value></Data><Data name="gnis:feature_id"><value>1135295</value></Data><Data name="name"><value>Trail Creek Riffle</value></Data><Data name="waterway"><value>rapids</value></Data></ExtendedData><Point><coordinates>-122.8087627,42.645908</coordinates></Point></Placemark><Placemark><name>Rattlesnake Rapids</name><ExtendedData><Data name="@id"><value>node/357304313</value></Data><Data name="addr:state"><value>OR</value></Data><Data name="ele"><value>381</value></Data><Data name="gnis:feature_id"><value>1135374</value></Data><Data name="name"><value>Rattlesnake Rapids</value></Data><Data name="waterway"><value>rapids</value></Data></ExtendedData><Point><coordinates>-122.8497643,42.4992915</coordinates></Point></Placemark><Placemark><name>Hardy Riffle</name><ExtendedData><Data name="@id"><value>node/357304797</value></Data><Data name="addr:state"><value>OR</value></Data><Data name="ele"><value>348</value></Data><Data name="gnis:feature_id"><value>1135719</value></Data><Data name="name"><value>Hardy Riffle</value></Data><Data name="waterway"><value>rapids</value></Data></ExtendedData><Point><coordinates>-123.0031021,42.4573456</coordinates></Point></Placemark><Placemark><name>Andys Rapids</name><ExtendedData><Data name="@id"><value>node/357306426</value></Data><Data name="ele"><value>794</value></Data><Data name="gnis:feature_id"><value>1137216</value></Data><Data name="name"><value>Andys Rapids</value></Data><Data name="waterway"><value>rapids</value></Data></ExtendedData><Point><coordinates>-117.8915992,45.6137511</coordinates></Point></Placemark><Placemark><name>Big Sulphur Rapids</name><ExtendedData><Data name="@id"><value>node/357307073</value></Data><Data name="ele"><value>309</value></Data><Data name="gnis:feature_id"><value>1138086</value></Data><Data name="name"><value>Big Sulphur Rapids</value></Data><Data name="waterway"><value>rapids</value></Data></ExtendedData><Point><coordinates>-116.6386614,45.7820854</coordinates></Point></Placemark><Placemark><name>Butterfield Riffle</name><ExtendedData><Data name="@id"><value>node/357307714</value></Data><Data name="addr:state"><value>OR</value></Data><Data name="ele"><value>7</value></Data><Data name="gnis:feature_id"><value>1139067</value></Data><Data name="name"><value>Butterfield Riffle</value></Data><Data name="waterway"><value>rapids</value></Data></ExtendedData><Point><coordinates>-123.9876135,44.8045588</coordinates></Point></Placemark><Placemark><name>Cochran Rapids</name><ExtendedData><Data name="@id"><value>node/357308183</value></Data><Data name="ele"><value>264</value></Data><Data name="gnis:feature_id"><value>1139880</value></Data><Data name="name"><value>Cochran Rapids</value></Data><Data name="waterway"><value>rapids</value></Data></ExtendedData><Point><coordinates>-116.8933099,45.9611658</coordinates></Point></Placemark><Placemark><name>Cougar Rapids</name><ExtendedData><Data name="@id"><value>node/357308326</value></Data><Data name="ele"><value>265</value></Data><Data name="gnis:feature_id"><value>1140239</value></Data><Data name="name"><value>Cougar Rapids</value></Data><Data name="waterway"><value>rapids</value></Data></ExtendedData><Point><coordinates>-116.8786405,45.9573162</coordinates></Point></Placemark><Placemark><name>Crooked Riffle</name><ExtendedData><Data name="@id"><value>node/357308466</value></Data><Data name="addr:state"><value>OR</value></Data><Data name="ele"><value>27</value></Data><Data name="gnis:feature_id"><value>1140472</value></Data><Data name="name"><value>Crooked Riffle</value></Data><Data name="waterway"><value>rapids</value></Data></ExtendedData><Point><coordinates>-124.0912901,42.5617613</coordinates></Point></Placemark><Placemark><name>Deep Creek Rapids</name><ExtendedData><Data name="@id"><value>node/357308670</value></Data><Data name="ele"><value>306</value></Data><Data name="gnis:feature_id"><value>1140809</value></Data><Data name="name"><value>Deep Creek Rapids</value></Data><Data name="waterway"><value>rapids</value></Data></ExtendedData><Point><coordinates>-116.6554229,45.7798799</coordinates></Point></Placemark><Placemark><name>Divide Creek Rapids</name><ExtendedData><Data name="@id"><value>node/357308797</value></Data><Data name="ele"><value>292</value></Data><Data name="gnis:feature_id"><value>1141066</value></Data><Data name="name"><value>Divide Creek Rapids</value></Data><Data name="waterway"><value>rapids</value></Data></ExtendedData><Point><coordinates>-116.7376023,45.8259077</coordinates></Point></Placemark><Placemark><name>Durham Rapids</name><ExtendedData><Data name="@id"><value>node/357308967</value></Data><Data name="ele"><value>354</value></Data><Data name="gnis:feature_id"><value>1141419</value></Data><Data name="name"><value>Durham Rapids</value></Data><Data name="waterway"><value>rapids</value></Data></ExtendedData><Point><coordinates>-116.4657451,45.6185726</coordinates></Point></Placemark><Placemark><name>Everton Riffle</name><ExtendedData><Data name="@id"><value>node/357309209</value></Data><Data name="addr:state"><value>OR</value></Data><Data name="ele"><value>246</value></Data><Data name="gnis:feature_id"><value>1141935</value></Data><Data name="name"><value>Everton Riffle</value></Data><Data name="waterway"><value>rapids</value></Data></ExtendedData><Point><coordinates>-123.4906203,42.4828929</coordinates></Point></Placemark><Placemark><name>Hellion Rapids</name><ExtendedData><Data name="@id"><value>node/357310254</value></Data><Data name="addr:state"><value>OR</value></Data><Data name="ele"><value>19</value></Data><Data name="gnis:feature_id"><value>1143463</value></Data><Data name="name"><value>Hellion Rapids</value></Data><Data name="waterway"><value>rapids</value></Data></ExtendedData><Point><coordinates>-123.8334448,44.3923427</coordinates></Point></Placemark><Placemark><name>Lower Dug Bar Rapids</name><ExtendedData><Data name="@id"><value>node/357312048</value></Data><Data name="ele"><value>299</value></Data><Data name="gnis:feature_id"><value>1145614</value></Data><Data name="name"><value>Lower Dug Bar Rapids</value></Data><Data name="waterway"><value>rapids</value></Data></ExtendedData><Point><coordinates>-116.6935942,45.8125684</coordinates></Point></Placemark><Placemark><name>Middle Kirby Rapids</name><ExtendedData><Data name="@id"><value>node/357312384</value></Data><Data name="ele"><value>365;364</value></Data><Data name="gnis:feature_id"><value>1146171;386859</value></Data><Data name="name"><value>Middle Kirby Rapids</value></Data><Data name="waterway"><value>rapids</value></Data></ExtendedData><Point><coordinates>-116.483277,45.5843517</coordinates></Point></Placemark><Placemark><name>Mountain Sheep Rapids</name><ExtendedData><Data name="@id"><value>node/357312690</value></Data><Data name="ele"><value>280</value></Data><Data name="gnis:feature_id"><value>1146546</value></Data><Data name="name"><value>Mountain Sheep Rapids</value></Data><Data name="waterway"><value>rapids</value></Data></ExtendedData><Point><coordinates>-116.7888291,45.8367551</coordinates></Point></Placemark><Placemark><name>Roland Bar Rapids</name><ExtendedData><Data name="@id"><value>node/357314714</value></Data><Data name="ele"><value>319</value></Data><Data name="gnis:feature_id"><value>1148704</value></Data><Data name="name"><value>Roland Bar Rapids</value></Data><Data name="waterway"><value>rapids</value></Data></ExtendedData><Point><coordinates>-116.5711205,45.7641766</coordinates></Point></Placemark><Placemark><name>Sturgill Rapids</name><ExtendedData><Data name="@id"><value>node/357316129</value></Data><Data name="ele"><value>635</value></Data><Data name="gnis:feature_id"><value>1150515</value></Data><Data name="name"><value>Sturgill Rapids</value></Data><Data name="waterway"><value>rapids</value></Data></ExtendedData><Point><coordinates>-117.0812856,44.6809945</coordinates></Point></Placemark><Placemark><name>Warm Springs Rapids</name><ExtendedData><Data name="@id"><value>node/357317573</value></Data><Data name="ele"><value>297</value></Data><Data name="gnis:feature_id"><value>1151903</value></Data><Data name="name"><value>Warm Springs Rapids</value></Data><Data name="waterway"><value>rapids</value></Data></ExtendedData><Point><coordinates>-116.7004174,45.8210687</coordinates></Point></Placemark><Placemark><name>Whitehorse Rapids</name><ExtendedData><Data name="@id"><value>node/357318013</value></Data><Data name="ele"><value>295</value></Data><Data name="gnis:feature_id"><value>1152260</value></Data><Data name="name"><value>Whitehorse Rapids</value></Data><Data name="waterway"><value>rapids</value></Data></ExtendedData><Point><coordinates>-116.7117648,45.8264513</coordinates></Point></Placemark><Placemark><name>Slaughter Gulch Rapids</name><ExtendedData><Data name="@id"><value>node/357318540</value></Data><Data name="ele"><value>365</value></Data><Data name="gnis:feature_id"><value>1152871</value></Data><Data name="name"><value>Slaughter Gulch Rapids</value></Data><Data name="waterway"><value>rapids</value></Data></ExtendedData><Point><coordinates>-116.5032696,45.5643143</coordinates></Point></Placemark><Placemark><name>Hurricane Rapids</name><ExtendedData><Data name="@id"><value>node/357318562</value></Data><Data name="ele"><value>1703</value></Data><Data name="gnis:feature_id"><value>1152879</value></Data><Data name="name"><value>Hurricane Rapids</value></Data><Data name="waterway"><value>rapids</value></Data></ExtendedData><Point><coordinates>-117.3072028,45.2749634</coordinates></Point></Placemark><Placemark><name>Granite Rapids</name><ExtendedData><Data name="@id"><value>node/357318575</value></Data><Data name="ele"><value>454</value></Data><Data name="gnis:feature_id"><value>1152895</value></Data><Data name="name"><value>Granite Rapids</value></Data><Data name="waterway"><value>rapids</value></Data></ExtendedData><Point><coordinates>-116.6504406,45.3539424</coordinates></Point></Placemark><Placemark><name>Little Bar Rapids</name><ExtendedData><Data name="@id"><value>node/357318642</value></Data><Data name="ele"><value>379</value></Data><Data name="gnis:feature_id"><value>1153001</value></Data><Data name="name"><value>Little Bar Rapids</value></Data><Data name="waterway"><value>rapids</value></Data></ExtendedData><Point><coordinates>-116.5379316,45.5231173</coordinates></Point></Placemark><Placemark><name>Hominy Creek Rapids</name><ExtendedData><Data name="@id"><value>node/357318650</value></Data><Data name="ele"><value>373</value></Data><Data name="gnis:feature_id"><value>1153002</value></Data><Data name="name"><value>Hominy Creek Rapids</value></Data><Data name="waterway"><value>rapids</value></Data></ExtendedData><Point><coordinates>-116.5257926,45.5452781</coordinates></Point></Placemark><Placemark><name>Salt Creek Rapids</name><ExtendedData><Data name="@id"><value>node/357318657</value></Data><Data name="ele"><value>375</value></Data><Data name="gnis:feature_id"><value>1153003</value></Data><Data name="name"><value>Salt Creek Rapids</value></Data><Data name="waterway"><value>rapids</value></Data></ExtendedData><Point><coordinates>-116.5274607,45.5520977</coordinates></Point></Placemark><Placemark><name>China Bar Rapids</name><ExtendedData><Data name="@id"><value>node/357318664</value></Data><Data name="ele"><value>542</value></Data><Data name="gnis:feature_id"><value>1153004</value></Data><Data name="name"><value>China Bar Rapids</value></Data><Data name="waterway"><value>rapids</value></Data></ExtendedData><Point><coordinates>-116.5097358,45.5570388</coordinates></Point></Placemark><Placemark><name>No-Name Rapids</name><ExtendedData><Data name="@id"><value>node/357318671</value></Data><Data name="ele"><value>408</value></Data><Data name="gnis:feature_id"><value>1153007</value></Data><Data name="name"><value>No-Name Rapids</value></Data><Data name="waterway"><value>rapids</value></Data></ExtendedData><Point><coordinates>-116.6079932,45.4058806</coordinates></Point></Placemark><Placemark><name>Wild Sheep Rapids</name><ExtendedData><Data name="@id"><value>node/357318680</value></Data><Data name="ele"><value>427</value></Data><Data name="gnis:feature_id"><value>1153008</value></Data><Data name="name"><value>Wild Sheep Rapids</value></Data><Data name="waterway"><value>rapids</value></Data></ExtendedData><Point><coordinates>-116.6696304,45.3262697</coordinates></Point></Placemark><Placemark><name>Sluice Creek Rapids</name><ExtendedData><Data name="@id"><value>node/357318686</value></Data><Data name="ele"><value>407</value></Data><Data name="gnis:feature_id"><value>1153009</value></Data><Data name="name"><value>Sluice Creek Rapids</value></Data><Data name="waterway"><value>rapids</value></Data></ExtendedData><Point><coordinates>-116.5873269,45.4438098</coordinates></Point></Placemark><Placemark><name>Rush Creek Rapids</name><ExtendedData><Data name="@id"><value>node/357318694</value></Data><Data name="ele"><value>391</value></Data><Data name="gnis:feature_id"><value>1153010</value></Data><Data name="name"><value>Rush Creek Rapids</value></Data><Data name="waterway"><value>rapids</value></Data></ExtendedData><Point><coordinates>-116.5803998,45.4496473</coordinates></Point></Placemark><Placemark><name>Eagle Nest Rapids</name><ExtendedData><Data name="@id"><value>node/357318698</value></Data><Data name="ele"><value>425</value></Data><Data name="gnis:feature_id"><value>1153012</value></Data><Data name="name"><value>Eagle Nest Rapids</value></Data><Data name="waterway"><value>rapids</value></Data></ExtendedData><Point><coordinates>-116.5577371,45.4830089</coordinates></Point></Placemark><Placemark><name>Somers Creek Rapids</name><ExtendedData><Data name="@id"><value>node/357318781</value></Data><Data name="ele"><value>336</value></Data><Data name="gnis:feature_id"><value>1153078</value></Data><Data name="name"><value>Somers Creek Rapids</value></Data><Data name="waterway"><value>rapids</value></Data></ExtendedData><Point><coordinates>-116.5289686,45.6827345</coordinates></Point></Placemark><Placemark><name>Lookout Creek Rapids</name><ExtendedData><Data name="@id"><value>node/357318786</value></Data><Data name="ele"><value>332</value></Data><Data name="gnis:feature_id"><value>1153079</value></Data><Data name="name"><value>Lookout Creek Rapids</value></Data><Data name="waterway"><value>rapids</value></Data></ExtendedData><Point><coordinates>-116.5382415,45.713971</coordinates></Point></Placemark><Placemark><name>Yankee Bar Rapids</name><ExtendedData><Data name="@id"><value>node/357318813</value></Data><Data name="ele"><value>364</value></Data><Data name="gnis:feature_id"><value>1153101</value></Data><Data name="name"><value>Yankee Bar Rapids</value></Data><Data name="waterway"><value>rapids</value></Data></ExtendedData><Point><coordinates>-116.4921749,45.5732327</coordinates></Point></Placemark><Placemark><name>Muir Rapids</name><ExtendedData><Data name="@id"><value>node/357318818</value></Data><Data name="ele"><value>366</value></Data><Data name="gnis:feature_id"><value>1153102</value></Data><Data name="name"><value>Muir Rapids</value></Data><Data name="waterway"><value>rapids</value></Data></ExtendedData><Point><coordinates>-116.4829187,45.5776625</coordinates></Point></Placemark><Placemark><name>Coral Creek Reef</name><ExtendedData><Data name="@id"><value>node/357319429</value></Data><Data name="ele"><value>354</value></Data><Data name="gnis:feature_id"><value>1153740</value></Data><Data name="name"><value>Coral Creek Reef</value></Data><Data name="waterway"><value>rapids</value></Data></ExtendedData><Point><coordinates>-116.4662521,45.5998846</coordinates></Point></Placemark><Placemark><name>Upper Pittsburg Rapids</name><ExtendedData><Data name="@id"><value>node/357319434</value></Data><Data name="ele"><value>354</value></Data><Data name="gnis:feature_id"><value>1153741</value></Data><Data name="name"><value>Upper Pittsburg Rapids</value></Data><Data name="waterway"><value>rapids</value></Data></ExtendedData><Point><coordinates>-116.4723481,45.625693</coordinates></Point></Placemark><Placemark><name>Ennis Riffle</name><ExtendedData><Data name="@id"><value>node/357320136</value></Data><Data name="ele"><value>224</value></Data><Data name="gnis:feature_id"><value>1154247</value></Data><Data name="name"><value>Ennis Riffle</value></Data><Data name="waterway"><value>rapids</value></Data></ExtendedData><Point><coordinates>-123.5734021,42.5623364</coordinates></Point></Placemark><Placemark><name>Hells Canyon Rapids</name><ExtendedData><Data name="@id"><value>node/357320142</value></Data><Data name="ele"><value>466</value></Data><Data name="gnis:feature_id"><value>1154258</value></Data><Data name="name"><value>Hells Canyon Rapids</value></Data><Data name="waterway"><value>rapids</value></Data></ExtendedData><Point><coordinates>-116.6959809,45.254327</coordinates></Point></Placemark><Placemark><name>Bedrock Riffle</name><ExtendedData><Data name="@id"><value>node/357320155</value></Data><Data name="ele"><value>254</value></Data><Data name="gnis:feature_id"><value>1154269</value></Data><Data name="name"><value>Bedrock Riffle</value></Data><Data name="waterway"><value>rapids</value></Data></ExtendedData><Point><coordinates>-123.4886755,42.4437263</coordinates></Point></Placemark><Placemark><name>Clay Hill Rapids</name><ExtendedData><Data name="@id"><value>node/357320160</value></Data><Data name="ele"><value>59</value></Data><Data name="gnis:feature_id"><value>1154275</value></Data><Data name="name"><value>Clay Hill Rapids</value></Data><Data name="waterway"><value>rapids</value></Data></ExtendedData><Point><coordinates>-123.9831376,42.6671603</coordinates></Point></Placemark><Placemark><name>Brushy Chutes</name><ExtendedData><Data name="@id"><value>node/357320175</value></Data><Data name="ele"><value>246</value></Data><Data name="gnis:feature_id"><value>1154285</value></Data><Data name="name"><value>Brushy Chutes</value></Data><Data name="waterway"><value>rapids</value></Data></ExtendedData><Point><coordinates>-123.4928426,42.4837262</coordinates></Point></Placemark><Placemark><name>Chair Riffle</name><ExtendedData><Data name="@id"><value>node/357320184</value></Data><Data name="ele"><value>203</value></Data><Data name="gnis:feature_id"><value>1154287</value></Data><Data name="name"><value>Chair Riffle</value></Data><Data name="waterway"><value>rapids</value></Data></ExtendedData><Point><coordinates>-123.5817363,42.5926142</coordinates></Point></Placemark><Placemark><name>Devils Stairs</name><ExtendedData><Data name="@id"><value>node/357320193</value></Data><Data name="ele"><value>99</value></Data><Data name="gnis:feature_id"><value>1154291</value></Data><Data name="name"><value>Devils Stairs</value></Data><Data name="waterway"><value>rapids</value></Data></ExtendedData><Point><coordinates>-123.9288497,42.7009947</coordinates></Point></Placemark><Placemark><name>Dunn Riffle</name><ExtendedData><Data name="@id"><value>node/357320201</value></Data><Data name="ele"><value>225</value></Data><Data name="gnis:feature_id"><value>1154295</value></Data><Data name="name"><value>Dunn Riffle</value></Data><Data name="waterway"><value>rapids</value></Data></ExtendedData><Point><coordinates>-123.5261778,42.5492813</coordinates></Point></Placemark><Placemark><name>Rocky Riffle</name><ExtendedData><Data name="@id"><value>node/357320208</value></Data><Data name="ele"><value>209</value></Data><Data name="gnis:feature_id"><value>1154301</value></Data><Data name="name"><value>Rocky Riffle</value></Data><Data name="waterway"><value>rapids</value></Data></ExtendedData><Point><coordinates>-123.5928476,42.5742806</coordinates></Point></Placemark><Placemark><name>Whitehorse Riffle</name><ExtendedData><Data name="@id"><value>node/357320233</value></Data><Data name="ele"><value>264</value></Data><Data name="gnis:feature_id"><value>1154333</value></Data><Data name="name"><value>Whitehorse Riffle</value></Data><Data name="waterway"><value>rapids</value></Data></ExtendedData><Point><coordinates>-123.4720083,42.438171</coordinates></Point></Placemark><Placemark><name>Bear Creek Rapids</name><ExtendedData><Data name="@id"><value>node/357320493</value></Data><Data name="ele"><value>282</value></Data><Data name="gnis:feature_id"><value>1154771</value></Data><Data name="name"><value>Bear Creek Rapids</value></Data><Data name="waterway"><value>rapids</value></Data></ExtendedData><Point><coordinates>-116.7839884,45.8276967</coordinates></Point></Placemark><Placemark><name>Chiloquin Rapids</name><ExtendedData><Data name="@id"><value>node/357320603</value></Data><Data name="ele"><value>1295</value></Data><Data name="gnis:feature_id"><value>1154972</value></Data><Data name="name"><value>Chiloquin Rapids</value></Data><Data name="waterway"><value>rapids</value></Data></ExtendedData><Point><coordinates>-121.8191804,42.5943033</coordinates></Point></Placemark><Placemark><name>Old Man Riffle</name><ExtendedData><Data name="@id"><value>node/357321625</value></Data><Data name="ele"><value>217</value></Data><Data name="gnis:feature_id"><value>1155712</value></Data><Data name="name"><value>Old Man Riffle</value></Data><Data name="waterway"><value>rapids</value></Data></ExtendedData><Point><coordinates>-123.5664574,42.5559475</coordinates></Point></Placemark><Placemark><name>Upper Galice Riffle</name><ExtendedData><Data name="@id"><value>node/357321632</value></Data><Data name="ele"><value>212</value></Data><Data name="gnis:feature_id"><value>1155717</value></Data><Data name="name"><value>Upper Galice Riffle</value></Data><Data name="waterway"><value>rapids</value></Data></ExtendedData><Point><coordinates>-123.5986809,42.5609471</coordinates></Point></Placemark><Placemark><name>Lower Galice Riffle</name><ExtendedData><Data name="@id"><value>node/357321635</value></Data><Data name="ele"><value>211</value></Data><Data name="gnis:feature_id"><value>1155718</value></Data><Data name="name"><value>Lower Galice Riffle</value></Data><Data name="waterway"><value>rapids</value></Data></ExtendedData><Point><coordinates>-123.5939586,42.5653917</coordinates></Point></Placemark><Placemark><name>Armedio Riffle</name><ExtendedData><Data name="@id"><value>node/357321637</value></Data><Data name="ele"><value>199</value></Data><Data name="gnis:feature_id"><value>1155720</value></Data><Data name="name"><value>Armedio Riffle</value></Data><Data name="waterway"><value>rapids</value></Data></ExtendedData><Point><coordinates>-123.5828476,42.6081697</coordinates></Point></Placemark><Placemark><name>Horse Sign Creek Rapids</name><ExtendedData><Data name="@id"><value>node/357321643</value></Data><Data name="ele"><value>50</value></Data><Data name="gnis:feature_id"><value>1155731</value></Data><Data name="name"><value>Horse Sign Creek Rapids</value></Data><Data name="waterway"><value>rapids</value></Data></ExtendedData><Point><coordinates>-124.0317523,42.4914972</coordinates></Point></Placemark><Placemark><name>Foster Rapids</name><ExtendedData><Data name="@id"><value>node/357321655</value></Data><Data name="ele"><value>50</value></Data><Data name="gnis:feature_id"><value>1155744</value></Data><Data name="name"><value>Foster Rapids</value></Data><Data name="waterway"><value>rapids</value></Data></ExtendedData><Point><coordinates>-124.0465504,42.6367765</coordinates></Point></Placemark><Placemark><name>Smith Riffle</name><ExtendedData><Data name="@id"><value>node/357321661</value></Data><Data name="ele"><value>70</value></Data><Data name="gnis:feature_id"><value>1155757</value></Data><Data name="name"><value>Smith Riffle</value></Data><Data name="waterway"><value>rapids</value></Data></ExtendedData><Point><coordinates>-124.0828671,42.5559419</coordinates></Point></Placemark><Placemark><name>Milkmaid Riffle</name><ExtendedData><Data name="@id"><value>node/357321671</value></Data><Data name="ele"><value>31</value></Data><Data name="gnis:feature_id"><value>1155763</value></Data><Data name="name"><value>Milkmaid Riffle</value></Data><Data name="waterway"><value>rapids</value></Data></ExtendedData><Point><coordinates>-124.0608573,42.5547558</coordinates></Point></Placemark><Placemark><name>Wee Riffle</name><ExtendedData><Data name="@id"><value>node/357321674</value></Data><Data name="ele"><value>30</value></Data><Data name="gnis:feature_id"><value>1155764</value></Data><Data name="name"><value>Wee Riffle</value></Data><Data name="waterway"><value>rapids</value></Data></ExtendedData><Point><coordinates>-124.0745366,42.5570556</coordinates></Point></Placemark><Placemark><name>Lower Shasta Costa Riffle</name><ExtendedData><Data name="@id"><value>node/357321688</value></Data><Data name="ele"><value>33</value></Data><Data name="gnis:feature_id"><value>1155767</value></Data><Data name="name"><value>Lower Shasta Costa Riffle</value></Data><Data name="waterway"><value>rapids</value></Data></ExtendedData><Point><coordinates>-124.0549243,42.5665858</coordinates></Point></Placemark><Placemark><name>Hotel Riffle</name><ExtendedData><Data name="@id"><value>node/357321691</value></Data><Data name="ele"><value>33</value></Data><Data name="gnis:feature_id"><value>1155768</value></Data><Data name="name"><value>Hotel Riffle</value></Data><Data name="waterway"><value>rapids</value></Data></ExtendedData><Point><coordinates>-124.0714574,42.5545108</coordinates></Point></Placemark><Placemark><name>Winterbottom Riffle</name><ExtendedData><Data name="@id"><value>node/357321960</value></Data><Data name="ele"><value>286</value></Data><Data name="gnis:feature_id"><value>1156875</value></Data><Data name="name"><value>Winterbottom Riffle</value></Data><Data name="waterway"><value>rapids</value></Data></ExtendedData><Point><coordinates>-123.2589456,42.4287305</coordinates></Point></Placemark><Placemark><name>Upper Bernard Creek Rapids</name><ExtendedData><Data name="@id"><value>node/357322116</value></Data><Data name="ele"><value>409</value></Data><Data name="gnis:feature_id"><value>1157034</value></Data><Data name="name"><value>Upper Bernard Creek Rapids</value></Data><Data name="waterway"><value>rapids</value></Data></ExtendedData><Point><coordinates>-116.6131863,45.4023064</coordinates></Point></Placemark><Placemark><name>Lower Bernard Creek Rapids</name><ExtendedData><Data name="@id"><value>node/357322119</value></Data><Data name="ele"><value>410</value></Data><Data name="gnis:feature_id"><value>1157035</value></Data><Data name="name"><value>Lower Bernard Creek Rapids</value></Data><Data name="waterway"><value>rapids</value></Data></ExtendedData><Point><coordinates>-116.6095595,45.4049448</coordinates></Point></Placemark><Placemark><name>Rocky Point Rapids</name><ExtendedData><Data name="@id"><value>node/357322125</value></Data><Data name="ele"><value>436</value></Data><Data name="gnis:feature_id"><value>1157037;376122</value></Data><Data name="name"><value>Rocky Point Rapids</value></Data><Data name="waterway"><value>rapids</value></Data></ExtendedData><Point><coordinates>-116.6722701,45.2915295</coordinates></Point></Placemark><Placemark><name>Brush Creek Rapids</name><ExtendedData><Data name="@id"><value>node/357322127</value></Data><Data name="ele"><value>439</value></Data><Data name="gnis:feature_id"><value>1157038</value></Data><Data name="name"><value>Brush Creek Rapids</value></Data><Data name="waterway"><value>rapids</value></Data></ExtendedData><Point><coordinates>-116.6740329,45.2787697</coordinates></Point></Placemark><Placemark><name>Upper Cochran Rapids</name><ExtendedData><Data name="@id"><value>node/357324593</value></Data><Data name="ele"><value>264</value></Data><Data name="gnis:feature_id"><value>1158590</value></Data><Data name="name"><value>Upper Cochran Rapids</value></Data><Data name="waterway"><value>rapids</value></Data></ExtendedData><Point><coordinates>-116.8848969,45.9583599</coordinates></Point></Placemark><Placemark><name>Lower Cochran Rapids</name><ExtendedData><Data name="@id"><value>node/357324596</value></Data><Data name="ele"><value>264</value></Data><Data name="gnis:feature_id"><value>1158591</value></Data><Data name="name"><value>Lower Cochran Rapids</value></Data><Data name="waterway"><value>rapids</value></Data></ExtendedData><Point><coordinates>-116.8967337,45.9690479</coordinates></Point></Placemark><Placemark><name>Dry Creek Rapids</name><ExtendedData><Data name="@id"><value>node/357324599</value></Data><Data name="ele"><value>315</value></Data><Data name="gnis:feature_id"><value>1158592</value></Data><Data name="name"><value>Dry Creek Rapids</value></Data><Data name="waterway"><value>rapids</value></Data></ExtendedData><Point><coordinates>-116.6232004,45.7823801</coordinates></Point></Placemark><Placemark><name>Galice Riffle</name><ExtendedData><Data name="@id"><value>node/357325460</value></Data><Data name="ele"><value>213</value></Data><Data name="gnis:feature_id"><value>1158876</value></Data><Data name="name"><value>Galice Riffle</value></Data><Data name="waterway"><value>rapids</value></Data></ExtendedData><Point><coordinates>-123.5984031,42.5615027</coordinates></Point></Placemark><Placemark><name>Johns Riffle</name><ExtendedData><Data name="@id"><value>node/357325479</value></Data><Data name="ele"><value>107</value></Data><Data name="gnis:feature_id"><value>1158885</value></Data><Data name="name"><value>Johns Riffle</value></Data><Data name="waterway"><value>rapids</value></Data></ExtendedData><Point><coordinates>-123.8563898,42.7168152</coordinates></Point></Placemark><Placemark><name>Long Gulch Riffle</name><ExtendedData><Data name="@id"><value>node/357325489</value></Data><Data name="ele"><value>125</value></Data><Data name="gnis:feature_id"><value>1158888</value></Data><Data name="name"><value>Long Gulch Riffle</value></Data><Data name="waterway"><value>rapids</value></Data></ExtendedData><Point><coordinates>-123.8428606,42.7095562</coordinates></Point></Placemark><Placemark><name>Argo Riffle</name><ExtendedData><Data name="@id"><value>node/357325517</value></Data><Data name="ele"><value>194</value></Data><Data name="gnis:feature_id"><value>1158907</value></Data><Data name="name"><value>Argo Riffle</value></Data><Data name="waterway"><value>rapids</value></Data></ExtendedData><Point><coordinates>-123.597015,42.6245585</coordinates></Point></Placemark><Placemark><name>Slim Pickins Rapid</name><ExtendedData><Data name="@id"><value>node/357325551</value></Data><Data name="ele"><value>207</value></Data><Data name="gnis:feature_id"><value>1158931</value></Data><Data name="name"><value>Slim Pickins Rapid</value></Data><Data name="waterway"><value>rapids</value></Data></ExtendedData><Point><coordinates>-123.7031364,42.6459078</coordinates></Point></Placemark><Placemark><name>Watson Riffle</name><ExtendedData><Data name="@id"><value>node/357325565</value></Data><Data name="ele"><value>52</value></Data><Data name="gnis:feature_id"><value>1158951</value></Data><Data name="name"><value>Watson Riffle</value></Data><Data name="waterway"><value>rapids</value></Data></ExtendedData><Point><coordinates>-124.0352905,42.6424196</coordinates></Point></Placemark><Placemark><name>Brushy Bar Riffle</name><ExtendedData><Data name="@id"><value>node/357325864</value></Data><Data name="ele"><value>72</value></Data><Data name="gnis:feature_id"><value>1159146</value></Data><Data name="name"><value>Brushy Bar Riffle</value></Data><Data name="waterway"><value>rapids</value></Data></ExtendedData><Point><coordinates>-123.9433014,42.6795093</coordinates></Point></Placemark><Placemark><name>Coal Riffle</name><ExtendedData><Data name="@id"><value>node/357325879</value></Data><Data name="ele"><value>18</value></Data><Data name="gnis:feature_id"><value>1159152</value></Data><Data name="name"><value>Coal Riffle</value></Data><Data name="waterway"><value>rapids</value></Data></ExtendedData><Point><coordinates>-124.1928705,42.4948297</coordinates></Point></Placemark><Placemark><name>Battle Bar Riffle</name><ExtendedData><Data name="@id"><value>node/357325882</value></Data><Data name="ele"><value>123</value></Data><Data name="gnis:feature_id"><value>1159155</value></Data><Data name="name"><value>Battle Bar Riffle</value></Data><Data name="source"><value>NHD</value></Data><Data name="waterway"><value>rapids</value></Data></ExtendedData><Point><coordinates>-123.7912973,42.7079917</coordinates></Point></Placemark><Placemark><name>Island Rapids</name><ExtendedData><Data name="@id"><value>node/357325885</value></Data><Data name="ele"><value>111</value></Data><Data name="gnis:feature_id"><value>1159156</value></Data><Data name="name"><value>Island Rapids</value></Data><Data name="waterway"><value>rapids</value></Data></ExtendedData><Point><coordinates>-123.8531389,42.7145561</coordinates></Point></Placemark><Placemark><name>Big Boulder Rapids</name><ExtendedData><Data name="@id"><value>node/357325888</value></Data><Data name="ele"><value>117</value></Data><Data name="gnis:feature_id"><value>1159157</value></Data><Data name="name"><value>Big Boulder Rapids</value></Data><Data name="waterway"><value>rapids</value></Data></ExtendedData><Point><coordinates>-123.8498054,42.7131672</coordinates></Point></Placemark><Placemark><name>Dunbar Riffle</name><ExtendedData><Data name="@id"><value>node/357325902</value></Data><Data name="ele"><value>44</value></Data><Data name="gnis:feature_id"><value>1159180</value></Data><Data name="name"><value>Dunbar Riffle</value></Data><Data name="waterway"><value>rapids</value></Data></ExtendedData><Point><coordinates>-124.0345306,42.5123306</coordinates></Point></Placemark><Placemark><name>Mixer Riffle</name><ExtendedData><Data name="@id"><value>node/357325912</value></Data><Data name="ele"><value>23</value></Data><Data name="gnis:feature_id"><value>1159183</value></Data><Data name="name"><value>Mixer Riffle</value></Data><Data name="waterway"><value>rapids</value></Data></ExtendedData><Point><coordinates>-124.1125488,42.5582489</coordinates></Point></Placemark><Placemark><name>New Riffle</name><ExtendedData><Data name="@id"><value>node/357325920</value></Data><Data name="ele"><value>21</value></Data><Data name="gnis:feature_id"><value>1159187</value></Data><Data name="name"><value>New Riffle</value></Data><Data name="waterway"><value>rapids</value></Data></ExtendedData><Point><coordinates>-124.1354227,42.5461881</coordinates></Point></Placemark><Placemark><name>Nail Keg Riffle</name><ExtendedData><Data name="@id"><value>node/357325923</value></Data><Data name="ele"><value>20</value></Data><Data name="gnis:feature_id"><value>1159188</value></Data><Data name="name"><value>Nail Keg Riffle</value></Data><Data name="waterway"><value>rapids</value></Data></ExtendedData><Point><coordinates>-124.1429597,42.5384336</coordinates></Point></Placemark><Placemark><name>Tom East Riffle</name><ExtendedData><Data name="@id"><value>node/357325926</value></Data><Data name="ele"><value>22</value></Data><Data name="gnis:feature_id"><value>1159189</value></Data><Data name="name"><value>Tom East Riffle</value></Data><Data name="waterway"><value>rapids</value></Data></ExtendedData><Point><coordinates>-124.1511458,42.5311326</coordinates></Point></Placemark><Placemark><name>Sherman Riffle</name><ExtendedData><Data name="@id"><value>node/357325933</value></Data><Data name="ele"><value>25</value></Data><Data name="gnis:feature_id"><value>1159191</value></Data><Data name="name"><value>Sherman Riffle</value></Data><Data name="waterway"><value>rapids</value></Data></ExtendedData><Point><coordinates>-124.1800547,42.5070655</coordinates></Point></Placemark><Placemark><name>Shindler Riffle</name><ExtendedData><Data name="@id"><value>node/357325942</value></Data><Data name="ele"><value>20</value></Data><Data name="gnis:feature_id"><value>1159192</value></Data><Data name="name"><value>Shindler Riffle</value></Data><Data name="waterway"><value>rapids</value></Data></ExtendedData><Point><coordinates>-124.1826189,42.5054678</coordinates></Point></Placemark><Placemark><name>Rachels Delight Riffle</name><ExtendedData><Data name="@id"><value>node/357325964</value></Data><Data name="ele"><value>20</value></Data><Data name="gnis:feature_id"><value>1159197</value></Data><Data name="name"><value>Rachels Delight Riffle</value></Data><Data name="waterway"><value>rapids</value></Data></ExtendedData><Point><coordinates>-124.1670513,42.5178686</coordinates></Point></Placemark><Placemark><name>High Bar Rapids</name><ExtendedData><Data name="@id"><value>node/357325967</value></Data><Data name="ele"><value>877</value></Data><Data name="gnis:feature_id"><value>1159221</value></Data><Data name="name"><value>High Bar Rapids</value></Data><Data name="waterway"><value>rapids</value></Data></ExtendedData><Point><coordinates>-116.5564843,45.5063947</coordinates></Point></Placemark><Placemark><name>Davis Creek Rapids</name><ExtendedData><Data name="@id"><value>node/357325975</value></Data><Data name="ele"><value>462</value></Data><Data name="gnis:feature_id"><value>1159222</value></Data><Data name="name"><value>Davis Creek Rapids</value></Data><Data name="waterway"><value>rapids</value></Data></ExtendedData><Point><coordinates>-116.5015314,45.6573832</coordinates></Point></Placemark><Placemark><name>Big Fish Riffle</name><ExtendedData><Data name="@id"><value>node/357326065</value></Data><Data name="ele"><value>368</value></Data><Data name="gnis:feature_id"><value>1159362</value></Data><Data name="name"><value>Big Fish Riffle</value></Data><Data name="source"><value>NHD</value></Data><Data name="waterway"><value>rapids</value></Data></ExtendedData><Point><coordinates>-124.2125352,42.4924582</coordinates></Point></Placemark><Placemark><name>Smith Ferry Rapids</name><ExtendedData><Data name="@id"><value>node/357326432</value></Data><Data name="addr:state"><value>OR</value></Data><Data name="ele"><value>34</value></Data><Data name="gnis:feature_id"><value>1160476</value></Data><Data name="name"><value>Smith Ferry Rapids</value></Data><Data name="waterway"><value>rapids</value></Data></ExtendedData><Point><coordinates>-123.5498171,43.5915059</coordinates></Point></Placemark><Placemark><name>Clarno Rapids</name><ExtendedData><Data name="@id"><value>node/357328084</value></Data><Data name="ele"><value>385</value></Data><Data name="gnis:feature_id"><value>1161681</value></Data><Data name="name"><value>Clarno Rapids</value></Data><Data name="waterway"><value>rapids</value></Data></ExtendedData><Point><coordinates>-120.4794176,44.965434</coordinates></Point></Placemark><Placemark><name>Illahe Riffle</name><ExtendedData><Data name="@id"><value>node/357329884</value></Data><Data name="ele"><value>45</value></Data><Data name="gnis:feature_id"><value>1162353</value></Data><Data name="name"><value>Illahe Riffle</value></Data><Data name="waterway"><value>rapids</value></Data></ExtendedData><Point><coordinates>-124.0526766,42.626515</coordinates></Point></Placemark><Placemark><name>Burkhart Rapids</name><ExtendedData><Data name="@id"><value>node/357330236</value></Data><Data name="addr:state"><value>OR</value></Data><Data name="ele"><value>114</value></Data><Data name="gnis:feature_id"><value>1162533</value></Data><Data name="name"><value>Burkhart Rapids</value></Data><Data name="waterway"><value>rapids</value></Data></ExtendedData><Point><coordinates>-123.4303557,43.2678932</coordinates></Point></Placemark><Placemark><name>Keizer Rapids</name><ExtendedData><Data name="@id"><value>node/357331841</value></Data><Data name="addr:state"><value>OR</value></Data><Data name="ele"><value>35</value></Data><Data name="gnis:feature_id"><value>1163465</value></Data><Data name="name"><value>Keizer Rapids</value></Data><Data name="waterway"><value>rapids</value></Data></ExtendedData><Point><coordinates>-123.038708,44.9859526</coordinates></Point></Placemark><Placemark><name>Squally Hook Rapids</name><ExtendedData><Data name="@id"><value>node/357332729</value></Data><Data name="ele"><value>82</value></Data><Data name="gnis:feature_id"><value>1163981</value></Data><Data name="name"><value>Squally Hook Rapids</value></Data><Data name="waterway"><value>rapids</value></Data></ExtendedData><Point><coordinates>-120.5553322,45.7317927</coordinates></Point></Placemark><Placemark><name>Haystacks Rapids</name><ExtendedData><Data name="@id"><value>node/357344571</value></Data><Data name="ele"><value>426</value></Data><Data name="gnis:feature_id"><value>1201667</value></Data><Data name="name"><value>Haystacks Rapids</value></Data><Data name="waterway"><value>rapids</value></Data></ExtendedData><Point><coordinates>-76.480835,41.4572511</coordinates></Point></Placemark><Placemark><name>Auberry Riffle</name><ExtendedData><Data name="@id"><value>node/357347070</value></Data><Data name="ele"><value>20</value></Data><Data name="gnis:feature_id"><value>1638049</value></Data><Data name="name"><value>Auberry Riffle</value></Data><Data name="waterway"><value>rapids</value></Data></ExtendedData><Point><coordinates>-124.1581196,42.5265034</coordinates></Point></Placemark><Placemark><name>Bacon Flat Riffle</name><ExtendedData><Data name="@id"><value>node/357347073</value></Data><Data name="ele"><value>16</value></Data><Data name="gnis:feature_id"><value>1638050</value></Data><Data name="name"><value>Bacon Flat Riffle</value></Data><Data name="waterway"><value>rapids</value></Data></ExtendedData><Point><coordinates>-124.2195153,42.4942038</coordinates></Point></Placemark><Placemark><name>Big Sand Bar</name><ExtendedData><Data name="@id"><value>node/357544565</value></Data><Data name="ele"><value>197</value></Data><Data name="gnis:feature_id"><value>1358</value></Data><Data name="name"><value>Big Sand Bar</value></Data><Data name="waterway"><value>rapids</value></Data></ExtendedData><Point><coordinates>-114.7080353,35.9285939</coordinates></Point></Placemark><Placemark><name>Cranes Nest Rapids</name><ExtendedData><Data name="@id"><value>node/357544571</value></Data><Data name="ele"><value>197</value></Data><Data name="gnis:feature_id"><value>3543</value></Data><Data name="name"><value>Cranes Nest Rapids</value></Data><Data name="waterway"><value>rapids</value></Data></ExtendedData><Point><coordinates>-114.7063683,35.9097054</coordinates></Point></Placemark><Placemark><name>Cross Current Rapids</name><ExtendedData><Data name="@id"><value>node/357544576</value></Data><Data name="ele"><value>197</value></Data><Data name="gnis:feature_id"><value>3590</value></Data><Data name="name"><value>Cross Current Rapids</value></Data><Data name="waterway"><value>rapids</value></Data></ExtendedData><Point><coordinates>-114.7133133,35.9327605</coordinates></Point></Placemark><Placemark><name>Horseshoe Rapids</name><ExtendedData><Data name="@id"><value>node/357544587</value></Data><Data name="ele"><value>197</value></Data><Data name="gnis:feature_id"><value>6018</value></Data><Data name="name"><value>Horseshoe Rapids</value></Data><Data name="waterway"><value>rapids</value></Data></ExtendedData><Point><coordinates>-114.7080351,35.9172052</coordinates></Point></Placemark><Placemark><name>Indian Rapids</name><ExtendedData><Data name="@id"><value>node/357544592</value></Data><Data name="ele"><value>197</value></Data><Data name="gnis:feature_id"><value>6223</value></Data><Data name="name"><value>Indian Rapids</value></Data><Data name="waterway"><value>rapids</value></Data></ExtendedData><Point><coordinates>-114.6960899,35.8974835</coordinates></Point></Placemark><Placemark><name>Ringbolt Rapids</name><ExtendedData><Data name="@id"><value>node/357544614</value></Data><Data name="ele"><value>197</value></Data><Data name="gnis:feature_id"><value>10305</value></Data><Data name="name"><value>Ringbolt Rapids</value></Data><Data name="waterway"><value>rapids</value></Data></ExtendedData><Point><coordinates>-114.7294255,35.961093</coordinates></Point></Placemark><Placemark><name>Shallow Rapids</name><ExtendedData><Data name="@id"><value>node/357544623</value></Data><Data name="ele"><value>197</value></Data><Data name="gnis:feature_id"><value>11148</value></Data><Data name="name"><value>Shallow Rapids</value></Data><Data name="waterway"><value>rapids</value></Data></ExtendedData><Point><coordinates>-114.6708107,35.8652622</coordinates></Point></Placemark><Placemark><name>Cranes Nest Rapids</name><ExtendedData><Data name="@id"><value>node/357546355</value></Data><Data name="ele"><value>197</value></Data><Data name="gnis:feature_id"><value>839848</value></Data><Data name="name"><value>Cranes Nest Rapids</value></Data><Data name="waterway"><value>rapids</value></Data></ExtendedData><Point><coordinates>-114.7074794,35.9097054</coordinates></Point></Placemark><Placemark><name>Indian Rapids</name><ExtendedData><Data name="@id"><value>node/357547356</value></Data><Data name="ele"><value>197</value></Data><Data name="gnis:feature_id"><value>841268</value></Data><Data name="name"><value>Indian Rapids</value></Data><Data name="waterway"><value>rapids</value></Data></ExtendedData><Point><coordinates>-114.6966454,35.8972057</coordinates></Point></Placemark><Placemark><name>Big Eddy</name><ExtendedData><Data name="@id"><value>node/357548681</value></Data><Data name="ele"><value>398</value></Data><Data name="gnis:feature_id"><value>943876</value></Data><Data name="name"><value>Big Eddy</value></Data><Data name="waterway"><value>rapids</value></Data><Data name="wikidata"><value>Q49853590</value></Data></ExtendedData><Point><coordinates>-74.4576812,43.378089</coordinates></Point></Placemark><Placemark><name>Big Eddy</name><ExtendedData><Data name="@id"><value>node/357548687</value></Data><Data name="ele"><value>521</value></Data><Data name="gnis:feature_id"><value>943877</value></Data><Data name="name"><value>Big Eddy</value></Data><Data name="waterway"><value>rapids</value></Data></ExtendedData><Point><coordinates>-74.233213,44.0983939</coordinates></Point></Placemark><Placemark><name>Ringbolt Rapids</name><ExtendedData><Data name="@id"><value>node/357549124</value></Data><Data name="ele"><value>231</value></Data><Data name="gnis:feature_id"><value>843226</value></Data><Data name="name"><value>Ringbolt Rapids</value></Data><Data name="waterway"><value>rapids</value></Data></ExtendedData><Point><coordinates>-114.7305366,35.9608152</coordinates></Point></Placemark><Placemark><name>Shallow Rapids</name><ExtendedData><Data name="@id"><value>node/357549418</value></Data><Data name="ele"><value>197</value></Data><Data name="gnis:feature_id"><value>843598</value></Data><Data name="name"><value>Shallow Rapids</value></Data><Data name="waterway"><value>rapids</value></Data></ExtendedData><Point><coordinates>-114.6705329,35.8658177</coordinates></Point></Placemark><Placemark><name>Bucktooth Rapids</name><ExtendedData><Data name="@id"><value>node/357551365</value></Data><Data name="ele"><value>412</value></Data><Data name="gnis:feature_id"><value>945090</value></Data><Data name="name"><value>Bucktooth Rapids</value></Data><Data name="waterway"><value>rapids</value></Data></ExtendedData><Point><coordinates>-78.7727703,42.1607713</coordinates></Point></Placemark><Placemark><name>Big Sand Bar Rapids</name><ExtendedData><Data name="@id"><value>node/357552126</value></Data><Data name="ele"><value>197</value></Data><Data name="gnis:feature_id"><value>846437</value></Data><Data name="name"><value>Big Sand Bar Rapids</value></Data><Data name="waterway"><value>rapids</value></Data></ExtendedData><Point><coordinates>-114.7077575,35.9283161</coordinates></Point></Placemark><Placemark><name>Cross Current Rapids</name><ExtendedData><Data name="@id"><value>node/357555017</value></Data><Data name="ele"><value>208</value></Data><Data name="gnis:feature_id"><value>854906</value></Data><Data name="name"><value>Cross Current Rapids</value></Data><Data name="waterway"><value>rapids</value></Data></ExtendedData><Point><coordinates>-114.7144245,35.9324826</coordinates></Point></Placemark><Placemark><name>Horseshoe Rapids</name><ExtendedData><Data name="@id"><value>node/357556499</value></Data><Data name="ele"><value>209</value></Data><Data name="gnis:feature_id"><value>858024</value></Data><Data name="name"><value>Horseshoe Rapids</value></Data><Data name="waterway"><value>rapids</value></Data></ExtendedData><Point><coordinates>-114.709424,35.917483</coordinates></Point></Placemark><Placemark><name>Devils Holes</name><ExtendedData><Data name="@id"><value>node/357556550</value></Data><Data name="ele"><value>99</value></Data><Data name="gnis:feature_id"><value>948367</value></Data><Data name="name"><value>Devils Holes</value></Data><Data name="waterway"><value>rapids</value></Data></ExtendedData><Point><coordinates>-79.0539339,43.1294997</coordinates></Point></Placemark><Placemark><name>Hewitt Eddy</name><ExtendedData><Data name="@id"><value>node/357564283</value></Data><Data name="ele"><value>470</value></Data><Data name="gnis:feature_id"><value>952653</value></Data><Data name="name"><value>Hewitt Eddy</value></Data><Data name="waterway"><value>rapids</value></Data></ExtendedData><Point><coordinates>-74.0290293,43.8761739</coordinates></Point></Placemark><Placemark><name>The Rifts</name><ExtendedData><Data name="@id"><value>node/357592673</value></Data><Data name="ele"><value>522</value></Data><Data name="gnis:feature_id"><value>967332</value></Data><Data name="name"><value>The Rifts</value></Data><Data name="waterway"><value>rapids</value></Data></ExtendedData><Point><coordinates>-74.3254198,43.5078447</coordinates></Point></Placemark><Placemark><name>Perry Ehlers Rapids</name><ExtendedData><Data name="@id"><value>node/357598386</value></Data><Data name="ele"><value>314</value></Data><Data name="gnis:feature_id"><value>972095</value></Data><Data name="name"><value>Perry Ehlers Rapids</value></Data><Data name="waterway"><value>rapids</value></Data></ExtendedData><Point><coordinates>-74.0451364,43.7386757</coordinates></Point></Placemark><Placemark><name>Mouse Rapids</name><ExtendedData><Data name="@id"><value>node/357598389</value></Data><Data name="ele"><value>319</value></Data><Data name="gnis:feature_id"><value>972096</value></Data><Data name="name"><value>Mouse Rapids</value></Data><Data name="waterway"><value>rapids</value></Data></ExtendedData><Point><coordinates>-74.0551371,43.7442312</coordinates></Point></Placemark><Placemark><name>Hells Half Acre</name><ExtendedData><Data name="@id"><value>node/357598489</value></Data><Data name="ele"><value>164</value></Data><Data name="gnis:feature_id"><value>973332</value></Data><Data name="name"><value>Hells Half Acre</value></Data><Data name="waterway"><value>rapids</value></Data></ExtendedData><Point><coordinates>-79.0670885,43.0843609</coordinates></Point></Placemark><Placemark><name>Brumagin Rapids</name><ExtendedData><Data name="@id"><value>node/357602983</value></Data><Data name="ele"><value>404</value></Data><Data name="gnis:feature_id"><value>976041</value></Data><Data name="name"><value>Brumagin Rapids</value></Data><Data name="waterway"><value>rapids</value></Data></ExtendedData><Point><coordinates>-74.929082,44.2883952</coordinates></Point></Placemark><Placemark><name>Burnt Island Rapids</name><ExtendedData><Data name="@id"><value>node/357603008</value></Data><Data name="ele"><value>445</value></Data><Data name="gnis:feature_id"><value>976065</value></Data><Data name="name"><value>Burnt Island Rapids</value></Data><Data name="waterway"><value>rapids</value></Data></ExtendedData><Point><coordinates>-74.5993425,44.2925611</coordinates></Point></Placemark><Placemark><name>Deerlick Rapids</name><ExtendedData><Data name="@id"><value>node/357603262</value></Data><Data name="ele"><value>415</value></Data><Data name="gnis:feature_id"><value>976237</value></Data><Data name="name"><value>Deerlick Rapids</value></Data><Data name="waterway"><value>rapids</value></Data></ExtendedData><Point><coordinates>-74.8765795,44.284784</coordinates></Point></Placemark><Placemark><name>Griffin Rapids</name><ExtendedData><Data name="@id"><value>node/357603495</value></Data><Data name="ele"><value>482</value></Data><Data name="gnis:feature_id"><value>976379</value></Data><Data name="name"><value>Griffin Rapids</value></Data><Data name="waterway"><value>rapids</value></Data></ExtendedData><Point><coordinates>-74.9682622,44.0839117</coordinates></Point></Placemark><Placemark><name>Hedgehog Rapids</name><ExtendedData><Data name="@id"><value>node/357603564</value></Data><Data name="ele"><value>445</value></Data><Data name="gnis:feature_id"><value>976426</value></Data><Data name="name"><value>Hedgehog Rapids</value></Data><Data name="waterway"><value>rapids</value></Data></ExtendedData><Point><coordinates>-74.6018427,44.3033945</coordinates></Point></Placemark><Placemark><name>Long Rapids</name><ExtendedData><Data name="@id"><value>node/357603737</value></Data><Data name="ele"><value>414</value></Data><Data name="gnis:feature_id"><value>976593</value></Data><Data name="name"><value>Long Rapids</value></Data><Data name="waterway"><value>rapids</value></Data></ExtendedData><Point><coordinates>-74.9010251,44.2842285</coordinates></Point></Placemark><Placemark><name>Moosehead Rapids</name><ExtendedData><Data name="@id"><value>node/357603834</value></Data><Data name="ele"><value>439</value></Data><Data name="gnis:feature_id"><value>976675</value></Data><Data name="name"><value>Moosehead Rapids</value></Data><Data name="waterway"><value>rapids</value></Data></ExtendedData><Point><coordinates>-74.7026896,44.3116599</coordinates></Point></Placemark><Placemark><name>Morgan Rapids</name><ExtendedData><Data name="@id"><value>node/357603839</value></Data><Data name="ele"><value>297</value></Data><Data name="gnis:feature_id"><value>976677</value></Data><Data name="name"><value>Morgan Rapids</value></Data><Data name="waterway"><value>rapids</value></Data></ExtendedData><Point><coordinates>-74.8521373,44.5278405</coordinates></Point></Placemark><Placemark><name>Sols Rapids</name><ExtendedData><Data name="@id"><value>node/357604292</value></Data><Data name="ele"><value>451</value></Data><Data name="gnis:feature_id"><value>977021</value></Data><Data name="name"><value>Sols Rapids</value></Data><Data name="waterway"><value>rapids</value></Data></ExtendedData><Point><coordinates>-74.5940643,44.2553385</coordinates></Point></Placemark><Placemark><name>Stewart Rapids</name><ExtendedData><Data name="@id"><value>node/357604337</value></Data><Data name="ele"><value>298</value></Data><Data name="gnis:feature_id"><value>977068</value></Data><Data name="name"><value>Stewart Rapids</value></Data><Data name="waterway"><value>rapids</value></Data></ExtendedData><Point><coordinates>-75.0221652,44.3315199</coordinates></Point></Placemark><Placemark><name>Devils Hole Rapids</name><ExtendedData><Data name="@id"><value>node/357606430</value></Data><Data name="ele"><value>81</value></Data><Data name="gnis:feature_id"><value>978410</value></Data><Data name="name"><value>Devils Hole Rapids</value></Data><Data name="waterway"><value>rapids</value></Data></ExtendedData><Point><coordinates>-79.051156,43.1331109</coordinates></Point></Placemark><Placemark><name>Power Line Falls Rapid</name><ExtendedData><Data name="@id"><value>node/357610454</value></Data><Data name="ele"><value>1964</value></Data><Data name="gnis:feature_id"><value>924457</value></Data><Data name="name"><value>Power Line Falls Rapid</value></Data><Data name="waterway"><value>rapids</value></Data></ExtendedData><Point><coordinates>-105.7228755,36.3859469</coordinates></Point></Placemark><Placemark><name>Souse Hole Rapid</name><ExtendedData><Data name="@id"><value>node/357610457</value></Data><Data name="ele"><value>1797</value></Data><Data name="gnis:feature_id"><value>924458</value></Data><Data name="name"><value>Souse Hole Rapid</value></Data><Data name="waterway"><value>rapids</value></Data></ExtendedData><Point><coordinates>-105.8412108,36.2380056</coordinates></Point></Placemark><Placemark><name>Horse Thief Shorty Rapid</name><ExtendedData><Data name="@id"><value>node/357610464</value></Data><Data name="ele"><value>1988</value></Data><Data name="gnis:feature_id"><value>924485</value></Data><Data name="name"><value>Horse Thief Shorty Rapid</value></Data><Data name="waterway"><value>rapids</value></Data></ExtendedData><Point><coordinates>-105.705339,36.5597634</coordinates></Point></Placemark><Placemark><name>Gaging Station Rapid</name><ExtendedData><Data name="@id"><value>node/357610467</value></Data><Data name="ele"><value>1847</value></Data><Data name="gnis:feature_id"><value>924486</value></Data><Data name="name"><value>Gaging Station Rapid</value></Data><Data name="waterway"><value>rapids</value></Data><Data name="wikidata"><value>Q49914449</value></Data></ExtendedData><Point><coordinates>-105.7570505,36.3189901</coordinates></Point></Placemark><Placemark><name>The Karmic Wave Rapid</name><description>pullover</description><ExtendedData><Data name="@id"><value>node/357610473</value></Data><Data name="description"><value>pullover</value></Data><Data name="ele"><value>1830</value></Data><Data name="gnis:feature_id"><value>924515</value></Data><Data name="name"><value>The Karmic Wave Rapid</value></Data><Data name="sport"><value>water_sports</value></Data><Data name="waterway"><value>rapids</value></Data></ExtendedData><Point><coordinates>-105.7930117,36.2677771</coordinates></Point></Placemark><Placemark><name>Ski Jump Rapid</name><ExtendedData><Data name="@id"><value>node/357610487</value></Data><Data name="ele"><value>1969</value></Data><Data name="gnis:feature_id"><value>924524</value></Data><Data name="name"><value>Ski Jump Rapid</value></Data><Data name="waterway"><value>rapids</value></Data></ExtendedData><Point><coordinates>-105.7262097,36.4892902</coordinates></Point></Placemark><Placemark><name>The Narrows Rapid</name><ExtendedData><Data name="@id"><value>node/357610492</value></Data><Data name="ele"><value>1932</value></Data><Data name="gnis:feature_id"><value>924525</value></Data><Data name="name"><value>The Narrows Rapid</value></Data><Data name="waterway"><value>rapids</value></Data></ExtendedData><Point><coordinates>-105.8079267,36.2597195</coordinates></Point></Placemark><Placemark><name>Big Rock Rapid</name><ExtendedData><Data name="@id"><value>node/357610502</value></Data><Data name="ele"><value>1806</value></Data><Data name="gnis:feature_id"><value>924751</value></Data><Data name="name"><value>Big Rock Rapid</value></Data><Data name="waterway"><value>rapids</value></Data><Data name="wikidata"><value>Q49854498</value></Data></ExtendedData><Point><coordinates>-105.8272461,36.2444643</coordinates></Point></Placemark><Placemark><name>Dead Car Rapid</name><ExtendedData><Data name="@id"><value>node/357610505</value></Data><Data name="ele"><value>1919</value></Data><Data name="gnis:feature_id"><value>924752</value></Data><Data name="name"><value>Dead Car Rapid</value></Data><Data name="waterway"><value>rapids</value></Data><Data name="wikidata"><value>Q49889481</value></Data></ExtendedData><Point><coordinates>-105.7222301,36.398783</coordinates></Point></Placemark><Placemark><name>High Bridge Rapid</name><ExtendedData><Data name="@id"><value>node/357610508</value></Data><Data name="ele"><value>2123</value></Data><Data name="gnis:feature_id"><value>924753</value></Data><Data name="name"><value>High Bridge Rapid</value></Data><Data name="waterway"><value>rapids</value></Data></ExtendedData><Point><coordinates>-105.7329693,36.4765683</coordinates></Point></Placemark><Placemark><name>Yellow Bank Rapid</name><ExtendedData><Data name="@id"><value>node/357610511</value></Data><Data name="ele"><value>1941</value></Data><Data name="gnis:feature_id"><value>924754</value></Data><Data name="name"><value>Yellow Bank Rapid</value></Data><Data name="waterway"><value>rapids</value></Data></ExtendedData><Point><coordinates>-105.728347,36.4552999</coordinates></Point></Placemark><Placemark><name>Alberts Falls Rapid</name><description>pullover</description><ExtendedData><Data name="@id"><value>node/357610514</value></Data><Data name="description"><value>pullover</value></Data><Data name="ele"><value>1824</value></Data><Data name="gnis:feature_id"><value>924755</value></Data><Data name="name"><value>Alberts Falls Rapid</value></Data><Data name="sport"><value>water_sports</value></Data><Data name="waterway"><value>rapids</value></Data><Data name="wikidata"><value>Q49836907</value></Data></ExtendedData><Point><coordinates>-105.80335,36.2622387</coordinates></Point></Placemark><Placemark><name>Ancho Rapid</name><ExtendedData><Data name="@id"><value>node/357610517</value></Data><Data name="ele"><value>1643</value></Data><Data name="gnis:feature_id"><value>924756</value></Data><Data name="name"><value>Ancho Rapid</value></Data><Data name="waterway"><value>rapids</value></Data><Data name="wikidata"><value>Q49838712</value></Data></ExtendedData><Point><coordinates>-106.2211737,35.7698167</coordinates></Point></Placemark><Placemark><name>Big Arsenic Falls</name><ExtendedData><Data name="@id"><value>node/357610570</value></Data><Data name="ele"><value>2303</value></Data><Data name="gnis:feature_id"><value>924842</value></Data><Data name="name"><value>Big Arsenic Falls</value></Data><Data name="waterway"><value>rapids</value></Data><Data name="wikidata"><value>Q49852770</value></Data></ExtendedData><Point><coordinates>-105.7052863,36.6753</coordinates></Point></Placemark><Placemark><name>Rock Garden</name><ExtendedData><Data name="@id"><value>node/357610745</value></Data><Data name="ele"><value>1904</value></Data><Data name="gnis:feature_id"><value>925095</value></Data><Data name="name"><value>Rock Garden</value></Data><Data name="waterway"><value>rapids</value></Data></ExtendedData><Point><coordinates>-105.7288555,36.3794058</coordinates></Point></Placemark><Placemark><name>Screaming Left Hand Turn</name><ExtendedData><Data name="@id"><value>node/357610750</value></Data><Data name="ele"><value>1952</value></Data><Data name="gnis:feature_id"><value>925096</value></Data><Data name="name"><value>Screaming Left Hand Turn</value></Data><Data name="waterway"><value>rapids</value></Data></ExtendedData><Point><coordinates>-106.673648,36.350849</coordinates></Point></Placemark><Placemark><name>Dark Canyon Rapid</name><ExtendedData><Data name="@id"><value>node/357610755</value></Data><Data name="ele"><value>1985</value></Data><Data name="gnis:feature_id"><value>925097</value></Data><Data name="name"><value>Dark Canyon Rapid</value></Data><Data name="waterway"><value>rapids</value></Data><Data name="wikidata"><value>Q49888452</value></Data></ExtendedData><Point><coordinates>-106.7054139,36.4663287</coordinates></Point></Placemark><Placemark><name>Sunset Rapid</name><ExtendedData><Data name="@id"><value>node/357611337</value></Data><Data name="ele"><value>1847</value></Data><Data name="gnis:feature_id"><value>930419</value></Data><Data name="name"><value>Sunset Rapid</value></Data><Data name="waterway"><value>rapids</value></Data></ExtendedData><Point><coordinates>-105.7308261,36.339323</coordinates></Point></Placemark><Placemark><name>Bailey Eddy</name><ExtendedData><Data name="@id"><value>node/357717435</value></Data><Data name="ele"><value>130</value></Data><Data name="gnis:feature_id"><value>865327</value></Data><Data name="name"><value>Bailey Eddy</value></Data><Data name="waterway"><value>rapids</value></Data></ExtendedData><Point><coordinates>-72.0675899,44.0561764</coordinates></Point></Placemark><Placemark><name>The Whirlpool</name><ExtendedData><Data name="@id"><value>node/357728227</value></Data><Data name="ele"><value>284</value></Data><Data name="gnis:feature_id"><value>870408</value></Data><Data name="name"><value>The Whirlpool</value></Data><Data name="waterway"><value>rapids</value></Data></ExtendedData><Point><coordinates>-71.8442426,42.7370312</coordinates></Point></Placemark><Placemark><name>Conners Rapid</name><ExtendedData><Data name="@id"><value>node/357778293</value></Data><Data name="ele"><value>677</value></Data><Data name="gnis:feature_id"><value>1832006</value></Data><Data name="name"><value>Conners Rapid</value></Data><Data name="waterway"><value>rapids</value></Data></ExtendedData><Point><coordinates>-100.2358059,42.8597631</coordinates></Point></Placemark><Placemark><name>The Chute</name><ExtendedData><Data name="@id"><value>node/357778296</value></Data><Data name="ele"><value>675</value></Data><Data name="gnis:feature_id"><value>1832010</value></Data><Data name="name"><value>The Chute</value></Data><Data name="waterway"><value>rapids</value></Data></ExtendedData><Point><coordinates>-100.2094463,42.8476676</coordinates></Point></Placemark><Placemark><name>Norden Chute</name><ExtendedData><Data name="@id"><value>node/357780190</value></Data><Data name="ele"><value>644</value></Data><Data name="gnis:feature_id"><value>1841384</value></Data><Data name="name"><value>Norden Chute</value></Data><Data name="waterway"><value>rapids</value></Data></ExtendedData><Point><coordinates>-100.036379,42.786611</coordinates></Point></Placemark><Placemark><name>Kuhres Rapid</name><ExtendedData><Data name="@id"><value>node/357780193</value></Data><Data name="ele"><value>652</value></Data><Data name="gnis:feature_id"><value>1841386</value></Data><Data name="name"><value>Kuhres Rapid</value></Data><Data name="waterway"><value>rapids</value></Data></ExtendedData><Point><coordinates>-100.0892591,42.7932472</coordinates></Point></Placemark><Placemark><name>Egelhoffs Rapid</name><ExtendedData><Data name="@id"><value>node/357795623</value></Data><Data name="ele"><value>657</value></Data><Data name="gnis:feature_id"><value>2063057</value></Data><Data name="name"><value>Egelhoffs Rapid</value></Data><Data name="waterway"><value>rapids</value></Data></ExtendedData><Point><coordinates>-100.1360501,42.8175735</coordinates></Point></Placemark><Placemark><name>Bean Shoals</name><ExtendedData><Data name="@id"><value>node/357811426</value></Data><Data name="ele"><value>235</value></Data><Data name="gnis:feature_id"><value>1731523</value></Data><Data name="name"><value>Bean Shoals</value></Data><Data name="waterway"><value>rapids</value></Data></ExtendedData><Point><coordinates>-80.5025577,36.2590285</coordinates></Point></Placemark><Placemark><name>Bird Rapids</name><ExtendedData><Data name="@id"><value>node/357924026</value></Data><Data name="ele"><value>709</value></Data><Data name="gnis:feature_id"><value>768885</value></Data><Data name="name"><value>Bird Rapids</value></Data><Data name="waterway"><value>rapids</value></Data></ExtendedData><Point><coordinates>-109.1618388,47.7799843</coordinates></Point></Placemark><Placemark><name>Castle Bluff Rapids</name><ExtendedData><Data name="@id"><value>node/357924629</value></Data><Data name="ele"><value>714</value></Data><Data name="gnis:feature_id"><value>769648</value></Data><Data name="name"><value>Castle Bluff Rapids</value></Data><Data name="waterway"><value>rapids</value></Data></ExtendedData><Point><coordinates>-109.2510086,47.7938725</coordinates></Point></Placemark><Placemark><name>Castle Bluffs Rapids</name><ExtendedData><Data name="@id"><value>node/357924631</value></Data><Data name="ele"><value>712</value></Data><Data name="gnis:feature_id"><value>769649</value></Data><Data name="name"><value>Castle Bluffs Rapids</value></Data><Data name="waterway"><value>rapids</value></Data></ExtendedData><Point><coordinates>-109.2404526,47.7938726</coordinates></Point></Placemark><Placemark><name>Dauphin Rapids</name><ExtendedData><Data name="@id"><value>node/357925365</value></Data><Data name="ele"><value>719</value></Data><Data name="gnis:feature_id"><value>770458</value></Data><Data name="name"><value>Dauphin Rapids</value></Data><Data name="waterway"><value>rapids</value></Data></ExtendedData><Point><coordinates>-109.3796242,47.7433162</coordinates></Point></Placemark><Placemark><name>Gallatin Rapids</name><ExtendedData><Data name="@id"><value>node/357926589</value></Data><Data name="ele"><value>724</value></Data><Data name="gnis:feature_id"><value>771687</value></Data><Data name="name"><value>Gallatin Rapids</value></Data><Data name="waterway"><value>rapids</value></Data></ExtendedData><Point><coordinates>-109.4660163,47.7285937</coordinates></Point></Placemark><Placemark><name>Pine Island Rapids</name><ExtendedData><Data name="@id"><value>node/357926932</value></Data><Data name="ele"><value>1025</value></Data><Data name="gnis:feature_id"><value>772074</value></Data><Data name="name"><value>Pine Island Rapids</value></Data><Data name="waterway"><value>rapids</value></Data></ExtendedData><Point><coordinates>-111.8067325,47.1821549</coordinates></Point></Placemark><Placemark><name>Holmes Rapids</name><ExtendedData><Data name="@id"><value>node/357927220</value></Data><Data name="ele"><value>736</value></Data><Data name="gnis:feature_id"><value>772486</value></Data><Data name="name"><value>Holmes Rapids</value></Data><Data name="waterway"><value>rapids</value></Data></ExtendedData><Point><coordinates>-109.575464,47.7483157</coordinates></Point></Placemark><Placemark><name>Lone Pine Rapids</name><ExtendedData><Data name="@id"><value>node/357928113</value></Data><Data name="ele"><value>716</value></Data><Data name="gnis:feature_id"><value>773577</value></Data><Data name="name"><value>Lone Pine Rapids</value></Data><Data name="waterway"><value>rapids</value></Data></ExtendedData><Point><coordinates>-109.2723983,47.7927613</coordinates></Point></Placemark><Placemark><name>Foshee Eddy</name><ExtendedData><Data name="@id"><value>node/357930887</value></Data><Data name="ele"><value>21</value></Data><Data name="gnis:feature_id"><value>670115</value></Data><Data name="name"><value>Foshee Eddy</value></Data><Data name="waterway"><value>rapids</value></Data></ExtendedData><Point><coordinates>-88.5644665,31.0949054</coordinates></Point></Placemark><Placemark><name>The Big Eddy</name><ExtendedData><Data name="@id"><value>node/357931132</value></Data><Data name="ele"><value>842</value></Data><Data name="gnis:feature_id"><value>777493</value></Data><Data name="name"><value>The Big Eddy</value></Data><Data name="waterway"><value>rapids</value></Data></ExtendedData><Point><coordinates>-111.0471923,47.6076287</coordinates></Point></Placemark><Placemark><name>Green Eddy</name><ExtendedData><Data name="@id"><value>node/357932172</value></Data><Data name="ele"><value>18</value></Data><Data name="gnis:feature_id"><value>670662</value></Data><Data name="name"><value>Green Eddy</value></Data><Data name="waterway"><value>rapids</value></Data></ExtendedData><Point><coordinates>-88.5849703,31.0690133</coordinates></Point></Placemark><Placemark><name>Thibideau Rapids</name><ExtendedData><Data name="@id"><value>node/357940005</value></Data><Data name="ele"><value>1060</value></Data><Data name="gnis:feature_id"><value>792061</value></Data><Data name="name"><value>Thibideau Rapids</value></Data><Data name="waterway"><value>rapids</value></Data></ExtendedData><Point><coordinates>-113.6205755,46.9534497</coordinates></Point></Placemark><Placemark><name>Thunder Rapids</name><ExtendedData><Data name="@id"><value>node/357940075</value></Data><Data name="ele"><value>2457</value></Data><Data name="gnis:feature_id"><value>792149</value></Data><Data name="name"><value>Thunder Rapids</value></Data><Data name="waterway"><value>rapids</value></Data></ExtendedData><Point><coordinates>-110.2829735,46.0349401</coordinates></Point></Placemark><Placemark><name>McKeons Rapids</name><ExtendedData><Data name="@id"><value>node/357964327</value></Data><Data name="ele"><value>655</value></Data><Data name="gnis:feature_id"><value>1715841</value></Data><Data name="name"><value>McKeons Rapids</value></Data><Data name="waterway"><value>rapids</value></Data></ExtendedData><Point><coordinates>-105.2519283,46.8008405</coordinates></Point></Placemark><Placemark><name>Baker Rapids</name><ExtendedData><Data name="@id"><value>node/357964330</value></Data><Data name="ele"><value>675</value></Data><Data name="gnis:feature_id"><value>1715842</value></Data><Data name="name"><value>Baker Rapids</value></Data><Data name="waterway"><value>rapids</value></Data></ExtendedData><Point><coordinates>-105.4755482,46.708339</coordinates></Point></Placemark><Placemark><name>De Russys Rapids</name><ExtendedData><Data name="@id"><value>node/357964334</value></Data><Data name="ele"><value>641</value></Data><Data name="gnis:feature_id"><value>1715844</value></Data><Data name="name"><value>De Russys Rapids</value></Data><Data name="waterway"><value>rapids</value></Data></ExtendedData><Point><coordinates>-105.0366405,46.8527862</coordinates></Point></Placemark><Placemark><name>Wolf Rapids</name><ExtendedData><Data name="@id"><value>node/357964337</value></Data><Data name="ele"><value>669</value></Data><Data name="gnis:feature_id"><value>1715845</value></Data><Data name="name"><value>Wolf Rapids</value></Data><Data name="waterway"><value>rapids</value></Data></ExtendedData><Point><coordinates>-105.4311024,46.7630619</coordinates></Point></Placemark><Placemark><name>White Island Rapids</name><ExtendedData><Data name="@id"><value>node/357964339</value></Data><Data name="ele"><value>647</value></Data><Data name="gnis:feature_id"><value>1715846</value></Data><Data name="name"><value>White Island Rapids</value></Data><Data name="waterway"><value>rapids</value></Data></ExtendedData><Point><coordinates>-105.1449791,46.8541746</coordinates></Point></Placemark><Placemark><name>Sitting Bull Rapids</name><ExtendedData><Data name="@id"><value>node/357964935</value></Data><Data name="ele"><value>897</value></Data><Data name="gnis:feature_id"><value>1716290</value></Data><Data name="name"><value>Sitting Bull Rapids</value></Data><Data name="waterway"><value>rapids</value></Data></ExtendedData><Point><coordinates>-107.6731507,45.6296935</coordinates></Point></Placemark><Placemark><name>Dixons Rapids</name><ExtendedData><Data name="@id"><value>node/357966122</value></Data><Data name="ele"><value>690</value></Data><Data name="gnis:feature_id"><value>1716833</value></Data><Data name="name"><value>Dixons Rapids</value></Data><Data name="waterway"><value>rapids</value></Data></ExtendedData><Point><coordinates>-105.6297193,46.5611153</coordinates></Point></Placemark><Placemark><name>Buffalo Rapids</name><ExtendedData><Data name="@id"><value>node/357966316</value></Data><Data name="ele"><value>702</value></Data><Data name="gnis:feature_id"><value>1721414</value></Data><Data name="name"><value>Buffalo Rapids</value></Data><Data name="waterway"><value>rapids</value></Data></ExtendedData><Point><coordinates>-105.7358338,46.5055594</coordinates></Point></Placemark><Placemark><name>Budels Rapids</name><ExtendedData><Data name="@id"><value>node/357968804</value></Data><Data name="ele"><value>705</value></Data><Data name="gnis:feature_id"><value>1722448</value></Data><Data name="name"><value>Budels Rapids</value></Data><Data name="waterway"><value>rapids</value></Data></ExtendedData><Point><coordinates>-109.0896143,47.7952628</coordinates></Point></Placemark><Placemark><name>Magpie Rapids</name><ExtendedData><Data name="@id"><value>node/357968808</value></Data><Data name="ele"><value>711</value></Data><Data name="gnis:feature_id"><value>1722450</value></Data><Data name="name"><value>Magpie Rapids</value></Data><Data name="waterway"><value>rapids</value></Data></ExtendedData><Point><coordinates>-109.2160074,47.7930395</coordinates></Point></Placemark><Placemark><name>Little Dog Rapids</name><ExtendedData><Data name="@id"><value>node/357968811</value></Data><Data name="ele"><value>722</value></Data><Data name="gnis:feature_id"><value>1722453</value></Data><Data name="name"><value>Little Dog Rapids</value></Data><Data name="waterway"><value>rapids</value></Data></ExtendedData><Point><coordinates>-109.4224036,47.7208159</coordinates></Point></Placemark><Placemark><name>Bear Rapids</name><ExtendedData><Data name="@id"><value>node/357968813</value></Data><Data name="ele"><value>724</value></Data><Data name="gnis:feature_id"><value>1722454</value></Data><Data name="name"><value>Bear Rapids</value></Data><Data name="waterway"><value>rapids</value></Data></ExtendedData><Point><coordinates>-109.4529602,47.7247048</coordinates></Point></Placemark><Placemark><name>McKeevers Rapids</name><ExtendedData><Data name="@id"><value>node/357968816</value></Data><Data name="ele"><value>728</value></Data><Data name="gnis:feature_id"><value>1722455</value></Data><Data name="name"><value>McKeevers Rapids</value></Data><Data name="waterway"><value>rapids</value></Data></ExtendedData><Point><coordinates>-109.5062955,47.7397048</coordinates></Point></Placemark><Placemark><name>Picotts Rapids</name><ExtendedData><Data name="@id"><value>node/357968927</value></Data><Data name="ele"><value>692</value></Data><Data name="gnis:feature_id"><value>1722519</value></Data><Data name="name"><value>Picotts Rapids</value></Data><Data name="waterway"><value>rapids</value></Data></ExtendedData><Point><coordinates>-108.8659953,47.7258209</coordinates></Point></Placemark><Placemark><name>Trout Rapids</name><ExtendedData><Data name="@id"><value>node/357970958</value></Data><Data name="ele"><value>1059</value></Data><Data name="gnis:feature_id"><value>1726963</value></Data><Data name="name"><value>Trout Rapids</value></Data><Data name="waterway"><value>rapids</value></Data></ExtendedData><Point><coordinates>-109.1104334,45.5843884</coordinates></Point></Placemark><Placemark><name>Flennikens Rapids</name><ExtendedData><Data name="@id"><value>node/357976801</value></Data><Data name="ele"><value>1040</value></Data><Data name="gnis:feature_id"><value>1762315</value></Data><Data name="name"><value>Flennikens Rapids</value></Data><Data name="waterway"><value>rapids</value></Data></ExtendedData><Point><coordinates>-111.8197788,47.1714855</coordinates></Point></Placemark><Placemark><name>Brunots Rapids</name><ExtendedData><Data name="@id"><value>node/357976804</value></Data><Data name="ele"><value>1031</value></Data><Data name="gnis:feature_id"><value>1762316</value></Data><Data name="name"><value>Brunots Rapids</value></Data><Data name="waterway"><value>rapids</value></Data></ExtendedData><Point><coordinates>-111.8346489,47.166832</coordinates></Point></Placemark><Placemark><name>Lone Pine Rapids</name><ExtendedData><Data name="@id"><value>node/357976812</value></Data><Data name="ele"><value>1027</value></Data><Data name="gnis:feature_id"><value>1762317</value></Data><Data name="name"><value>Lone Pine Rapids</value></Data><Data name="waterway"><value>rapids</value></Data></ExtendedData><Point><coordinates>-111.8118743,47.1779727</coordinates></Point></Placemark><Placemark><name>Breland Eddy</name><ExtendedData><Data name="@id"><value>node/357983382</value></Data><Data name="ele"><value>17</value></Data><Data name="gnis:feature_id"><value>692695</value></Data><Data name="name"><value>Breland Eddy</value></Data><Data name="waterway"><value>rapids</value></Data></ExtendedData><Point><coordinates>-88.8214262,31.1368509</coordinates></Point></Placemark><Placemark><name>McKinney Eddy</name><ExtendedData><Data name="@id"><value>node/358035520</value></Data><Data name="ele"><value>304</value></Data><Data name="gnis:feature_id"><value>722149</value></Data><Data name="name"><value>McKinney Eddy</value></Data><Data name="waterway"><value>rapids</value></Data></ExtendedData><Point><coordinates>-91.9951559,37.3281035</coordinates></Point></Placemark><Placemark><name>Shut-Ins</name><ExtendedData><Data name="@id"><value>node/358041901</value></Data><Data name="ele"><value>143</value></Data><Data name="gnis:feature_id"><value>726425</value></Data><Data name="name"><value>Shut-Ins</value></Data><Data name="waterway"><value>rapids</value></Data></ExtendedData><Point><coordinates>-90.5731697,37.2872483</coordinates></Point></Placemark><Placemark><name>Bellah Falls</name><ExtendedData><Data name="@id"><value>node/358051552</value></Data><Data name="ele"><value>160</value></Data><Data name="gnis:feature_id"><value>735178</value></Data><Data name="name"><value>Bellah Falls</value></Data><Data name="waterway"><value>rapids</value></Data><Data name="wikidata"><value>Q55570074</value></Data></ExtendedData><Point><coordinates>-91.3356909,36.7967228</coordinates></Point></Placemark><Placemark><name>Hoggs Eddy</name><ExtendedData><Data name="@id"><value>node/358053487</value></Data><Data name="ele"><value>96</value></Data><Data name="gnis:feature_id"><value>739579</value></Data><Data name="name"><value>Hoggs Eddy</value></Data><Data name="waterway"><value>rapids</value></Data></ExtendedData><Point><coordinates>-90.3120508,36.7008892</coordinates></Point></Placemark><Placemark><name>Marshall Eddy</name><ExtendedData><Data name="@id"><value>node/358053488</value></Data><Data name="ele"><value>95</value></Data><Data name="gnis:feature_id"><value>739582</value></Data><Data name="name"><value>Marshall Eddy</value></Data><Data name="waterway"><value>rapids</value></Data></ExtendedData><Point><coordinates>-90.2989946,36.6883894</coordinates></Point></Placemark><Placemark><name>Big Elm Eddy</name><ExtendedData><Data name="@id"><value>node/358053492</value></Data><Data name="ele"><value>91</value></Data><Data name="gnis:feature_id"><value>739593</value></Data><Data name="name"><value>Big Elm Eddy</value></Data><Data name="waterway"><value>rapids</value></Data></ExtendedData><Point><coordinates>-90.3331613,36.5950574</coordinates></Point></Placemark><Placemark><name>Coot Chute</name><ExtendedData><Data name="@id"><value>node/358053499</value></Data><Data name="ele"><value>177</value></Data><Data name="gnis:feature_id"><value>739897</value></Data><Data name="name"><value>Coot Chute</value></Data><Data name="waterway"><value>rapids</value></Data></ExtendedData><Point><coordinates>-91.2462429,37.1811591</coordinates></Point></Placemark><Placemark><name>Hargus Eddy</name><ExtendedData><Data name="@id"><value>node/358063928</value></Data><Data name="ele"><value>104</value></Data><Data name="gnis:feature_id"><value>750229</value></Data><Data name="name"><value>Hargus Eddy</value></Data><Data name="waterway"><value>rapids</value></Data></ExtendedData><Point><coordinates>-90.8909575,36.6708909</coordinates></Point></Placemark><Placemark><name>Shut-Ins</name><ExtendedData><Data name="@id"><value>node/358065011</value></Data><Data name="ele"><value>253</value></Data><Data name="gnis:feature_id"><value>752148</value></Data><Data name="name"><value>Shut-Ins</value></Data><Data name="waterway"><value>rapids</value></Data></ExtendedData><Point><coordinates>-90.5802778,37.5847222</coordinates></Point></Placemark><Placemark><name>Mud Creek Shut-in</name><ExtendedData><Data name="@id"><value>node/358065890</value></Data><Data name="ele"><value>186</value></Data><Data name="gnis:feature_id"><value>753707</value></Data><Data name="name"><value>Mud Creek Shut-in</value></Data><Data name="waterway"><value>rapids</value></Data></ExtendedData><Point><coordinates>-90.4519444,37.5652778</coordinates></Point></Placemark><Placemark><name>Tiemann Shut-in</name><ExtendedData><Data name="@id"><value>node/358065891</value></Data><Data name="ele"><value>194</value></Data><Data name="gnis:feature_id"><value>753708</value></Data><Data name="name"><value>Tiemann Shut-in</value></Data><Data name="waterway"><value>rapids</value></Data></ExtendedData><Point><coordinates>-90.4611111,37.5697222</coordinates></Point></Placemark><Placemark><name>Ayers Rips</name><ExtendedData><Data name="@id"><value>node/358211083</value></Data><Data name="ele"><value>35</value></Data><Data name="gnis:feature_id"><value>561374</value></Data><Data name="name"><value>Ayers Rips</value></Data><Data name="waterway"><value>rapids</value></Data></ExtendedData><Point><coordinates>-67.2899891,44.9500772</coordinates></Point></Placemark><Placemark><name>Bailey Rips</name><ExtendedData><Data name="@id"><value>node/358211134</value></Data><Data name="ele"><value>23</value></Data><Data name="gnis:feature_id"><value>561447</value></Data><Data name="name"><value>Bailey Rips</value></Data><Data name="waterway"><value>rapids</value></Data></ExtendedData><Point><coordinates>-67.3655489,45.1386859</coordinates></Point></Placemark><Placemark><name>Bastc Rips</name><ExtendedData><Data name="@id"><value>node/358211433</value></Data><Data name="ele"><value>189</value></Data><Data name="gnis:feature_id"><value>561711</value></Data><Data name="name"><value>Bastc Rips</value></Data><Data name="waterway"><value>rapids</value></Data></ExtendedData><Point><coordinates>-68.581292,46.4208911</coordinates></Point></Placemark><Placemark><name>Black Cat Rips</name><ExtendedData><Data name="@id"><value>node/358212049</value></Data><Data name="ele"><value>128</value></Data><Data name="gnis:feature_id"><value>562430</value></Data><Data name="name"><value>Black Cat Rips</value></Data><Data name="waterway"><value>rapids</value></Data></ExtendedData><Point><coordinates>-67.8730425,45.4668889</coordinates></Point></Placemark><Placemark><name>Bobsled Rips</name><ExtendedData><Data name="@id"><value>node/358212265</value></Data><Data name="ele"><value>20</value></Data><Data name="gnis:feature_id"><value>562640</value></Data><Data name="name"><value>Bobsled Rips</value></Data><Data name="waterway"><value>rapids</value></Data></ExtendedData><Point><coordinates>-67.5955327,44.7797498</coordinates></Point></Placemark><Placemark><name>Bombazee Rips</name><ExtendedData><Data name="@id"><value>node/358212300</value></Data><Data name="ele"><value>64</value></Data><Data name="gnis:feature_id"><value>562721</value></Data><Data name="name"><value>Bombazee Rips</value></Data><Data name="waterway"><value>rapids</value></Data></ExtendedData><Point><coordinates>-69.8379735,44.7461728</coordinates></Point></Placemark><Placemark><name>Brown Riffles</name><ExtendedData><Data name="@id"><value>node/358212532</value></Data><Data name="ele"><value>25</value></Data><Data name="gnis:feature_id"><value>563063</value></Data><Data name="name"><value>Brown Riffles</value></Data><Data name="waterway"><value>rapids</value></Data></ExtendedData><Point><coordinates>-67.6266628,44.8331312</coordinates></Point></Placemark><Placemark><name>Canoose Rips</name><ExtendedData><Data name="@id"><value>node/358212947</value></Data><Data name="ele"><value>73</value></Data><Data name="gnis:feature_id"><value>563461</value></Data><Data name="name"><value>Canoose Rips</value></Data><Data name="waterway"><value>rapids</value></Data></ExtendedData><Point><coordinates>-67.4230959,45.3810377</coordinates></Point></Placemark><Placemark><name>Crooked Pitch</name><ExtendedData><Data name="@id"><value>node/358213891</value></Data><Data name="ele"><value>15</value></Data><Data name="gnis:feature_id"><value>564555</value></Data><Data name="name"><value>Crooked Pitch</value></Data><Data name="waterway"><value>rapids</value></Data></ExtendedData><Point><coordinates>-67.5111039,44.8513436</coordinates></Point></Placemark><Placemark><name>Dudley Rips</name><ExtendedData><Data name="@id"><value>node/358219250</value></Data><Data name="ele"><value>127</value></Data><Data name="gnis:feature_id"><value>565382</value></Data><Data name="name"><value>Dudley Rips</value></Data><Data name="waterway"><value>rapids</value></Data><Data name="wikidata"><value>Q56544164</value></Data></ExtendedData><Point><coordinates>-68.8431271,45.4631918</coordinates></Point></Placemark><Placemark><name>Dyer Point Riffles</name><ExtendedData><Data name="@id"><value>node/358219288</value></Data><Data name="ele"><value>25</value></Data><Data name="gnis:feature_id"><value>565476</value></Data><Data name="name"><value>Dyer Point Riffles</value></Data><Data name="waterway"><value>rapids</value></Data></ExtendedData><Point><coordinates>-67.6555524,44.8414643</coordinates></Point></Placemark><Placemark><name>Elbow Rips</name><ExtendedData><Data name="@id"><value>node/358219434</value></Data><Data name="ele"><value>115</value></Data><Data name="gnis:feature_id"><value>565830</value></Data><Data name="name"><value>Elbow Rips</value></Data><Data name="waterway"><value>rapids</value></Data></ExtendedData><Point><coordinates>-67.4258367,45.5399447</coordinates></Point></Placemark><Placemark><name>Five Island Rapids</name><ExtendedData><Data name="@id"><value>node/358219640</value></Data><Data name="ele"><value>54</value></Data><Data name="gnis:feature_id"><value>566161</value></Data><Data name="name"><value>Five Island Rapids</value></Data><Data name="waterway"><value>rapids</value></Data></ExtendedData><Point><coordinates>-68.3695078,45.4949027</coordinates></Point></Placemark><Placemark><name>Gardner Rips</name><ExtendedData><Data name="@id"><value>node/358219936</value></Data><Data name="ele"><value>41</value></Data><Data name="gnis:feature_id"><value>566704</value></Data><Data name="name"><value>Gardner Rips</value></Data><Data name="waterway"><value>rapids</value></Data></ExtendedData><Point><coordinates>-67.309434,44.9661882</coordinates></Point></Placemark><Placemark><name>Getchell Riffles</name><ExtendedData><Data name="@id"><value>node/358219977</value></Data><Data name="ele"><value>23</value></Data><Data name="gnis:feature_id"><value>566771</value></Data><Data name="name"><value>Getchell Riffles</value></Data><Data name="waterway"><value>rapids</value></Data></ExtendedData><Point><coordinates>-67.6217831,44.8170208</coordinates></Point></Placemark><Placemark><name>Gilman Beach</name><ExtendedData><Data name="@id"><value>node/358219988</value></Data><Data name="ele"><value>191</value></Data><Data name="gnis:feature_id"><value>566796</value></Data><Data name="name"><value>Gilman Beach</value></Data><Data name="waterway"><value>rapids</value></Data></ExtendedData><Point><coordinates>-68.647216,46.4147201</coordinates></Point></Placemark><Placemark><name>Gore Rapids</name><ExtendedData><Data name="@id"><value>node/358220082</value></Data><Data name="ele"><value>374</value></Data><Data name="gnis:feature_id"><value>566974</value></Data><Data name="name"><value>Gore Rapids</value></Data><Data name="waterway"><value>rapids</value></Data></ExtendedData><Point><coordinates>-70.3378451,45.3075525</coordinates></Point></Placemark><Placemark><name>Great Meadow Riffles</name><ExtendedData><Data name="@id"><value>node/358220165</value></Data><Data name="ele"><value>23</value></Data><Data name="gnis:feature_id"><value>567163</value></Data><Data name="name"><value>Great Meadow Riffles</value></Data><Data name="waterway"><value>rapids</value></Data></ExtendedData><Point><coordinates>-67.5602726,44.9325759</coordinates></Point></Placemark><Placemark><name>Horse Race Rapids</name><ExtendedData><Data name="@id"><value>node/358220819</value></Data><Data name="ele"><value>309</value></Data><Data name="gnis:feature_id"><value>568290</value></Data><Data name="name"><value>Horse Race Rapids</value></Data><Data name="waterway"><value>rapids</value></Data></ExtendedData><Point><coordinates>-69.1890538,46.6987363</coordinates></Point></Placemark><Placemark><name>Horse Rips</name><ExtendedData><Data name="@id"><value>node/358220820</value></Data><Data name="ele"><value>64</value></Data><Data name="gnis:feature_id"><value>568291</value></Data><Data name="name"><value>Horse Rips</value></Data><Data name="waterway"><value>rapids</value></Data></ExtendedData><Point><coordinates>-67.8063898,44.7945191</coordinates></Point></Placemark><Placemark><name>Lake Rips</name><ExtendedData><Data name="@id"><value>node/358221273</value></Data><Data name="ele"><value>134</value></Data><Data name="gnis:feature_id"><value>569310</value></Data><Data name="name"><value>Lake Rips</value></Data><Data name="waterway"><value>rapids</value></Data></ExtendedData><Point><coordinates>-67.8630475,45.4764619</coordinates></Point></Placemark><Placemark><name>Longfellow Pitch</name><ExtendedData><Data name="@id"><value>node/358221683</value></Data><Data name="ele"><value>30</value></Data><Data name="gnis:feature_id"><value>570325</value></Data><Data name="name"><value>Longfellow Pitch</value></Data><Data name="waterway"><value>rapids</value></Data></ExtendedData><Point><coordinates>-67.6908217,44.8802466</coordinates></Point></Placemark><Placemark><name>Lower Horse Race Rapids</name><ExtendedData><Data name="@id"><value>node/358221763</value></Data><Data name="ele"><value>285</value></Data><Data name="gnis:feature_id"><value>570507</value></Data><Data name="name"><value>Lower Horse Race Rapids</value></Data><Data name="waterway"><value>rapids</value></Data></ExtendedData><Point><coordinates>-69.1990069,46.7417209</coordinates></Point></Placemark><Placemark><name>Lower Riffles</name><ExtendedData><Data name="@id"><value>node/358221771</value></Data><Data name="ele"><value>14</value></Data><Data name="gnis:feature_id"><value>570539</value></Data><Data name="name"><value>Lower Riffles</value></Data><Data name="waterway"><value>rapids</value></Data></ExtendedData><Point><coordinates>-67.5045295,44.8430677</coordinates></Point></Placemark><Placemark><name>Machias Eddy</name><ExtendedData><Data name="@id"><value>node/358221787</value></Data><Data name="ele"><value>45</value></Data><Data name="gnis:feature_id"><value>570616</value></Data><Data name="name"><value>Machias Eddy</value></Data><Data name="waterway"><value>rapids</value></Data></ExtendedData><Point><coordinates>-67.7611107,44.8264635</coordinates></Point></Placemark><Placemark><name>Meadow Brook Rapids</name><ExtendedData><Data name="@id"><value>node/358221955</value></Data><Data name="ele"><value>87</value></Data><Data name="gnis:feature_id"><value>571092</value></Data><Data name="name"><value>Meadow Brook Rapids</value></Data><Data name="waterway"><value>rapids</value></Data></ExtendedData><Point><coordinates>-68.587011,45.6991091</coordinates></Point></Placemark><Placemark><name>Meetinghouse Rips</name><ExtendedData><Data name="@id"><value>node/358221968</value></Data><Data name="ele"><value>73</value></Data><Data name="gnis:feature_id"><value>571126</value></Data><Data name="name"><value>Meetinghouse Rips</value></Data><Data name="waterway"><value>rapids</value></Data></ExtendedData><Point><coordinates>-67.4793401,45.4382425</coordinates></Point></Placemark><Placemark><name>Munson Rips</name><ExtendedData><Data name="@id"><value>node/358222306</value></Data><Data name="ele"><value>20</value></Data><Data name="gnis:feature_id"><value>571985</value></Data><Data name="name"><value>Munson Rips</value></Data><Data name="waterway"><value>rapids</value></Data></ExtendedData><Point><coordinates>-67.5056456,44.8828543</coordinates></Point></Placemark><Placemark><name>Penman Rips</name><ExtendedData><Data name="@id"><value>node/358222811</value></Data><Data name="ele"><value>46</value></Data><Data name="gnis:feature_id"><value>573161</value></Data><Data name="name"><value>Penman Rips</value></Data><Data name="waterway"><value>rapids</value></Data></ExtendedData><Point><coordinates>-67.7844447,44.8039636</coordinates></Point></Placemark><Placemark><name>Rocky Rips</name><ExtendedData><Data name="@id"><value>node/358223537</value></Data><Data name="ele"><value>80</value></Data><Data name="gnis:feature_id"><value>574414</value></Data><Data name="name"><value>Rocky Rips</value></Data><Data name="waterway"><value>rapids</value></Data></ExtendedData><Point><coordinates>-67.487044,45.4670227</coordinates></Point></Placemark><Placemark><name>Shephard Rips</name><ExtendedData><Data name="@id"><value>node/358224083</value></Data><Data name="ele"><value>177</value></Data><Data name="gnis:feature_id"><value>575378</value></Data><Data name="name"><value>Shephard Rips</value></Data><Data name="waterway"><value>rapids</value></Data></ExtendedData><Point><coordinates>-68.4511529,46.4772647</coordinates></Point></Placemark><Placemark><name>Smith Mill Pitch</name><ExtendedData><Data name="@id"><value>node/358224192</value></Data><Data name="ele"><value>14</value></Data><Data name="gnis:feature_id"><value>575629</value></Data><Data name="name"><value>Smith Mill Pitch</value></Data><Data name="waterway"><value>rapids</value></Data></ExtendedData><Point><coordinates>-67.5095809,44.8486279</coordinates></Point></Placemark><Placemark><name>Spencer Rips</name><ExtendedData><Data name="@id"><value>node/358224372</value></Data><Data name="ele"><value>313</value></Data><Data name="gnis:feature_id"><value>576040</value></Data><Data name="name"><value>Spencer Rips</value></Data><Data name="waterway"><value>rapids</value></Data></ExtendedData><Point><coordinates>-70.2106218,45.3003308</coordinates></Point></Placemark><Placemark><name>Spencer Rips</name><ExtendedData><Data name="@id"><value>node/358224373</value></Data><Data name="ele"><value>356</value></Data><Data name="gnis:feature_id"><value>576041</value></Data><Data name="name"><value>Spencer Rips</value></Data><Data name="waterway"><value>rapids</value></Data></ExtendedData><Point><coordinates>-70.2957061,45.5202481</coordinates></Point></Placemark><Placemark><name>Stinking Jam Rapids</name><ExtendedData><Data name="@id"><value>node/358224737</value></Data><Data name="ele"><value>47</value></Data><Data name="gnis:feature_id"><value>576359</value></Data><Data name="name"><value>Stinking Jam Rapids</value></Data><Data name="waterway"><value>rapids</value></Data></ExtendedData><Point><coordinates>-67.7086095,44.9053524</coordinates></Point></Placemark><Placemark><name>Stoddard Rips</name><ExtendedData><Data name="@id"><value>node/358224749</value></Data><Data name="ele"><value>33</value></Data><Data name="gnis:feature_id"><value>576373</value></Data><Data name="name"><value>Stoddard Rips</value></Data><Data name="waterway"><value>rapids</value></Data></ExtendedData><Point><coordinates>-67.2944336,44.9317439</coordinates></Point></Placemark><Placemark><name>Tyler Rips</name><ExtendedData><Data name="@id"><value>node/358225317</value></Data><Data name="ele"><value>91</value></Data><Data name="gnis:feature_id"><value>577522</value></Data><Data name="name"><value>Tyler Rips</value></Data><Data name="waterway"><value>rapids</value></Data></ExtendedData><Point><coordinates>-67.4885584,45.4909256</coordinates></Point></Placemark><Placemark><name>White Horse Rips</name><ExtendedData><Data name="@id"><value>node/358225664</value></Data><Data name="ele"><value>56</value></Data><Data name="gnis:feature_id"><value>578355</value></Data><Data name="name"><value>White Horse Rips</value></Data><Data name="note"><value>i suspect these are almost always drowned by the dam. however here is where rhey might appear during a drawdown.</value></Data><Data name="waterway"><value>rapids</value></Data></ExtendedData><Point><coordinates>-68.4184535,45.1768584</coordinates></Point></Placemark><Placemark><name>Wigwam Riffles</name><ExtendedData><Data name="@id"><value>node/358225723</value></Data><Data name="ele"><value>25</value></Data><Data name="gnis:feature_id"><value>578458</value></Data><Data name="name"><value>Wigwam Riffles</value></Data><Data name="waterway"><value>rapids</value></Data></ExtendedData><Point><coordinates>-67.5103662,44.864552</coordinates></Point></Placemark><Placemark><name>Willet Eddy</name><ExtendedData><Data name="@id"><value>node/358225750</value></Data><Data name="ele"><value>132</value></Data><Data name="gnis:feature_id"><value>578505</value></Data><Data name="name"><value>Willet Eddy</value></Data><Data name="waterway"><value>rapids</value></Data></ExtendedData><Point><coordinates>-68.6353165,46.0689365</coordinates></Point></Placemark><Placemark><name>Windy Pitch</name><ExtendedData><Data name="@id"><value>node/358225788</value></Data><Data name="ele"><value>269</value></Data><Data name="gnis:feature_id"><value>578576</value></Data><Data name="name"><value>Windy Pitch</value></Data><Data name="waterway"><value>rapids</value></Data></ExtendedData><Point><coordinates>-69.0354696,45.8669207</coordinates></Point></Placemark><Placemark><name>Upper Wigwam Rapids</name><ExtendedData><Data name="@id"><value>node/358225969</value></Data><Data name="ele"><value>41</value></Data><Data name="gnis:feature_id"><value>578864</value></Data><Data name="name"><value>Upper Wigwam Rapids</value></Data><Data name="waterway"><value>rapids</value></Data></ExtendedData><Point><coordinates>-67.7512915,44.8287466</coordinates></Point></Placemark><Placemark><name>Lower Wigwam Rapids</name><ExtendedData><Data name="@id"><value>node/358225970</value></Data><Data name="ele"><value>42</value></Data><Data name="gnis:feature_id"><value>578865</value></Data><Data name="name"><value>Lower Wigwam Rapids</value></Data><Data name="waterway"><value>rapids</value></Data></ExtendedData><Point><coordinates>-67.7458837,44.8297336</coordinates></Point></Placemark><Placemark><name>Wingdam Rips</name><ExtendedData><Data name="@id"><value>node/358225981</value></Data><Data name="ele"><value>112</value></Data><Data name="gnis:feature_id"><value>578885</value></Data><Data name="name"><value>Wingdam Rips</value></Data><Data name="waterway"><value>rapids</value></Data></ExtendedData><Point><coordinates>-67.4232802,45.5475834</coordinates></Point></Placemark><Placemark><name>Split Rock Rips</name><ExtendedData><Data name="@id"><value>node/358226016</value></Data><Data name="ele"><value>76</value></Data><Data name="gnis:feature_id"><value>578983</value></Data><Data name="name"><value>Split Rock Rips</value></Data><Data name="waterway"><value>rapids</value></Data></ExtendedData><Point><coordinates>-67.4844442,45.4514574</coordinates></Point></Placemark><Placemark><name>Cedar Island Rips</name><ExtendedData><Data name="@id"><value>node/358226018</value></Data><Data name="ele"><value>88</value></Data><Data name="gnis:feature_id"><value>578984</value></Data><Data name="name"><value>Cedar Island Rips</value></Data><Data name="waterway"><value>rapids</value></Data></ExtendedData><Point><coordinates>-67.4802625,45.4951415</coordinates></Point></Placemark><Placemark><name>Camel Rips</name><ExtendedData><Data name="@id"><value>node/358229525</value></Data><Data name="ele"><value>378</value></Data><Data name="gnis:feature_id"><value>1908501</value></Data><Data name="name"><value>Camel Rips</value></Data><Data name="waterway"><value>rapids</value></Data></ExtendedData><Point><coordinates>-70.4059707,45.5447815</coordinates></Point></Placemark><Placemark><name>Basford Rips</name><ExtendedData><Data name="@id"><value>node/358230559</value></Data><Data name="ele"><value>261</value></Data><Data name="gnis:feature_id"><value>1910247</value></Data><Data name="name"><value>Basford Rips</value></Data><Data name="waterway"><value>rapids</value></Data></ExtendedData><Point><coordinates>-69.466051,46.9267719</coordinates></Point></Placemark><Placemark><name>Ledge Rapids</name><ExtendedData><Data name="@id"><value>node/358230692</value></Data><Data name="ele"><value>312</value></Data><Data name="gnis:feature_id"><value>1910449</value></Data><Data name="name"><value>Ledge Rapids</value></Data><Data name="waterway"><value>rapids</value></Data></ExtendedData><Point><coordinates>-69.8290579,46.5723744</coordinates></Point></Placemark><Placemark><name>Oak Shoals</name><ExtendedData><Data name="@id"><value>node/358250779</value></Data><Data name="ele"><value>713</value></Data><Data name="gnis:feature_id"><value>1711154</value></Data><Data name="name"><value>Oak Shoals</value></Data><Data name="waterway"><value>rapids</value></Data></ExtendedData><Point><coordinates>-79.4219887,39.4589827</coordinates></Point></Placemark><Placemark><name>Calico Rapids</name><ExtendedData><Data name="@id"><value>node/358251864</value></Data><Data name="ele"><value>16</value></Data><Data name="gnis:feature_id"><value>1713029</value></Data><Data name="name"><value>Calico Rapids</value></Data><Data name="waterway"><value>rapids</value></Data><Data name="wikidata"><value>Q55578658</value></Data></ExtendedData><Point><coordinates>-77.2116822,38.9736207</coordinates></Point></Placemark><Placemark><name>White Horse Rapids</name><ExtendedData><Data name="@id"><value>node/358253128</value></Data><Data name="ele"><value>76</value></Data><Data name="gnis:feature_id"><value>1714228</value></Data><Data name="name"><value>White Horse Rapids</value></Data><Data name="waterway"><value>rapids</value></Data></ExtendedData><Point><coordinates>-77.719159,39.3223232</coordinates></Point></Placemark><Placemark><name>The Cascade</name><ExtendedData><Data name="@id"><value>node/358269511</value></Data><Data name="ele"><value>313</value></Data><Data name="gnis:feature_id"><value>607343</value></Data><Data name="name"><value>The Cascade</value></Data><Data name="waterway"><value>rapids</value></Data></ExtendedData><Point><coordinates>-73.1318546,42.6856969</coordinates></Point></Placemark><Placemark><name>Barre Falls</name><ExtendedData><Data name="@id"><value>node/358271038</value></Data><Data name="ele"><value>240</value></Data><Data name="gnis:feature_id"><value>609879</value></Data><Data name="name"><value>Barre Falls</value></Data><Data name="waterway"><value>rapids</value></Data></ExtendedData><Point><coordinates>-72.0253545,42.427868</coordinates></Point></Placemark><Placemark><name>Mitchels Falls</name><ExtendedData><Data name="@id"><value>node/358275277</value></Data><Data name="ele"><value>0</value></Data><Data name="gnis:feature_id"><value>617173</value></Data><Data name="name"><value>Mitchels Falls</value></Data><Data name="waterway"><value>rapids</value></Data></ExtendedData><Point><coordinates>-71.1300584,42.7667569</coordinates></Point></Placemark><Placemark><name>Elk Riffle</name><ExtendedData><Data name="@id"><value>node/358587822</value></Data><Data name="ele"><value>198</value></Data><Data name="gnis:feature_id"><value>491675</value></Data><Data name="name"><value>Elk Riffle</value></Data><Data name="waterway"><value>rapids</value></Data></ExtendedData><Point><coordinates>-84.7235571,38.5461792</coordinates></Point></Placemark><Placemark><name>Center Rock Rapids (III)</name><ExtendedData><Data name="@id"><value>node/358611616</value></Data><Data name="ele"><value>242</value></Data><Data name="gnis:feature_id"><value>511304</value></Data><Data name="name"><value>Center Rock Rapids (III)</value></Data><Data name="rapids"><value>3</value></Data><Data name="waterway"><value>rapids</value></Data></ExtendedData><Point><coordinates>-84.3307929,36.8481829</coordinates></Point></Placemark><Placemark><name>Bull Rapids</name><ExtendedData><Data name="@id"><value>node/358650158</value></Data><Data name="ele"><value>218</value></Data><Data name="gnis:feature_id"><value>431792</value></Data><Data name="name"><value>Bull Rapids</value></Data><Data name="waterway"><value>rapids</value></Data></ExtendedData><Point><coordinates>-84.8772768,41.1558241</coordinates></Point></Placemark><Placemark><name>Dolman Rapids</name><ExtendedData><Data name="@id"><value>node/358650699</value></Data><Data name="ele"><value>862</value></Data><Data name="gnis:feature_id"><value>372438</value></Data><Data name="name"><value>Dolman Rapids</value></Data><Data name="waterway"><value>rapids</value></Data></ExtendedData><Point><coordinates>-114.9170024,42.7704578</coordinates></Point></Placemark><Placemark><name>McDuff Rapids</name><ExtendedData><Data name="@id"><value>node/358651917</value></Data><Data name="alt_name"><value>China Garden Rapids</value></Data><Data name="ele"><value>260</value></Data><Data name="gnis:feature_id"><value>373874</value></Data><Data name="name"><value>McDuff Rapids</value></Data><Data name="waterway"><value>rapids</value></Data></ExtendedData><Point><coordinates>-116.9174016,45.996056</coordinates></Point></Placemark><Placemark><name>Pine Bar Rapids</name><ExtendedData><Data name="@id"><value>node/358652285</value></Data><Data name="ele"><value>407</value></Data><Data name="gnis:feature_id"><value>374400</value></Data><Data name="name"><value>Pine Bar Rapids</value></Data><Data name="waterway"><value>rapids</value></Data></ExtendedData><Point><coordinates>-116.3306548,45.8896562</coordinates></Point></Placemark><Placemark><name>Snow Hole Rapids</name><ExtendedData><Data name="@id"><value>node/358652845</value></Data><Data name="ele"><value>349</value></Data><Data name="gnis:feature_id"><value>375097</value></Data><Data name="name"><value>Snow Hole Rapids</value></Data><Data name="waterway"><value>rapids</value></Data></ExtendedData><Point><coordinates>-116.6059783,46.0087663</coordinates></Point></Placemark><Placemark><name>Upper Cache Creek Rapids</name><ExtendedData><Data name="@id"><value>node/358653270</value></Data><Data name="ele"><value>263</value></Data><Data name="gnis:feature_id"><value>375669</value></Data><Data name="name"><value>Upper Cache Creek Rapids</value></Data><Data name="waterway"><value>rapids</value></Data></ExtendedData><Point><coordinates>-116.8990359,45.9815422</coordinates></Point></Placemark><Placemark><name>Wild Goose Rapids</name><ExtendedData><Data name="@id"><value>node/358653407</value></Data><Data name="ele"><value>256</value></Data><Data name="gnis:feature_id"><value>375888</value></Data><Data name="name"><value>Wild Goose Rapids</value></Data><Data name="waterway"><value>rapids</value></Data></ExtendedData><Point><coordinates>-116.931259,46.0379317</coordinates></Point></Placemark><Placemark><name>Willow Creek Rapids</name><ExtendedData><Data name="@id"><value>node/358653550</value></Data><Data name="ele"><value>385</value></Data><Data name="gnis:feature_id"><value>376108</value></Data><Data name="name"><value>Willow Creek Rapids</value></Data><Data name="waterway"><value>rapids</value></Data></ExtendedData><Point><coordinates>-116.5545866,45.4923842</coordinates></Point></Placemark><Placemark><name>Highrange Rapids</name><ExtendedData><Data name="@id"><value>node/358653570</value></Data><Data name="ele"><value>327</value></Data><Data name="gnis:feature_id"><value>376119</value></Data><Data name="name"><value>Highrange Rapids</value></Data><Data name="waterway"><value>rapids</value></Data></ExtendedData><Point><coordinates>-116.536486,45.7352666</coordinates></Point></Placemark><Placemark><name>Cottonwood Rapids</name><ExtendedData><Data name="@id"><value>node/358653573</value></Data><Data name="ele"><value>334</value></Data><Data name="gnis:feature_id"><value>376120</value></Data><Data name="name"><value>Cottonwood Rapids</value></Data><Data name="waterway"><value>rapids</value></Data></ExtendedData><Point><coordinates>-116.5364601,45.6969502</coordinates></Point></Placemark><Placemark><name>Ski Jump Rapid</name><ExtendedData><Data name="@id"><value>node/358653586</value></Data><Data name="ele"><value>1349</value></Data><Data name="gnis:feature_id"><value>376200</value></Data><Data name="name"><value>Ski Jump Rapid</value></Data><Data name="waterway"><value>rapids</value></Data></ExtendedData><Point><coordinates>-115.0145421,44.7379651</coordinates></Point></Placemark><Placemark><name>Dutch Oven Rapids</name><ExtendedData><Data name="@id"><value>node/358653793</value></Data><Data name="ele"><value>987</value></Data><Data name="gnis:feature_id"><value>376435</value></Data><Data name="name"><value>Dutch Oven Rapids</value></Data><Data name="waterway"><value>rapids</value></Data></ExtendedData><Point><coordinates>-114.3652933,45.3312467</coordinates></Point></Placemark><Placemark><name>Big Hill Rapids</name><ExtendedData><Data name="@id"><value>node/358654306</value></Data><Data name="ele"><value>429</value></Data><Data name="gnis:feature_id"><value>377550</value></Data><Data name="name"><value>Big Hill Rapids</value></Data><Data name="waterway"><value>rapids</value></Data></ExtendedData><Point><coordinates>-115.6873591,46.1385149</coordinates></Point></Placemark><Placemark><name>Blackhawk Rapids</name><ExtendedData><Data name="@id"><value>node/358654412</value></Data><Data name="ele"><value>473</value></Data><Data name="gnis:feature_id"><value>377805</value></Data><Data name="name"><value>Blackhawk Rapids</value></Data><Data name="rapids"><value>3</value></Data><Data name="waterway"><value>rapids</value></Data></ExtendedData><Point><coordinates>-116.3029874,45.6278578</coordinates></Point></Placemark><Placemark><name>Boulder Rapids</name><ExtendedData><Data name="@id"><value>node/358654538</value></Data><Data name="ele"><value>307</value></Data><Data name="gnis:feature_id"><value>378111</value></Data><Data name="name"><value>Boulder Rapids</value></Data><Data name="waterway"><value>rapids</value></Data></ExtendedData><Point><coordinates>-116.6482692,45.7800221</coordinates></Point></Placemark><Placemark><name>China Rapids</name><ExtendedData><Data name="@id"><value>node/358654941</value></Data><Data name="ele"><value>367</value></Data><Data name="gnis:feature_id"><value>379304</value></Data><Data name="name"><value>China Rapids</value></Data><Data name="waterway"><value>rapids</value></Data></ExtendedData><Point><coordinates>-116.4637762,45.6035897</coordinates></Point></Placemark><Placemark><name>Chipmunk Rapids</name><ExtendedData><Data name="@id"><value>node/358654951</value></Data><Data name="ele"><value>703</value></Data><Data name="gnis:feature_id"><value>379314</value></Data><Data name="name"><value>Chipmunk Rapids</value></Data><Data name="waterway"><value>rapids</value></Data></ExtendedData><Point><coordinates>-116.9094089,48.4227055</coordinates></Point></Placemark><Placemark><name>Coffee Pot Rapids</name><ExtendedData><Data name="@id"><value>node/358654978</value></Data><Data name="ele"><value>1936</value></Data><Data name="gnis:feature_id"><value>379495</value></Data><Data name="name"><value>Coffee Pot Rapids</value></Data><Data name="waterway"><value>rapids</value></Data><Data name="wikidata"><value>Q55583582</value></Data></ExtendedData><Point><coordinates>-111.3957303,44.4955845</coordinates></Point></Placemark><Placemark><name>Davis Creek Rapids</name><ExtendedData><Data name="@id"><value>node/358655234</value></Data><Data name="ele"><value>337</value></Data><Data name="gnis:feature_id"><value>380280</value></Data><Data name="name"><value>Davis Creek Rapids</value></Data><Data name="waterway"><value>rapids</value></Data></ExtendedData><Point><coordinates>-116.5009813,45.6595938</coordinates></Point></Placemark><Placemark><name>Deadhorse Rapids</name><ExtendedData><Data name="@id"><value>node/358655257</value></Data><Data name="ele"><value>1532</value></Data><Data name="gnis:feature_id"><value>380320</value></Data><Data name="name"><value>Deadhorse Rapids</value></Data><Data name="waterway"><value>rapids</value></Data></ExtendedData><Point><coordinates>-115.4948351,44.8946277</coordinates></Point></Placemark><Placemark><name>Hancock Rapids</name><ExtendedData><Data name="@id"><value>node/358656231</value></Data><Data name="ele"><value>944</value></Data><Data name="gnis:feature_id"><value>382856</value></Data><Data name="name"><value>Hancock Rapids</value></Data><Data name="waterway"><value>rapids</value></Data></ExtendedData><Point><coordinates>-114.6453714,45.2599153</coordinates></Point></Placemark><Placemark><name>Hancock Rapids</name><ExtendedData><Data name="@id"><value>node/358656234</value></Data><Data name="ele"><value>784</value></Data><Data name="gnis:feature_id"><value>382857</value></Data><Data name="name"><value>Hancock Rapids</value></Data><Data name="waterway"><value>rapids</value></Data></ExtendedData><Point><coordinates>-115.0923337,45.5213016</coordinates></Point></Placemark><Placemark><name>Indian Rapids</name><ExtendedData><Data name="@id"><value>node/358656588</value></Data><Data name="ele"><value>428</value></Data><Data name="gnis:feature_id"><value>383707</value></Data><Data name="name"><value>Indian Rapids</value></Data><Data name="waterway"><value>rapids</value></Data></ExtendedData><Point><coordinates>-115.7006927,46.1412924</coordinates></Point></Placemark><Placemark><name>Indian Riffles</name><ExtendedData><Data name="@id"><value>node/358656593</value></Data><Data name="ele"><value>1774</value></Data><Data name="gnis:feature_id"><value>383711</value></Data><Data name="name"><value>Indian Riffles</value></Data><Data name="waterway"><value>rapids</value></Data></ExtendedData><Point><coordinates>-114.690352,44.256024</coordinates></Point></Placemark><Placemark><name>Jack Creek Rapids</name><ExtendedData><Data name="@id"><value>node/358656645</value></Data><Data name="ele"><value>1722</value></Data><Data name="gnis:feature_id"><value>383807</value></Data><Data name="name"><value>Jack Creek Rapids</value></Data><Data name="waterway"><value>rapids</value></Data></ExtendedData><Point><coordinates>-114.820916,44.8053688</coordinates></Point></Placemark><Placemark><name>Little Mallard Rapids</name><ExtendedData><Data name="@id"><value>node/358657023</value></Data><Data name="ele"><value>786</value></Data><Data name="gnis:feature_id"><value>384891</value></Data><Data name="name"><value>Little Mallard Rapids</value></Data><Data name="waterway"><value>rapids</value></Data></ExtendedData><Point><coordinates>-115.301231,45.5335215</coordinates></Point></Placemark><Placemark><name>Long Tom Rapids</name><ExtendedData><Data name="@id"><value>node/358657114</value></Data><Data name="ele"><value>923</value></Data><Data name="gnis:feature_id"><value>386093</value></Data><Data name="name"><value>Long Tom Rapids</value></Data><Data name="waterway"><value>rapids</value></Data></ExtendedData><Point><coordinates>-114.5800124,45.3002829</coordinates></Point></Placemark><Placemark><name>Lower Kirby Rapids</name><ExtendedData><Data name="@id"><value>node/358657178</value></Data><Data name="ele"><value>355</value></Data><Data name="gnis:feature_id"><value>386228</value></Data><Data name="name"><value>Lower Kirby Rapids</value></Data><Data name="waterway"><value>rapids</value></Data></ExtendedData><Point><coordinates>-116.4723622,45.593184</coordinates></Point></Placemark><Placemark><name>Ludwig Rapids</name><ExtendedData><Data name="@id"><value>node/358657193</value></Data><Data name="ele"><value>668</value></Data><Data name="gnis:feature_id"><value>386279</value></Data><Data name="name"><value>Ludwig Rapids</value></Data><Data name="waterway"><value>rapids</value></Data></ExtendedData><Point><coordinates>-115.4920677,45.3932419</coordinates></Point></Placemark><Placemark><name>Kellys Ripple</name><ExtendedData><Data name="@id"><value>node/358657711</value></Data><Data name="ele"><value>113</value></Data><Data name="gnis:feature_id"><value>437230</value></Data><Data name="name"><value>Kellys Ripple</value></Data><Data name="waterway"><value>rapids</value></Data></ExtendedData><Point><coordinates>-87.6806558,38.431737</coordinates></Point></Placemark><Placemark><name>Ouzel Rapids</name><ExtendedData><Data name="@id"><value>node/358657827</value></Data><Data name="ele"><value>960</value></Data><Data name="gnis:feature_id"><value>388035</value></Data><Data name="name"><value>Ouzel Rapids</value></Data><Data name="waterway"><value>rapids</value></Data></ExtendedData><Point><coordinates>-114.6668319,45.2355593</coordinates></Point></Placemark><Placemark><name>Pine Creek Rapids</name><ExtendedData><Data name="@id"><value>node/358657973</value></Data><Data name="ele"><value>1018</value></Data><Data name="gnis:feature_id"><value>388506</value></Data><Data name="name"><value>Pine Creek Rapids</value></Data><Data name="waterway"><value>rapids</value></Data></ExtendedData><Point><coordinates>-114.3008664,45.3635396</coordinates></Point></Placemark><Placemark><name>Porcupine Rapids</name><ExtendedData><Data name="@id"><value>node/358658063</value></Data><Data name="ele"><value>1029</value></Data><Data name="gnis:feature_id"><value>388768</value></Data><Data name="name"><value>Porcupine Rapids</value></Data><Data name="waterway"><value>rapids</value></Data></ExtendedData><Point><coordinates>-114.726849,45.1292744</coordinates></Point></Placemark><Placemark><name>Rainier Rapids</name><ExtendedData><Data name="@id"><value>node/358658199</value></Data><Data name="ele"><value>863</value></Data><Data name="gnis:feature_id"><value>389060</value></Data><Data name="name"><value>Rainier Rapids</value></Data><Data name="waterway"><value>rapids</value></Data></ExtendedData><Point><coordinates>-114.820752,45.3966256</coordinates></Point></Placemark><Placemark><name>Redside Rapids</name><ExtendedData><Data name="@id"><value>node/358658309</value></Data><Data name="ele"><value>1007</value></Data><Data name="gnis:feature_id"><value>389256</value></Data><Data name="name"><value>Redside Rapids</value></Data><Data name="waterway"><value>rapids</value></Data></ExtendedData><Point><coordinates>-114.7319102,45.1515964</coordinates></Point></Placemark><Placemark><name>Ruby Rapids</name><ExtendedData><Data name="@id"><value>node/358658460</value></Data><Data name="ele"><value>546</value></Data><Data name="gnis:feature_id"><value>389711</value></Data><Data name="name"><value>Ruby Rapids</value></Data><Data name="waterway"><value>rapids</value></Data></ExtendedData><Point><coordinates>-116.1942968,45.4043357</coordinates></Point></Placemark><Placemark><name>Upper Kirby Rapids</name><ExtendedData><Data name="@id"><value>node/358659457</value></Data><Data name="ele"><value>364</value></Data><Data name="gnis:feature_id"><value>392636</value></Data><Data name="name"><value>Upper Kirby Rapids</value></Data><Data name="waterway"><value>rapids</value></Data></ExtendedData><Point><coordinates>-116.4822657,45.5817464</coordinates></Point></Placemark><Placemark><name>Wapshilla Rapids</name><ExtendedData><Data name="@id"><value>node/358659538</value></Data><Data name="ele"><value>305</value></Data><Data name="gnis:feature_id"><value>392820</value></Data><Data name="name"><value>Wapshilla Rapids</value></Data><Data name="waterway"><value>rapids</value></Data></ExtendedData><Point><coordinates>-116.7557198,45.9386976</coordinates></Point></Placemark><Placemark><name>Whitehorse Rapids</name><ExtendedData><Data name="@id"><value>node/358659699</value></Data><Data name="ele"><value>1693</value></Data><Data name="gnis:feature_id"><value>393385</value></Data><Data name="name"><value>Whitehorse Rapids</value></Data><Data name="waterway"><value>rapids</value></Data></ExtendedData><Point><coordinates>-115.5342795,44.7851813</coordinates></Point></Placemark><Placemark><name>Canapener Rapids</name><ExtendedData><Data name="@id"><value>node/358659849</value></Data><Data name="ele"><value>627</value></Data><Data name="gnis:feature_id"><value>393841</value></Data><Data name="name"><value>Canapener Rapids</value></Data><Data name="waterway"><value>rapids</value></Data></ExtendedData><Point><coordinates>-115.7606838,45.4504578</coordinates></Point></Placemark><Placemark><name>Little Growler Rapids</name><ExtendedData><Data name="@id"><value>node/358659854</value></Data><Data name="ele"><value>621</value></Data><Data name="gnis:feature_id"><value>393846</value></Data><Data name="name"><value>Little Growler Rapids</value></Data><Data name="waterway"><value>rapids</value></Data></ExtendedData><Point><coordinates>-115.7717951,45.4546241</coordinates></Point></Placemark><Placemark><name>Cliffside Rapids</name><ExtendedData><Data name="@id"><value>node/358659925</value></Data><Data name="ele"><value>1034</value></Data><Data name="gnis:feature_id"><value>393951</value></Data><Data name="name"><value>Cliffside Rapids</value></Data><Data name="waterway"><value>rapids</value></Data></ExtendedData><Point><coordinates>-114.6838012,45.2199945</coordinates></Point></Placemark><Placemark><name>Haystack Rapids</name><ExtendedData><Data name="@id"><value>node/358659929</value></Data><Data name="ele"><value>1111</value></Data><Data name="gnis:feature_id"><value>393954</value></Data><Data name="name"><value>Haystack Rapids</value></Data><Data name="waterway"><value>rapids</value></Data></ExtendedData><Point><coordinates>-114.7360395,44.9739313</coordinates></Point></Placemark><Placemark><name>Gunbarrel Rapids</name><ExtendedData><Data name="@id"><value>node/358660096</value></Data><Data name="ele"><value>1082</value></Data><Data name="gnis:feature_id"><value>394358</value></Data><Data name="name"><value>Gunbarrel Rapids</value></Data><Data name="waterway"><value>rapids</value></Data></ExtendedData><Point><coordinates>-114.7170412,45.3901929</coordinates></Point></Placemark><Placemark><name>Pistol Creek Rapids</name><ExtendedData><Data name="@id"><value>node/358660102</value></Data><Data name="ele"><value>1457</value></Data><Data name="gnis:feature_id"><value>394442</value></Data><Data name="name"><value>Pistol Creek Rapids</value></Data><Data name="waterway"><value>rapids</value></Data></ExtendedData><Point><coordinates>-115.1509356,44.7301854</coordinates></Point></Placemark><Placemark><name>Cochran Rapids</name><ExtendedData><Data name="@id"><value>node/358660544</value></Data><Data name="ele"><value>264</value></Data><Data name="gnis:feature_id"><value>395283</value></Data><Data name="name"><value>Cochran Rapids</value></Data><Data name="waterway"><value>rapids</value></Data></ExtendedData><Point><coordinates>-116.8949597,45.9690592</coordinates></Point></Placemark><Placemark><name>Caldron Linn</name><ExtendedData><Data name="@id"><value>node/358660807</value></Data><Data name="ele"><value>1190</value></Data><Data name="gnis:feature_id"><value>395724</value></Data><Data name="name"><value>Caldron Linn</value></Data><Data name="waterway"><value>rapids</value></Data></ExtendedData><Point><coordinates>-114.1318776,42.4955879</coordinates></Point></Placemark><Placemark><name>Rock Riffle</name><ExtendedData><Data name="@id"><value>node/358665048</value></Data><Data name="ele"><value>148</value></Data><Data name="gnis:feature_id"><value>442208</value></Data><Data name="name"><value>Rock Riffle</value></Data><Data name="waterway"><value>rapids</value></Data></ExtendedData><Point><coordinates>-86.965008,39.0847672</coordinates></Point></Placemark><Placemark><name>Wild Sheep Rapids</name><ExtendedData><Data name="@id"><value>node/358665495</value></Data><Data name="ele"><value>594</value></Data><Data name="gnis:feature_id"><value>398992</value></Data><Data name="name"><value>Wild Sheep Rapids</value></Data><Data name="waterway"><value>rapids</value></Data></ExtendedData><Point><coordinates>-116.6598664,45.3332144</coordinates></Point></Placemark><Placemark><name>Tenmile Rapids</name><ExtendedData><Data name="@id"><value>node/358666239</value></Data><Data name="ele"><value>230</value></Data><Data name="gnis:feature_id"><value>400129</value></Data><Data name="name"><value>Tenmile Rapids</value></Data><Data name="waterway"><value>rapids</value></Data></ExtendedData><Point><coordinates>-117.0080608,46.3065426</coordinates></Point></Placemark><Placemark><name>Granite Creek Rapids</name><ExtendedData><Data name="@id"><value>node/358666474</value></Data><Data name="ele"><value>604</value></Data><Data name="gnis:feature_id"><value>400571</value></Data><Data name="name"><value>Granite Creek Rapids</value></Data><Data name="waterway"><value>rapids</value></Data></ExtendedData><Point><coordinates>-116.6551251,45.3489094</coordinates></Point></Placemark><Placemark><name>Kerrs Rapids</name><ExtendedData><Data name="@id"><value>node/358668961</value></Data><Data name="addr:state"><value>OR</value></Data><Data name="ele"><value>514</value></Data><Data name="gnis:feature_id"><value>1122711</value></Data><Data name="name"><value>Kerrs Rapids</value></Data><Data name="waterway"><value>rapids</value></Data></ExtendedData><Point><coordinates>-116.8359888,45.0332116</coordinates></Point></Placemark><Placemark><name>Waterspout Rapids</name><ExtendedData><Data name="@id"><value>node/358669064</value></Data><Data name="ele"><value>404</value></Data><Data name="gnis:feature_id"><value>1152898</value></Data><Data name="name"><value>Waterspout Rapids</value></Data><Data name="waterway"><value>rapids</value></Data></ExtendedData><Point><coordinates>-116.5956969,45.4185277</coordinates></Point></Placemark><Placemark><name>Sheep Creek Rapids</name><ExtendedData><Data name="@id"><value>node/358669067</value></Data><Data name="ele"><value>388</value></Data><Data name="gnis:feature_id"><value>1153011</value></Data><Data name="name"><value>Sheep Creek Rapids</value></Data><Data name="waterway"><value>rapids</value></Data></ExtendedData><Point><coordinates>-116.555,45.465</coordinates></Point></Placemark><Placemark><name>Double Drop Rapids</name><ExtendedData><Data name="@id"><value>node/358669120</value></Data><Data name="ele"><value>663</value></Data><Data name="gnis:feature_id"><value>1699623</value></Data><Data name="name"><value>Double Drop Rapids</value></Data><Data name="waterway"><value>rapids</value></Data></ExtendedData><Point><coordinates>-114.950304,46.1203898</coordinates></Point></Placemark><Placemark><name>q'e'ykwe' Rapid</name><ExtendedData><Data name="@id"><value>node/358669399</value></Data><Data name="ele"><value>653</value></Data><Data name="gnis:feature_id"><value>2082025</value></Data><Data name="name"><value>q'e'ykwe' Rapid</value></Data><Data name="waterway"><value>rapids</value></Data></ExtendedData><Point><coordinates>-116.55122,47.305468</coordinates></Point></Placemark><Placemark><name>Warehouse Riffle</name><ExtendedData><Data name="@id"><value>node/358669986</value></Data><Data name="ele"><value>176</value></Data><Data name="gnis:feature_id"><value>445470</value></Data><Data name="name"><value>Warehouse Riffle</value></Data><Data name="waterway"><value>rapids</value></Data></ExtendedData><Point><coordinates>-86.2284431,38.4090619</coordinates></Point></Placemark><Placemark><name>Chase Ripple</name><ExtendedData><Data name="@id"><value>node/358677710</value></Data><Data name="ele"><value>138</value></Data><Data name="gnis:feature_id"><value>450768</value></Data><Data name="name"><value>Chase Ripple</value></Data><Data name="waterway"><value>rapids</value></Data></ExtendedData><Point><coordinates>-86.6683302,38.7767172</coordinates></Point></Placemark><Placemark><name>Hudson Mill Rapids</name><ExtendedData><Data name="@id"><value>node/358688288</value></Data><Data name="ele"><value>165</value></Data><Data name="gnis:feature_id"><value>315791</value></Data><Data name="name"><value>Hudson Mill Rapids</value></Data><Data name="waterway"><value>rapids</value></Data></ExtendedData><Point><coordinates>-84.9182653,32.6951347</coordinates></Point></Placemark><Placemark><name>Steamboat Eddy</name><ExtendedData><Data name="@id"><value>node/358705049</value></Data><Data name="ele"><value>6</value></Data><Data name="gnis:feature_id"><value>323548</value></Data><Data name="name"><value>Steamboat Eddy</value></Data><Data name="waterway"><value>rapids</value></Data></ExtendedData><Point><coordinates>-81.7240015,31.5918843</coordinates></Point></Placemark><Placemark><name>Doogan Hole</name><ExtendedData><Data name="@id"><value>node/358715517</value></Data><Data name="ele"><value>569</value></Data><Data name="gnis:feature_id"><value>330446</value></Data><Data name="name"><value>Doogan Hole</value></Data><Data name="waterway"><value>rapids</value></Data><Data name="wikidata"><value>Q56539422</value></Data></ExtendedData><Point><coordinates>-84.2046377,34.7573085</coordinates></Point></Placemark><Placemark><name>Cunningham Shoals</name><ExtendedData><Data name="@id"><value>node/358723535</value></Data><Data name="ele"><value>153</value></Data><Data name="gnis:feature_id"><value>335743</value></Data><Data name="name"><value>Cunningham Shoals</value></Data><Data name="waterway"><value>rapids</value></Data></ExtendedData><Point><coordinates>-83.0143174,34.0348011</coordinates></Point></Placemark><Placemark><name>Watson Shoals</name><ExtendedData><Data name="@id"><value>node/358723661</value></Data><Data name="gnis:feature_id"><value>335803</value></Data><Data name="name"><value>Watson Shoals</value></Data><Data name="waterway"><value>rapids</value></Data></ExtendedData><Point><coordinates>-83.073824,34.0266284</coordinates></Point></Placemark><Placemark><name>Witcher Shoals</name><ExtendedData><Data name="@id"><value>node/358723664</value></Data><Data name="ele"><value>156</value></Data><Data name="gnis:feature_id"><value>335806</value></Data><Data name="name"><value>Witcher Shoals</value></Data><Data name="waterway"><value>rapids</value></Data></ExtendedData><Point><coordinates>-83.0188859,34.0329456</coordinates></Point></Placemark><Placemark><name>Grabel Shoals</name><ExtendedData><Data name="@id"><value>node/358754958</value></Data><Data name="ele"><value>104</value></Data><Data name="gnis:feature_id"><value>347209</value></Data><Data name="name"><value>Grabel Shoals</value></Data><Data name="waterway"><value>rapids</value></Data></ExtendedData><Point><coordinates>-83.2293228,33.2765268</coordinates></Point></Placemark><Placemark><name>Riley Shoals</name><ExtendedData><Data name="@id"><value>node/358755050</value></Data><Data name="ele"><value>133</value></Data><Data name="gnis:feature_id"><value>347255</value></Data><Data name="name"><value>Riley Shoals</value></Data><Data name="waterway"><value>rapids</value></Data></ExtendedData><Point><coordinates>-83.186823,33.3895788</coordinates></Point></Placemark><Placemark><name>Long Shoals</name><ExtendedData><Data name="@id"><value>node/358758175</value></Data><Data name="ele"><value>133</value></Data><Data name="gnis:feature_id"><value>348689</value></Data><Data name="name"><value>Long Shoals</value></Data><Data name="waterway"><value>rapids</value></Data></ExtendedData><Point><coordinates>-83.2212687,33.3887447</coordinates></Point></Placemark><Placemark><name>Snapping Shoals</name><ExtendedData><Data name="@id"><value>node/358775694</value></Data><Data name="ele"><value>170</value></Data><Data name="gnis:feature_id"><value>1671980</value></Data><Data name="name"><value>Snapping Shoals</value></Data><Data name="waterway"><value>rapids</value></Data></ExtendedData><Point><coordinates>-83.9546312,33.4834487</coordinates></Point></Placemark><Placemark><name>Reeves Shoals</name><ExtendedData><Data name="@id"><value>node/358782870</value></Data><Data name="ele"><value>100</value></Data><Data name="gnis:feature_id"><value>1705063</value></Data><Data name="name"><value>Reeves Shoals</value></Data><Data name="waterway"><value>rapids</value></Data></ExtendedData><Point><coordinates>-84.191581,32.6826411</coordinates></Point></Placemark><Placemark><name>Devil's Slide</name><ExtendedData><Data name="@id"><value>node/358795287</value></Data><Data name="alt_name"><value>Devils Slide</value></Data><Data name="ele"><value>1188</value></Data><Data name="gnis:feature_id"><value>252522</value></Data><Data name="name"><value>Devil's Slide</value></Data><Data name="waterway"><value>rapids</value></Data><Data name="wikidata"><value>Q49893252</value></Data></ExtendedData><Point><coordinates>-119.5665325,37.3479991</coordinates></Point></Placemark><Placemark><name>The Roughs</name><ExtendedData><Data name="@id"><value>node/358800353</value></Data><Data name="ele"><value>2513</value></Data><Data name="gnis:feature_id"><value>268209</value></Data><Data name="name"><value>The Roughs</value></Data><Data name="waterway"><value>rapids</value></Data></ExtendedData><Point><coordinates>-119.4604429,38.1754738</coordinates></Point></Placemark><Placemark><name>Green Riffle</name><ExtendedData><Data name="@id"><value>node/358802821</value></Data><Data name="ele"><value>172</value></Data><Data name="gnis:feature_id"><value>276871</value></Data><Data name="name"><value>Green Riffle</value></Data><Data name="waterway"><value>rapids</value></Data></ExtendedData><Point><coordinates>-123.5067267,41.4331806</coordinates></Point></Placemark><Placemark><name>Kanick Rapids</name><ExtendedData><Data name="@id"><value>node/358814846</value></Data><Data name="ele"><value>38</value></Data><Data name="gnis:feature_id"><value>1665243</value></Data><Data name="name"><value>Kanick Rapids</value></Data><Data name="waterway"><value>rapids</value></Data></ExtendedData><Point><coordinates>-123.770581,41.239616</coordinates></Point></Placemark><Placemark><name>Captain Jones Rapids</name><ExtendedData><Data name="@id"><value>node/358816927</value></Data><Data name="ele"><value>51</value></Data><Data name="gnis:feature_id"><value>1670243</value></Data><Data name="name"><value>Captain Jones Rapids</value></Data><Data name="waterway"><value>rapids</value></Data></ExtendedData><Point><coordinates>-122.0828534,39.9233978</coordinates></Point></Placemark><Placemark><name>Hell's Half Mile</name><ExtendedData><Data name="@id"><value>node/358906991</value></Data><Data name="ele"><value>1566</value></Data><Data name="gnis:feature_id"><value>170604</value></Data><Data name="name"><value>Hell's Half Mile</value></Data><Data name="waterway"><value>rapids</value></Data></ExtendedData><Point><coordinates>-108.9709514,40.5955188</coordinates></Point></Placemark><Placemark><name>Halfmile Shoals</name><ExtendedData><Data name="@id"><value>node/358914000</value></Data><Data name="ele"><value>91</value></Data><Data name="gnis:feature_id"><value>119568</value></Data><Data name="name"><value>Halfmile Shoals</value></Data><Data name="waterway"><value>rapids</value></Data></ExtendedData><Point><coordinates>-87.03666,33.1551178</coordinates></Point></Placemark><Placemark><name>Horton Shoal</name><ExtendedData><Data name="@id"><value>node/358916342</value></Data><Data name="ele"><value>282</value></Data><Data name="gnis:feature_id"><value>120444</value></Data><Data name="name"><value>Horton Shoal</value></Data><Data name="waterway"><value>rapids</value></Data></ExtendedData><Point><coordinates>-85.4341176,33.2359513</coordinates></Point></Placemark><Placemark><name>Jackson Shoals</name><ExtendedData><Data name="@id"><value>node/358916869</value></Data><Data name="ele"><value>151</value></Data><Data name="gnis:feature_id"><value>120785</value></Data><Data name="name"><value>Jackson Shoals</value></Data><Data name="waterway"><value>rapids</value></Data></ExtendedData><Point><coordinates>-86.0896938,33.5451051</coordinates></Point></Placemark><Placemark><name>Lilly Shoals</name><ExtendedData><Data name="@id"><value>node/358918526</value></Data><Data name="ele"><value>88</value></Data><Data name="gnis:feature_id"><value>121622</value></Data><Data name="name"><value>Lilly Shoals</value></Data><Data name="waterway"><value>rapids</value></Data></ExtendedData><Point><coordinates>-87.0399934,33.1498402</coordinates></Point></Placemark><Placemark><name>Tippins Eddy</name><ExtendedData><Data name="@id"><value>node/358930259</value></Data><Data name="ele"><value>30</value></Data><Data name="gnis:feature_id"><value>127992</value></Data><Data name="name"><value>Tippins Eddy</value></Data><Data name="waterway"><value>rapids</value></Data></ExtendedData><Point><coordinates>-87.0985827,31.1693421</coordinates></Point></Placemark><Placemark><name>Hargrove Shoals</name><ExtendedData><Data name="@id"><value>node/359006460</value></Data><Data name="ele"><value>70</value></Data><Data name="gnis:feature_id"><value>1959609</value></Data><Data name="name"><value>Hargrove Shoals</value></Data><Data name="waterway"><value>rapids</value></Data></ExtendedData><Point><coordinates>-87.079161,33.0659538</coordinates></Point></Placemark><Placemark><name>Big Eddy</name><ExtendedData><Data name="@id"><value>node/359021267</value></Data><Data name="ele"><value>55</value></Data><Data name="gnis:feature_id"><value>82880</value></Data><Data name="name"><value>Big Eddy</value></Data><Data name="waterway"><value>rapids</value></Data></ExtendedData><Point><coordinates>-90.6953873,35.115368</coordinates></Point></Placemark><Placemark><name>Gibson Eddy</name><ExtendedData><Data name="@id"><value>node/359021269</value></Data><Data name="ele"><value>53</value></Data><Data name="gnis:feature_id"><value>82890</value></Data><Data name="name"><value>Gibson Eddy</value></Data><Data name="waterway"><value>rapids</value></Data></ExtendedData><Point><coordinates>-90.7131652,35.0375913</coordinates></Point></Placemark><Placemark><name>Bass Rapids</name><ExtendedData><Data name="@id"><value>node/359242387</value></Data><Data name="ele"><value>700</value></Data><Data name="gnis:feature_id"><value>1055</value></Data><Data name="name"><value>Bass Rapids</value></Data><Data name="waterway"><value>rapids</value></Data><Data name="wikidata"><value>Q49846847</value></Data></ExtendedData><Point><coordinates>-112.3398995,36.2313693</coordinates></Point></Placemark><Placemark><name>Bridge Canyon Rapids</name><ExtendedData><Data name="@id"><value>node/359243373</value></Data><Data name="ele"><value>379</value></Data><Data name="gnis:feature_id"><value>1953</value></Data><Data name="name"><value>Bridge Canyon Rapids</value></Data><Data name="waterway"><value>rapids</value></Data></ExtendedData><Point><coordinates>-113.5246607,35.7755432</coordinates></Point></Placemark><Placemark><name>Crystal Rapids</name><ExtendedData><Data name="@id"><value>node/359244790</value></Data><Data name="ele"><value>705</value></Data><Data name="gnis:feature_id"><value>3628</value></Data><Data name="name"><value>Crystal Rapids</value></Data><Data name="waterway"><value>rapids</value></Data><Data name="wikidata"><value>Q55585600</value></Data></ExtendedData><Point><coordinates>-112.2465619,36.1369258</coordinates></Point></Placemark><Placemark><name>Devils Slide Rapids</name><ExtendedData><Data name="@id"><value>node/359244984</value></Data><Data name="ele"><value>358</value></Data><Data name="gnis:feature_id"><value>3904</value></Data><Data name="name"><value>Devils Slide Rapids</value></Data><Data name="waterway"><value>rapids</value></Data></ExtendedData><Point><coordinates>-113.714668,35.9299882</coordinates></Point></Placemark><Placemark><name>Diamond Creek Rapids</name><ExtendedData><Data name="@id"><value>node/359245008</value></Data><Data name="ele"><value>408</value></Data><Data name="gnis:feature_id"><value>3929</value></Data><Data name="name"><value>Diamond Creek Rapids</value></Data><Data name="nhd-shp:com_id"><value>21400011</value></Data><Data name="nhd-shp:fdate"><value>Mon Nov 29 00:00:00 CET 1999</value></Data><Data name="source"><value>NHD</value></Data><Data name="waterway"><value>rapids</value></Data></ExtendedData><Point><coordinates>-113.3763222,35.7647105</coordinates></Point></Placemark><Placemark><name>Fern Glen Rapids</name><ExtendedData><Data name="@id"><value>node/359245575</value></Data><Data name="ele"><value>539</value></Data><Data name="gnis:feature_id"><value>4574</value></Data><Data name="name"><value>Fern Glen Rapids</value></Data><Data name="waterway"><value>rapids</value></Data><Data name="wikidata"><value>Q49906817</value></Data></ExtendedData><Point><coordinates>-112.9176986,36.2580371</coordinates></Point></Placemark><Placemark><name>Fossil Rapids</name><ExtendedData><Data name="@id"><value>node/359245749</value></Data><Data name="ele"><value>648</value></Data><Data name="gnis:feature_id"><value>4769</value></Data><Data name="name"><value>Fossil Rapids</value></Data><Data name="waterway"><value>rapids</value></Data><Data name="wikidata"><value>Q49911590</value></Data></ExtendedData><Point><coordinates>-112.5235179,36.2705366</coordinates></Point></Placemark><Placemark><name>Gateway Rapids</name><ExtendedData><Data name="@id"><value>node/359245893</value></Data><Data name="ele"><value>536</value></Data><Data name="gnis:feature_id"><value>4966</value></Data><Data name="name"><value>Gateway Rapids</value></Data><Data name="waterway"><value>rapids</value></Data><Data name="wikidata"><value>Q49915555</value></Data></ExtendedData><Point><coordinates>-112.9677843,36.235112</coordinates></Point></Placemark><Placemark><name>Gneiss Canyon Rapids</name><ExtendedData><Data name="@id"><value>node/359245976</value></Data><Data name="ele"><value>379</value></Data><Data name="gnis:feature_id"><value>5073</value></Data><Data name="name"><value>Gneiss Canyon Rapids</value></Data><Data name="waterway"><value>rapids</value></Data></ExtendedData><Point><coordinates>-113.5327164,35.7833209</coordinates></Point></Placemark><Placemark><name>Granite Rapids</name><ExtendedData><Data name="@id"><value>node/359246119</value></Data><Data name="ele"><value>719</value></Data><Data name="gnis:feature_id"><value>5254</value></Data><Data name="name"><value>Granite Rapids</value></Data><Data name="waterway"><value>rapids</value></Data></ExtendedData><Point><coordinates>-112.1833332,36.0984579</coordinates></Point></Placemark><Placemark><name>Grapevine Rapids</name><ExtendedData><Data name="@id"><value>node/359246132</value></Data><Data name="ele"><value>766</value></Data><Data name="gnis:feature_id"><value>5276</value></Data><Data name="name"><value>Grapevine Rapids</value></Data><Data name="waterway"><value>rapids</value></Data></ExtendedData><Point><coordinates>-112.003221,36.0591501</coordinates></Point></Placemark><Placemark><name>Hakatai Rapids</name><ExtendedData><Data name="@id"><value>node/359246297</value></Data><Data name="ele"><value>712</value></Data><Data name="gnis:feature_id"><value>5509</value></Data><Data name="name"><value>Hakatai Rapids</value></Data><Data name="waterway"><value>rapids</value></Data></ExtendedData><Point><coordinates>-112.3874014,36.2435915</coordinates></Point></Placemark><Placemark><name>Hance Rapids</name><ExtendedData><Data name="@id"><value>node/359246327</value></Data><Data name="ele"><value>789</value></Data><Data name="gnis:feature_id"><value>5536</value></Data><Data name="name"><value>Hance Rapids</value></Data><Data name="waterway"><value>rapids</value></Data></ExtendedData><Point><coordinates>-111.9199459,36.0453822</coordinates></Point></Placemark><Placemark><name>Havasu Rapids</name><ExtendedData><Data name="@id"><value>node/359246399</value></Data><Data name="ele"><value>571</value></Data><Data name="gnis:feature_id"><value>5618</value></Data><Data name="name"><value>Havasu Rapids</value></Data><Data name="waterway"><value>rapids</value></Data></ExtendedData><Point><coordinates>-112.7644963,36.3071077</coordinates></Point></Placemark><Placemark><name>Horn Creek Rapids</name><ExtendedData><Data name="@id"><value>node/359246652</value></Data><Data name="ele"><value>730</value></Data><Data name="gnis:feature_id"><value>5938</value></Data><Data name="name"><value>Horn Creek Rapids</value></Data><Data name="waterway"><value>rapids</value></Data></ExtendedData><Point><coordinates>-112.1337808,36.0988715</coordinates></Point></Placemark><Placemark><name>Hundred and Sixtyfour Mile Rapids</name><ExtendedData><Data name="@id"><value>node/359246793</value></Data><Data name="ele"><value>541</value></Data><Data name="gnis:feature_id"><value>6124</value></Data><Data name="name"><value>Hundred and Sixtyfour Mile Rapids</value></Data><Data name="waterway"><value>rapids</value></Data></ExtendedData><Point><coordinates>-112.8754753,36.2791486</coordinates></Point></Placemark><Placemark><name>Kanab Rapids</name><ExtendedData><Data name="@id"><value>node/359247458</value></Data><Data name="ele"><value>589</value></Data><Data name="gnis:feature_id"><value>6600</value></Data><Data name="name"><value>Kanab Rapids</value></Data><Data name="waterway"><value>rapids</value></Data></ExtendedData><Point><coordinates>-112.6340788,36.3905385</coordinates></Point></Placemark><Placemark><name>Last Chance Rapids</name><ExtendedData><Data name="@id"><value>node/359247701</value></Data><Data name="ele"><value>362</value></Data><Data name="gnis:feature_id"><value>6891</value></Data><Data name="name"><value>Last Chance Rapids</value></Data><Data name="waterway"><value>rapids</value></Data></ExtendedData><Point><coordinates>-113.7118901,35.8949884</coordinates></Point></Placemark><Placemark><name>Lava Canyon Rapid</name><ExtendedData><Data name="@id"><value>node/359247713</value></Data><Data name="alt_name"><value>Chuar Rapid</value></Data><Data name="ele"><value>823</value></Data><Data name="gnis:feature_id"><value>6912</value></Data><Data name="name"><value>Lava Canyon Rapid</value></Data><Data name="waterway"><value>rapids</value></Data></ExtendedData><Point><coordinates>-111.8169785,36.1381336</coordinates></Point></Placemark><Placemark><name>Lava Cliff Rapids</name><ExtendedData><Data name="@id"><value>node/359247715</value></Data><Data name="ele"><value>367</value></Data><Data name="gnis:feature_id"><value>6913</value></Data><Data name="name"><value>Lava Cliff Rapids</value></Data><Data name="waterway"><value>rapids</value></Data></ExtendedData><Point><coordinates>-113.6477207,35.8255439</coordinates></Point></Placemark><Placemark><name>Lava Falls Rapids</name><ExtendedData><Data name="@id"><value>node/359247720</value></Data><Data name="ele"><value>507</value></Data><Data name="gnis:feature_id"><value>6916</value></Data><Data name="name"><value>Lava Falls Rapids</value></Data><Data name="nhd-shp:com_id"><value>20715070</value></Data><Data name="nhd-shp:fdate"><value>Tue Nov 30 00:00:00 CET 1999</value></Data><Data name="source"><value>NHD</value></Data><Data name="waterway"><value>rapids</value></Data></ExtendedData><Point><coordinates>-113.0838154,36.1974814</coordinates></Point></Placemark><Placemark><name>Lost Creek Rapids</name><ExtendedData><Data name="@id"><value>node/359248122</value></Data><Data name="ele"><value>367</value></Data><Data name="gnis:feature_id"><value>7399</value></Data><Data name="name"><value>Lost Creek Rapids</value></Data><Data name="waterway"><value>rapids</value></Data></ExtendedData><Point><coordinates>-113.6666104,35.8630438</coordinates></Point></Placemark><Placemark><name>Matkatamiba Rapids</name><ExtendedData><Data name="@id"><value>node/359248423</value></Data><Data name="ele"><value>572</value></Data><Data name="gnis:feature_id"><value>7775</value></Data><Data name="name"><value>Matkatamiba Rapids</value></Data><Data name="waterway"><value>rapids</value></Data></ExtendedData><Point><coordinates>-112.6724133,36.3441494</coordinates></Point></Placemark><Placemark><name>President Harding Rapids</name><ExtendedData><Data name="@id"><value>node/359250154</value></Data><Data name="ele"><value>866</value></Data><Data name="gnis:feature_id"><value>9758</value></Data><Data name="name"><value>President Harding Rapids</value></Data><Data name="waterway"><value>rapids</value></Data></ExtendedData><Point><coordinates>-111.8481417,36.392696</coordinates></Point></Placemark><Placemark><name>Reference Point Rapids</name><ExtendedData><Data name="@id"><value>node/359250583</value></Data><Data name="ele"><value>363</value></Data><Data name="gnis:feature_id"><value>10203</value></Data><Data name="name"><value>Reference Point Rapids</value></Data><Data name="waterway"><value>rapids</value></Data></ExtendedData><Point><coordinates>-113.7130012,35.8872106</coordinates></Point></Placemark><Placemark><name>Salt Creek Rapids</name><ExtendedData><Data name="@id"><value>node/359251102</value></Data><Data name="ele"><value>722</value></Data><Data name="gnis:feature_id"><value>10750</value></Data><Data name="name"><value>Salt Creek Rapids</value></Data><Data name="waterway"><value>rapids</value></Data></ExtendedData><Point><coordinates>-112.1698929,36.0994268</coordinates></Point></Placemark><Placemark><name>Separation Rapids</name><ExtendedData><Data name="@id"><value>node/359251333</value></Data><Data name="ele"><value>368</value></Data><Data name="gnis:feature_id"><value>11092</value></Data><Data name="name"><value>Separation Rapids</value></Data><Data name="waterway"><value>rapids</value></Data></ExtendedData><Point><coordinates>-113.5727178,35.8241544</coordinates></Point></Placemark><Placemark><name>Serpentine Rapids</name><ExtendedData><Data name="@id"><value>node/359251334</value></Data><Data name="ele"><value>684</value></Data><Data name="gnis:feature_id"><value>11094</value></Data><Data name="name"><value>Serpentine Rapids</value></Data><Data name="waterway"><value>rapids</value></Data></ExtendedData><Point><coordinates>-112.3298989,36.2088696</coordinates></Point></Placemark><Placemark><name>Nevills Rapids</name><ExtendedData><Data name="@id"><value>node/359251458</value></Data><Data name="ele"><value>787</value></Data><Data name="gnis:feature_id"><value>11128</value></Data><Data name="name"><value>Nevills Rapids</value></Data><Data name="waterway"><value>rapids</value></Data></ExtendedData><Point><coordinates>-111.9034945,36.0535961</coordinates></Point></Placemark><Placemark><name>Shinumo Rapids</name><ExtendedData><Data name="@id"><value>node/359251631</value></Data><Data name="ele"><value>718</value></Data><Data name="gnis:feature_id"><value>11224</value></Data><Data name="name"><value>Shinumo Rapids</value></Data><Data name="waterway"><value>rapids</value></Data></ExtendedData><Point><coordinates>-112.3540667,36.2377582</coordinates></Point></Placemark><Placemark><name>Sinyella Rapids</name><ExtendedData><Data name="@id"><value>node/359251743</value></Data><Data name="ele"><value>554</value></Data><Data name="gnis:feature_id"><value>11366</value></Data><Data name="name"><value>Sinyella Rapids</value></Data><Data name="waterway"><value>rapids</value></Data></ExtendedData><Point><coordinates>-112.723526,36.3191495</coordinates></Point></Placemark><Placemark><name>Sixtymile Rapids</name><ExtendedData><Data name="@id"><value>node/359251768</value></Data><Data name="ele"><value>835</value></Data><Data name="gnis:feature_id"><value>11394</value></Data><Data name="name"><value>Sixtymile Rapids</value></Data><Data name="waterway"><value>rapids</value></Data></ExtendedData><Point><coordinates>-111.8092796,36.2142365</coordinates></Point></Placemark><Placemark><name>Specter Rapids</name><ExtendedData><Data name="@id"><value>node/359251965</value></Data><Data name="ele"><value>682</value></Data><Data name="gnis:feature_id"><value>11668</value></Data><Data name="name"><value>Specter Rapids</value></Data><Data name="waterway"><value>rapids</value></Data></ExtendedData><Point><coordinates>-112.4774053,36.3149814</coordinates></Point></Placemark><Placemark><name>Surprise Rapids</name><ExtendedData><Data name="@id"><value>node/359252230</value></Data><Data name="ele"><value>375</value></Data><Data name="gnis:feature_id"><value>12015</value></Data><Data name="name"><value>Surprise Rapids</value></Data><Data name="nhd:com_id"><value>122643714</value></Data><Data name="nhd:fdate"><value>Wed Jul 14 00:00:00 CEST 2004</value></Data><Data name="source"><value>NHD</value></Data><Data name="waterway"><value>rapids</value></Data></ExtendedData><Point><coordinates>-113.6635548,35.8555438</coordinates></Point></Placemark><Placemark><name>Tanner Canyon Rapids</name><ExtendedData><Data name="@id"><value>node/359252344</value></Data><Data name="ele"><value>819</value></Data><Data name="gnis:feature_id"><value>12163</value></Data><Data name="name"><value>Tanner Canyon Rapids</value></Data><Data name="waterway"><value>rapids</value></Data></ExtendedData><Point><coordinates>-111.8373813,36.1022081</coordinates></Point></Placemark><Placemark><name>Tapeats Rapids</name><ExtendedData><Data name="@id"><value>node/359252350</value></Data><Data name="ele"><value>607</value></Data><Data name="gnis:feature_id"><value>12173</value></Data><Data name="name"><value>Tapeats Rapids</value></Data><Data name="waterway"><value>rapids</value></Data></ExtendedData><Point><coordinates>-112.4698982,36.3703391</coordinates></Point></Placemark><Placemark><name>Two Hundred and Fortyone Mile Rapids</name><ExtendedData><Data name="@id"><value>node/359252692</value></Data><Data name="ele"><value>368</value></Data><Data name="gnis:feature_id"><value>12653</value></Data><Data name="name"><value>Two Hundred and Fortyone Mile Rapids</value></Data><Data name="waterway"><value>rapids</value></Data></ExtendedData><Point><coordinates>-113.5938298,35.8408211</coordinates></Point></Placemark><Placemark><name>Travertine Rapids</name><ExtendedData><Data name="@id"><value>node/359252735</value></Data><Data name="ele"><value>392</value></Data><Data name="gnis:feature_id"><value>12695</value></Data><Data name="name"><value>Travertine Rapids</value></Data><Data name="nhd-shp:com_id"><value>21400017</value></Data><Data name="nhd-shp:fdate"><value>Mon Nov 29 00:00:00 CET 1999</value></Data><Data name="source"><value>NHD</value></Data><Data name="waterway"><value>rapids</value></Data></ExtendedData><Point><coordinates>-113.4232683,35.751377</coordinates></Point></Placemark><Placemark><name>Triumphal Arch Rapids</name><ExtendedData><Data name="@id"><value>node/359252763</value></Data><Data name="ele"><value>357</value></Data><Data name="gnis:feature_id"><value>12731</value></Data><Data name="name"><value>Triumphal Arch Rapids</value></Data><Data name="waterway"><value>rapids</value></Data></ExtendedData><Point><coordinates>-113.7355022,35.9394327</coordinates></Point></Placemark><Placemark><name>Two Hundred and Fortymile Rapids</name><ExtendedData><Data name="@id"><value>node/359252960</value></Data><Data name="ele"><value>368</value></Data><Data name="gnis:feature_id"><value>12987</value></Data><Data name="name"><value>Two Hundred and Fortymile Rapids</value></Data><Data name="waterway"><value>rapids</value></Data></ExtendedData><Point><coordinates>-113.5818849,35.8316544</coordinates></Point></Placemark><Placemark><name>Roadrunner Rapids</name><ExtendedData><Data name="@id"><value>node/359252961</value></Data><Data name="ele"><value>428</value></Data><Data name="gnis:feature_id"><value>12990</value></Data><Data name="name"><value>Roadrunner Rapids</value></Data><Data name="waterway"><value>rapids</value></Data></ExtendedData><Point><coordinates>-113.3118757,35.8613762</coordinates></Point></Placemark><Placemark><name>Two Hundred and Thirtyfour Mile Rapids</name><ExtendedData><Data name="@id"><value>node/359252964</value></Data><Data name="ele"><value>379</value></Data><Data name="gnis:feature_id"><value>12991</value></Data><Data name="name"><value>Two Hundred and Thirtyfour Mile Rapids</value></Data><Data name="waterway"><value>rapids</value></Data></ExtendedData><Point><coordinates>-113.503271,35.7658208</coordinates></Point></Placemark><Placemark><name>Two Hundred and Thirtyone Mile Rapids</name><ExtendedData><Data name="@id"><value>node/359252966</value></Data><Data name="ele"><value>388</value></Data><Data name="gnis:feature_id"><value>12992</value></Data><Data name="name"><value>Two Hundred and Thirtyone Mile Rapids</value></Data><Data name="nhd-shp:com_id"><value>21400013</value></Data><Data name="nhd-shp:fdate"><value>Mon Nov 29 00:00:00 CET 1999</value></Data><Data name="source"><value>NHD</value></Data><Data name="waterway"><value>rapids</value></Data></ExtendedData><Point><coordinates>-113.4541554,35.7589533</coordinates></Point></Placemark><Placemark><name>Two Hundred and Thirtyseven Mile Rapids</name><ExtendedData><Data name="@id"><value>node/359252969</value></Data><Data name="ele"><value>368</value></Data><Data name="gnis:feature_id"><value>12993</value></Data><Data name="name"><value>Two Hundred and Thirtyseven Mile Rapids</value></Data><Data name="waterway"><value>rapids</value></Data></ExtendedData><Point><coordinates>-113.5457725,35.7963765</coordinates></Point></Placemark><Placemark><name>Two Hundred and Twentyfour Mile Rapids</name><ExtendedData><Data name="@id"><value>node/359252973</value></Data><Data name="ele"><value>415</value></Data><Data name="gnis:feature_id"><value>12996</value></Data><Data name="name"><value>Two Hundred and Twentyfour Mile Rapids</value></Data><Data name="nhd-shp:com_id"><value>21400007</value></Data><Data name="nhd-shp:fdate"><value>Mon Nov 29 00:00:00 CET 1999</value></Data><Data name="source"><value>NHD</value></Data><Data name="waterway"><value>rapids</value></Data></ExtendedData><Point><coordinates>-113.3456146,35.7853581</coordinates></Point></Placemark><Placemark><name>Unkar Creek Rapids</name><ExtendedData><Data name="@id"><value>node/359253022</value></Data><Data name="ele"><value>802</value></Data><Data name="gnis:feature_id"><value>13058</value></Data><Data name="name"><value>Unkar Creek Rapids</value></Data><Data name="waterway"><value>rapids</value></Data></ExtendedData><Point><coordinates>-111.8720001,36.0802204</coordinates></Point></Placemark><Placemark><name>Upset Rapids</name><ExtendedData><Data name="@id"><value>node/359253081</value></Data><Data name="ele"><value>561</value></Data><Data name="gnis:feature_id"><value>13135</value></Data><Data name="name"><value>Upset Rapids</value></Data><Data name="waterway"><value>rapids</value></Data></ExtendedData><Point><coordinates>-112.6943587,36.3555385</coordinates></Point></Placemark><Placemark><name>Wards Cove Rapids</name><ExtendedData><Data name="@id"><value>node/359253225</value></Data><Data name="ele"><value>351</value></Data><Data name="gnis:feature_id"><value>13342</value></Data><Data name="name"><value>Wards Cove Rapids</value></Data><Data name="waterway"><value>rapids</value></Data></ExtendedData><Point><coordinates>-113.7791153,35.9905436</coordinates></Point></Placemark><Placemark><name>Waterfall Rapids</name><ExtendedData><Data name="@id"><value>node/359253251</value></Data><Data name="ele"><value>353</value></Data><Data name="gnis:feature_id"><value>13389</value></Data><Data name="name"><value>Waterfall Rapids</value></Data><Data name="waterway"><value>rapids</value></Data></ExtendedData><Point><coordinates>-113.7555032,35.967766</coordinates></Point></Placemark><Placemark><name>Seventy-Five Mile Rapids</name><ExtendedData><Data name="@id"><value>node/359256226</value></Data><Data name="ele"><value>787</value></Data><Data name="gnis:feature_id"><value>21005</value></Data><Data name="name"><value>Seventy-Five Mile Rapids</value></Data><Data name="waterway"><value>rapids</value></Data></ExtendedData><Point><coordinates>-111.9021055,36.0527629</coordinates></Point></Placemark><Placemark><name>Rocky Rapids</name><ExtendedData><Data name="@id"><value>node/359260851</value></Data><Data name="ele"><value>223</value></Data><Data name="gnis:feature_id"><value>24042</value></Data><Data name="name"><value>Rocky Rapids</value></Data><Data name="waterway"><value>rapids</value></Data></ExtendedData><Point><coordinates>-114.7008123,35.8999834</coordinates></Point></Placemark><Placemark><name>Rudy Rapids</name><ExtendedData><Data name="@id"><value>node/359260909</value></Data><Data name="ele"><value>682</value></Data><Data name="gnis:feature_id"><value>24089</value></Data><Data name="name"><value>Rudy Rapids</value></Data><Data name="waterway"><value>rapids</value></Data></ExtendedData><Point><coordinates>-112.3157315,36.1899809</coordinates></Point></Placemark><Placemark><name>Sapphire Rapids</name><ExtendedData><Data name="@id"><value>node/359260911</value></Data><Data name="ele"><value>690</value></Data><Data name="gnis:feature_id"><value>24091</value></Data><Data name="name"><value>Sapphire Rapids</value></Data><Data name="waterway"><value>rapids</value></Data></ExtendedData><Point><coordinates>-112.2922723,36.1471779</coordinates></Point></Placemark><Placemark><name>Enfield Falls</name><ExtendedData><Data name="@id"><value>node/359272495</value></Data><Data name="ele"><value>9</value></Data><Data name="gnis:feature_id"><value>212333</value></Data><Data name="name"><value>Enfield Falls</value></Data><Data name="waterway"><value>rapids</value></Data></ExtendedData><Point><coordinates>-72.609256,41.9584301</coordinates></Point></Placemark><Placemark><name>Baby Snaggletooth</name><ExtendedData><Data name="@id"><value>node/359288019</value></Data><Data name="ele"><value>790</value></Data><Data name="gnis:feature_id"><value>1852417</value></Data><Data name="name"><value>Baby Snaggletooth</value></Data><Data name="waterway"><value>rapids</value></Data></ExtendedData><Point><coordinates>-111.6959798,34.3330857</coordinates></Point></Placemark><Placemark><name>Turkey Gobbler Rapid</name><ExtendedData><Data name="@id"><value>node/359288025</value></Data><Data name="ele"><value>860</value></Data><Data name="gnis:feature_id"><value>1852420</value></Data><Data name="name"><value>Turkey Gobbler Rapid</value></Data><Data name="waterway"><value>rapids</value></Data></ExtendedData><Point><coordinates>-111.7790369,34.4261388</coordinates></Point></Placemark><Placemark><name>Red Wall Rapid</name><ExtendedData><Data name="@id"><value>node/359288029</value></Data><Data name="ele"><value>735</value></Data><Data name="gnis:feature_id"><value>1852421</value></Data><Data name="name"><value>Red Wall Rapid</value></Data><Data name="waterway"><value>rapids</value></Data></ExtendedData><Point><coordinates>-111.6887576,34.2608653</coordinates></Point></Placemark><Placemark><name>Red Creek Rapids</name><ExtendedData><Data name="@id"><value>node/359288032</value></Data><Data name="ele"><value>666</value></Data><Data name="gnis:feature_id"><value>1852422</value></Data><Data name="name"><value>Red Creek Rapids</value></Data><Data name="waterway"><value>rapids</value></Data></ExtendedData><Point><coordinates>-111.7207252,34.1617095</coordinates></Point></Placemark><Placemark><name>Pre-Falls Rapid</name><ExtendedData><Data name="@id"><value>node/359288035</value></Data><Data name="ele"><value>891</value></Data><Data name="gnis:feature_id"><value>1852423</value></Data><Data name="name"><value>Pre-Falls Rapid</value></Data><Data name="waterway"><value>rapids</value></Data></ExtendedData><Point><coordinates>-111.7876481,34.4619713</coordinates></Point></Placemark><Placemark><name>Off-the-Wall Rapid</name><ExtendedData><Data name="@id"><value>node/359288039</value></Data><Data name="ele"><value>899</value></Data><Data name="gnis:feature_id"><value>1852424</value></Data><Data name="name"><value>Off-the-Wall Rapid</value></Data><Data name="waterway"><value>rapids</value></Data></ExtendedData><Point><coordinates>-111.7826479,34.4675267</coordinates></Point></Placemark><Placemark><name>Childs Rapid</name><ExtendedData><Data name="@id"><value>node/359288042</value></Data><Data name="ele"><value>795</value></Data><Data name="gnis:feature_id"><value>1852425</value></Data><Data name="name"><value>Childs Rapid</value></Data><Data name="waterway"><value>rapids</value></Data></ExtendedData><Point><coordinates>-111.6965353,34.3461409</coordinates></Point></Placemark><Placemark><name>Bushman Rapid</name><ExtendedData><Data name="@id"><value>node/359288045</value></Data><Data name="ele"><value>849</value></Data><Data name="gnis:feature_id"><value>1852426</value></Data><Data name="name"><value>Bushman Rapid</value></Data><Data name="waterway"><value>rapids</value></Data></ExtendedData><Point><coordinates>-111.7801481,34.408917</coordinates></Point></Placemark><Placemark><name>Bull Run Rapid</name><ExtendedData><Data name="@id"><value>node/359288048</value></Data><Data name="ele"><value>863</value></Data><Data name="gnis:feature_id"><value>1852427</value></Data><Data name="name"><value>Bull Run Rapid</value></Data><Data name="waterway"><value>rapids</value></Data></ExtendedData><Point><coordinates>-111.773759,34.4311387</coordinates></Point></Placemark><Placemark><name>White Flash Rapid</name><ExtendedData><Data name="@id"><value>node/359288051</value></Data><Data name="ele"><value>838</value></Data><Data name="gnis:feature_id"><value>1852428</value></Data><Data name="name"><value>White Flash Rapid</value></Data><Data name="waterway"><value>rapids</value></Data></ExtendedData><Point><coordinates>-111.7701479,34.3947507</coordinates></Point></Placemark><Placemark><name>Silver Grotto</name><ExtendedData><Data name="@id"><value>node/359288363</value></Data><Data name="ele"><value>969</value></Data><Data name="fcode"><value>45800</value></Data><Data name="gnis:feature_id"><value>1854208</value></Data><Data name="name"><value>Silver Grotto</value></Data><Data name="natural"><value>spring</value></Data><Data name="source"><value>NHD</value></Data><Data name="waterway"><value>rapids</value></Data></ExtendedData><Point><coordinates>-111.8333064,36.5292158</coordinates></Point></Placemark><Placemark><name>Quartzite Rapids</name><ExtendedData><Data name="@id"><value>node/359288992</value></Data><Data name="ele"><value>796</value></Data><Data name="gnis:feature_id"><value>2043677</value></Data><Data name="name"><value>Quartzite Rapids</value></Data><Data name="waterway"><value>rapids</value></Data></ExtendedData><Point><coordinates>-110.7554821,33.6776258</coordinates></Point></Placemark><Placemark><name>Cliff Hanger Rapid</name><ExtendedData><Data name="@id"><value>node/359289185</value></Data><Data name="ele"><value>753</value></Data><Data name="gnis:feature_id"><value>2061142</value></Data><Data name="name"><value>Cliff Hanger Rapid</value></Data><Data name="waterway"><value>rapids</value></Data></ExtendedData><Point><coordinates>-110.7806667,33.670051</coordinates></Point></Placemark><Placemark><name>Corkscrew Rapid</name><ExtendedData><Data name="@id"><value>node/359289188</value></Data><Data name="ele"><value>780</value></Data><Data name="gnis:feature_id"><value>2061143</value></Data><Data name="name"><value>Corkscrew Rapid</value></Data><Data name="waterway"><value>rapids</value></Data></ExtendedData><Point><coordinates>-110.7572403,33.6781558</coordinates></Point></Placemark><Placemark><name>The Sleeper Rapid</name><ExtendedData><Data name="@id"><value>node/359289192</value></Data><Data name="ele"><value>785</value></Data><Data name="gnis:feature_id"><value>2061144</value></Data><Data name="name"><value>The Sleeper Rapid</value></Data><Data name="waterway"><value>rapids</value></Data></ExtendedData><Point><coordinates>-110.7587217,33.6797733</coordinates></Point></Placemark><Placemark><name>The Maze Rapid</name><ExtendedData><Data name="@id"><value>node/359289195</value></Data><Data name="ele"><value>800</value></Data><Data name="gnis:feature_id"><value>2061145</value></Data><Data name="name"><value>The Maze Rapid</value></Data><Data name="waterway"><value>rapids</value></Data></ExtendedData><Point><coordinates>-110.745388,33.6922732</coordinates></Point></Placemark><Placemark><name>Lower Corral Rapid</name><ExtendedData><Data name="@id"><value>node/359289204</value></Data><Data name="ele"><value>780</value></Data><Data name="gnis:feature_id"><value>2061147</value></Data><Data name="name"><value>Lower Corral Rapid</value></Data><Data name="waterway"><value>rapids</value></Data></ExtendedData><Point><coordinates>-110.7571732,33.6780972</coordinates></Point></Placemark><Placemark><name>Split Rock Rapid</name><ExtendedData><Data name="@id"><value>node/382148919</value></Data><Data name="name"><value>Split Rock Rapid</value></Data><Data name="waterway"><value>rapids</value></Data></ExtendedData><Point><coordinates>-108.6280039,40.4581102</coordinates></Point></Placemark><Placemark><ExtendedData><Data name="@id"><value>node/386267992</value></Data><Data name="waterway"><value>rapids</value></Data></ExtendedData><Point><coordinates>-108.738866,40.4893805</coordinates></Point></Placemark><Placemark><ExtendedData><Data name="@id"><value>node/386267996</value></Data><Data name="waterway"><value>rapids</value></Data></ExtendedData><Point><coordinates>-108.6435069,40.4695903</coordinates></Point></Placemark><Placemark><name>TeePee Rapid</name><ExtendedData><Data name="@id"><value>node/386268002</value></Data><Data name="name"><value>TeePee Rapid</value></Data><Data name="waterway"><value>rapids</value></Data></ExtendedData><Point><coordinates>-108.6383073,40.4674732</coordinates></Point></Placemark><Placemark><name>Big Joe Rapid</name><ExtendedData><Data name="@id"><value>node/386268010</value></Data><Data name="name"><value>Big Joe Rapid</value></Data><Data name="waterway"><value>rapids</value></Data></ExtendedData><Point><coordinates>-108.8140127,40.4918005</coordinates></Point></Placemark><Placemark><ExtendedData><Data name="@id"><value>node/403909522</value></Data><Data name="waterway"><value>rapids</value></Data></ExtendedData><Point><coordinates>-83.0170405,35.0353645</coordinates></Point></Placemark><Placemark><ExtendedData><Data name="@id"><value>node/416334674</value></Data><Data name="rapids"><value>2</value></Data><Data name="waterway"><value>rapids</value></Data></ExtendedData><Point><coordinates>-124.2519034,47.8124455</coordinates></Point></Placemark><Placemark><name>Boulder Whitewater Park Drop 3</name><description>Class II</description><ExtendedData><Data name="@id"><value>node/434097943</value></Data><Data name="description"><value>Class II</value></Data><Data name="name"><value>Boulder Whitewater Park Drop 3</value></Data><Data name="rapids"><value>2</value></Data><Data name="waterway"><value>rapids</value></Data></ExtendedData><Point><coordinates>-105.2984056,40.013262</coordinates></Point></Placemark><Placemark><name>Boulder Whitewater Park Drop 5 &quot;Widow Maker&quot;</name><ExtendedData><Data name="@id"><value>node/434098976</value></Data><Data name="name"><value>Boulder Whitewater Park Drop 5 &quot;Widow Maker&quot;</value></Data><Data name="rapids"><value>3</value></Data><Data name="waterway"><value>rapids</value></Data></ExtendedData><Point><coordinates>-105.29638,40.013262</coordinates></Point></Placemark><Placemark><name>Cliff Mountain Rapids</name><ExtendedData><Data name="@id"><value>node/440987314</value></Data><Data name="ele"><value>458</value></Data><Data name="gnis:feature_id"><value>376124</value></Data><Data name="name"><value>Cliff Mountain Rapids</value></Data><Data name="waterway"><value>rapids</value></Data></ExtendedData><Point><coordinates>-116.6941184,45.2583923</coordinates></Point></Placemark><Placemark><name>Sob Creek Rapids</name><ExtendedData><Data name="@id"><value>node/448309822</value></Data><Data name="name"><value>Sob Creek Rapids</value></Data><Data name="waterway"><value>rapids</value></Data></ExtendedData><Point><coordinates>-115.3476382,46.0633617</coordinates></Point></Placemark><Placemark><ExtendedData><Data name="@id"><value>node/448309835</value></Data><Data name="waterway"><value>rapids</value></Data></ExtendedData><Point><coordinates>-115.3276526,46.0581504</coordinates></Point></Placemark><Placemark><name>Cabnet Creek Rapids</name><ExtendedData><Data name="@id"><value>node/448310257</value></Data><Data name="name"><value>Cabnet Creek Rapids</value></Data><Data name="waterway"><value>rapids</value></Data></ExtendedData><Point><coordinates>-115.1800022,46.0723663</coordinates></Point></Placemark><Placemark><name>Wolf Creek Rapids</name><ExtendedData><Data name="@id"><value>node/448310400</value></Data><Data name="name"><value>Wolf Creek Rapids</value></Data><Data name="waterway"><value>rapids</value></Data></ExtendedData><Point><coordinates>-115.1283199,46.0886688</coordinates></Point></Placemark><Placemark><name>Pinchot Creek Rapids</name><ExtendedData><Data name="@id"><value>node/448310433</value></Data><Data name="name"><value>Pinchot Creek Rapids</value></Data><Data name="waterway"><value>rapids</value></Data></ExtendedData><Point><coordinates>-115.1195336,46.0887875</coordinates></Point></Placemark><Placemark><name>Three Links Rapids</name><ExtendedData><Data name="@id"><value>node/448310546</value></Data><Data name="name"><value>Three Links Rapids</value></Data><Data name="waterway"><value>rapids</value></Data></ExtendedData><Point><coordinates>-115.0791067,46.0984077</coordinates></Point></Placemark><Placemark><name>Tango Creek Rapids</name><ExtendedData><Data name="@id"><value>node/448310669</value></Data><Data name="name"><value>Tango Creek Rapids</value></Data><Data name="waterway"><value>rapids</value></Data></ExtendedData><Point><coordinates>-115.0452785,46.10345</coordinates></Point></Placemark><Placemark><name>Osprey Rapids</name><ExtendedData><Data name="@id"><value>node/448310722</value></Data><Data name="name"><value>Osprey Rapids</value></Data><Data name="waterway"><value>rapids</value></Data></ExtendedData><Point><coordinates>-115.01711,46.1001357</coordinates></Point></Placemark><Placemark><name>Meeker Rapids</name><ExtendedData><Data name="@id"><value>node/448310755</value></Data><Data name="name"><value>Meeker Rapids</value></Data><Data name="waterway"><value>rapids</value></Data></ExtendedData><Point><coordinates>-115.0147561,46.1090693</coordinates></Point></Placemark><Placemark><name>Miranda Jane Rapids</name><ExtendedData><Data name="@id"><value>node/448310804</value></Data><Data name="name"><value>Miranda Jane Rapids</value></Data><Data name="waterway"><value>rapids</value></Data></ExtendedData><Point><coordinates>-114.9906956,46.1150407</coordinates></Point></Placemark><Placemark><name>Halfway Creek Rapids</name><ExtendedData><Data name="@id"><value>node/448310809</value></Data><Data name="name"><value>Halfway Creek Rapids</value></Data><Data name="waterway"><value>rapids</value></Data></ExtendedData><Point><coordinates>-114.9876309,46.1160351</coordinates></Point></Placemark><Placemark><name>No Slouch Rapids</name><ExtendedData><Data name="@id"><value>node/448310819</value></Data><Data name="name"><value>No Slouch Rapids</value></Data><Data name="waterway"><value>rapids</value></Data></ExtendedData><Point><coordinates>-114.9810648,46.1185662</coordinates></Point></Placemark><Placemark><name>Ladle Rapids</name><ExtendedData><Data name="@id"><value>node/448310851</value></Data><Data name="name"><value>Ladle Rapids</value></Data><Data name="waterway"><value>rapids</value></Data></ExtendedData><Point><coordinates>-114.9675348,46.1203696</coordinates></Point></Placemark><Placemark><name>Wa-Poots Rapids</name><ExtendedData><Data name="@id"><value>node/448310867</value></Data><Data name="name"><value>Wa-Poots Rapids</value></Data><Data name="waterway"><value>rapids</value></Data></ExtendedData><Point><coordinates>-114.964731,46.1184216</coordinates></Point></Placemark><Placemark><name>Divide Creek Rapids</name><ExtendedData><Data name="@id"><value>node/448310922</value></Data><Data name="name"><value>Divide Creek Rapids</value></Data><Data name="waterway"><value>rapids</value></Data></ExtendedData><Point><coordinates>-114.9395425,46.1205504</coordinates></Point></Placemark><Placemark><name>Tony Point Rapids</name><ExtendedData><Data name="@id"><value>node/448310937</value></Data><Data name="name"><value>Tony Point Rapids</value></Data><Data name="waterway"><value>rapids</value></Data></ExtendedData><Point><coordinates>-114.9313136,46.1227017</coordinates></Point></Placemark><Placemark><name>Handy Creek Rapids</name><ExtendedData><Data name="@id"><value>node/448664738</value></Data><Data name="name"><value>Handy Creek Rapids</value></Data><Data name="waterway"><value>rapids</value></Data></ExtendedData><Point><coordinates>-115.5511636,46.192306</coordinates></Point></Placemark><Placemark><name>Hellgate Rapids</name><ExtendedData><Data name="@id"><value>node/448664798</value></Data><Data name="name"><value>Hellgate Rapids</value></Data><Data name="waterway"><value>rapids</value></Data></ExtendedData><Point><coordinates>-115.5473235,46.2004782</coordinates></Point></Placemark><Placemark><name>Apgar Rapids</name><ExtendedData><Data name="@id"><value>node/448664842</value></Data><Data name="name"><value>Apgar Rapids</value></Data><Data name="waterway"><value>rapids</value></Data></ExtendedData><Point><coordinates>-115.5361796,46.2132388</coordinates></Point></Placemark><Placemark><name>Double Eddy Rapids</name><ExtendedData><Data name="@id"><value>node/455667691</value></Data><Data name="name"><value>Double Eddy Rapids</value></Data><Data name="waterway"><value>rapids</value></Data></ExtendedData><Point><coordinates>-117.4429945,45.9369408</coordinates></Point></Placemark><Placemark><name>Grey's Rapid</name><ExtendedData><Data name="@id"><value>node/455703127</value></Data><Data name="name"><value>Grey's Rapid</value></Data><Data name="waterway"><value>rapids</value></Data></ExtendedData><Point><coordinates>-117.6531432,45.8731678</coordinates></Point></Placemark><Placemark><name>Martin's Misery Rapids</name><ExtendedData><Data name="@id"><value>node/455703777</value></Data><Data name="name"><value>Martin's Misery Rapids</value></Data><Data name="waterway"><value>rapids</value></Data></ExtendedData><Point><coordinates>-117.7331261,45.847908</coordinates></Point></Placemark><Placemark><name>Cold Storage Rapids</name><ExtendedData><Data name="@id"><value>node/458045123</value></Data><Data name="name"><value>Cold Storage Rapids</value></Data><Data name="waterway"><value>rapids</value></Data></ExtendedData><Point><coordinates>-114.7950449,46.5076505</coordinates></Point></Placemark><Placemark><name>Jerry Johnson Rapids</name><ExtendedData><Data name="@id"><value>node/458050846</value></Data><Data name="name"><value>Jerry Johnson Rapids</value></Data><Data name="waterway"><value>rapids</value></Data></ExtendedData><Point><coordinates>-114.8954871,46.4741159</coordinates></Point></Placemark><Placemark><name>Colgate Licks Rapids</name><ExtendedData><Data name="@id"><value>node/458051067</value></Data><Data name="name"><value>Colgate Licks Rapids</value></Data><Data name="waterway"><value>rapids</value></Data></ExtendedData><Point><coordinates>-114.9397328,46.4635764</coordinates></Point></Placemark><Placemark><name>Indian Grave Rapids</name><ExtendedData><Data name="@id"><value>node/458056100</value></Data><Data name="name"><value>Indian Grave Rapids</value></Data><Data name="waterway"><value>rapids</value></Data></ExtendedData><Point><coordinates>-115.0780125,46.4522976</coordinates></Point></Placemark><Placemark><name>Eye Opener Rapids</name><ExtendedData><Data name="@id"><value>node/458056295</value></Data><Data name="name"><value>Eye Opener Rapids</value></Data><Data name="waterway"><value>rapids</value></Data></ExtendedData><Point><coordinates>-115.0994694,46.4367148</coordinates></Point></Placemark><Placemark><name>Lost Creek Rapids</name><ExtendedData><Data name="@id"><value>node/458056396</value></Data><Data name="name"><value>Lost Creek Rapids</value></Data><Data name="waterway"><value>rapids</value></Data></ExtendedData><Point><coordinates>-115.1141165,46.4285655</coordinates></Point></Placemark><Placemark><name>Eagle Mountain Rapids</name><ExtendedData><Data name="@id"><value>node/458056468</value></Data><Data name="name"><value>Eagle Mountain Rapids</value></Data><Data name="waterway"><value>rapids</value></Data></ExtendedData><Point><coordinates>-115.1327383,46.4302132</coordinates></Point></Placemark><Placemark><name>Lower Eagle Mountain Rapids</name><ExtendedData><Data name="@id"><value>node/458056487</value></Data><Data name="name"><value>Lower Eagle Mountain Rapids</value></Data><Data name="waterway"><value>rapids</value></Data></ExtendedData><Point><coordinates>-115.1372477,46.4288124</coordinates></Point></Placemark><Placemark><name>Keep Moving Rapids</name><ExtendedData><Data name="@id"><value>node/458056630</value></Data><Data name="name"><value>Keep Moving Rapids</value></Data><Data name="waterway"><value>rapids</value></Data></ExtendedData><Point><coordinates>-115.1598099,46.4245099</coordinates></Point></Placemark><Placemark><name>Stanley Creek Rapids</name><ExtendedData><Data name="@id"><value>node/458056675</value></Data><Data name="name"><value>Stanley Creek Rapids</value></Data><Data name="waterway"><value>rapids</value></Data></ExtendedData><Point><coordinates>-115.1657516,46.420002</coordinates></Point></Placemark><Placemark><name>Mile 133 Rapids</name><ExtendedData><Data name="@id"><value>node/458056703</value></Data><Data name="name"><value>Mile 133 Rapids</value></Data><Data name="waterway"><value>rapids</value></Data></ExtendedData><Point><coordinates>-115.1687942,46.412914</coordinates></Point></Placemark><Placemark><name>Mile Long Rapids</name><ExtendedData><Data name="@id"><value>node/458056723</value></Data><Data name="name"><value>Mile Long Rapids</value></Data><Data name="waterway"><value>rapids</value></Data></ExtendedData><Point><coordinates>-115.1767024,46.4141503</coordinates></Point></Placemark><Placemark><name>No Sweat Rapids</name><ExtendedData><Data name="@id"><value>node/458056791</value></Data><Data name="name"><value>No Sweat Rapids</value></Data><Data name="waterway"><value>rapids</value></Data></ExtendedData><Point><coordinates>-115.1844095,46.4099571</coordinates></Point></Placemark><Placemark><name>Lone Pine Rapids</name><ExtendedData><Data name="@id"><value>node/458056819</value></Data><Data name="name"><value>Lone Pine Rapids</value></Data><Data name="waterway"><value>rapids</value></Data></ExtendedData><Point><coordinates>-115.1856882,46.4053507</coordinates></Point></Placemark><Placemark><name>Holley Creek Rapids</name><ExtendedData><Data name="@id"><value>node/458056837</value></Data><Data name="name"><value>Holley Creek Rapids</value></Data><Data name="waterway"><value>rapids</value></Data></ExtendedData><Point><coordinates>-115.1904103,46.4043543</coordinates></Point></Placemark><Placemark><name>Castle Creek Rapids</name><ExtendedData><Data name="@id"><value>node/458056869</value></Data><Data name="name"><value>Castle Creek Rapids</value></Data><Data name="waterway"><value>rapids</value></Data></ExtendedData><Point><coordinates>-115.1977689,46.4008044</coordinates></Point></Placemark><Placemark><name>Triple Hole Rapids</name><ExtendedData><Data name="@id"><value>node/458056900</value></Data><Data name="name"><value>Triple Hole Rapids</value></Data><Data name="waterway"><value>rapids</value></Data></ExtendedData><Point><coordinates>-115.2063194,46.4004651</coordinates></Point></Placemark><Placemark><name>County Corner Rapids</name><ExtendedData><Data name="@id"><value>node/458057086</value></Data><Data name="name"><value>County Corner Rapids</value></Data><Data name="waterway"><value>rapids</value></Data></ExtendedData><Point><coordinates>-115.2334799,46.3822721</coordinates></Point></Placemark><Placemark><name>Log Jam Rapids</name><ExtendedData><Data name="@id"><value>node/458057218</value></Data><Data name="name"><value>Log Jam Rapids</value></Data><Data name="waterway"><value>rapids</value></Data></ExtendedData><Point><coordinates>-115.2606866,46.3749639</coordinates></Point></Placemark><Placemark><name>Pass Creek Rapids</name><ExtendedData><Data name="@id"><value>node/458057252</value></Data><Data name="name"><value>Pass Creek Rapids</value></Data><Data name="waterway"><value>rapids</value></Data></ExtendedData><Point><coordinates>-115.2661782,46.3654296</coordinates></Point></Placemark><Placemark><name>Wilderness Gateway Rapids</name><ExtendedData><Data name="@id"><value>node/458057489</value></Data><Data name="name"><value>Wilderness Gateway Rapids</value></Data><Data name="waterway"><value>rapids</value></Data></ExtendedData><Point><coordinates>-115.3089954,46.3436823</coordinates></Point></Placemark><Placemark><name>Sandy Beach Rapids</name><ExtendedData><Data name="@id"><value>node/458057712</value></Data><Data name="name"><value>Sandy Beach Rapids</value></Data><Data name="waterway"><value>rapids</value></Data></ExtendedData><Point><coordinates>-115.3444749,46.3300931</coordinates></Point></Placemark><Placemark><name>Mile 119 Rapids</name><ExtendedData><Data name="@id"><value>node/458057773</value></Data><Data name="name"><value>Mile 119 Rapids</value></Data><Data name="waterway"><value>rapids</value></Data></ExtendedData><Point><coordinates>-115.3533266,46.3233278</coordinates></Point></Placemark><Placemark><name>Otter Slide Rapids</name><ExtendedData><Data name="@id"><value>node/458057863</value></Data><Data name="name"><value>Otter Slide Rapids</value></Data><Data name="waterway"><value>rapids</value></Data></ExtendedData><Point><coordinates>-115.3648709,46.3093635</coordinates></Point></Placemark><Placemark><name>Morning Glory Rapids</name><ExtendedData><Data name="@id"><value>node/458057884</value></Data><Data name="name"><value>Morning Glory Rapids</value></Data><Data name="waterway"><value>rapids</value></Data></ExtendedData><Point><coordinates>-115.3717175,46.3070432</coordinates></Point></Placemark><Placemark><name>House Wave</name><ExtendedData><Data name="@id"><value>node/458057905</value></Data><Data name="name"><value>House Wave</value></Data><Data name="waterway"><value>rapids</value></Data></ExtendedData><Point><coordinates>-115.370107,46.3023339</coordinates></Point></Placemark><Placemark><name>Bloody Mary Rapids</name><ExtendedData><Data name="@id"><value>node/458057927</value></Data><Data name="name"><value>Bloody Mary Rapids</value></Data><Data name="waterway"><value>rapids</value></Data></ExtendedData><Point><coordinates>-115.3732536,46.2974401</coordinates></Point></Placemark><Placemark><name>Grim Reaper Rapids</name><ExtendedData><Data name="@id"><value>node/458057951</value></Data><Data name="name"><value>Grim Reaper Rapids</value></Data><Data name="waterway"><value>rapids</value></Data></ExtendedData><Point><coordinates>-115.3764826,46.292956</coordinates></Point></Placemark><Placemark><name>Cliffside Rapids</name><ExtendedData><Data name="@id"><value>node/458058014</value></Data><Data name="name"><value>Cliffside Rapids</value></Data><Data name="waterway"><value>rapids</value></Data></ExtendedData><Point><coordinates>-115.3895411,46.2826722</coordinates></Point></Placemark><Placemark><name>Jones's Waves</name><ExtendedData><Data name="@id"><value>node/458107195</value></Data><Data name="name"><value>Jones's Waves</value></Data><Data name="waterway"><value>rapids</value></Data></ExtendedData><Point><coordinates>-115.3928321,46.2748445</coordinates></Point></Placemark><Placemark><name>Horsetail Falls</name><ExtendedData><Data name="@id"><value>node/458107202</value></Data><Data name="name"><value>Horsetail Falls</value></Data><Data name="waterway"><value>rapids</value></Data></ExtendedData><Point><coordinates>-115.3920707,46.2699588</coordinates></Point></Placemark><Placemark><name>Prelude Rapids</name><ExtendedData><Data name="@id"><value>node/458107209</value></Data><Data name="name"><value>Prelude Rapids</value></Data><Data name="waterway"><value>rapids</value></Data></ExtendedData><Point><coordinates>-115.3941005,46.2646231</coordinates></Point></Placemark><Placemark><name>Lochsa Falls</name><ExtendedData><Data name="@id"><value>node/458107215</value></Data><Data name="name"><value>Lochsa Falls</value></Data><Data name="waterway"><value>rapids</value></Data></ExtendedData><Point><coordinates>-115.3947766,46.2623678</coordinates></Point></Placemark><Placemark><name>Pipeline Rapids</name><ExtendedData><Data name="@id"><value>node/458107238</value></Data><Data name="name"><value>Pipeline Rapids</value></Data><Data name="waterway"><value>rapids</value></Data></ExtendedData><Point><coordinates>-115.3994158,46.255582</coordinates></Point></Placemark><Placemark><name>Surprise Rapids</name><ExtendedData><Data name="@id"><value>node/458108408</value></Data><Data name="name"><value>Surprise Rapids</value></Data><Data name="waterway"><value>rapids</value></Data></ExtendedData><Point><coordinates>-115.4244137,46.2278687</coordinates></Point></Placemark><Placemark><name>Fire Creek Rapids</name><ExtendedData><Data name="@id"><value>node/458108415</value></Data><Data name="name"><value>Fire Creek Rapids</value></Data><Data name="waterway"><value>rapids</value></Data></ExtendedData><Point><coordinates>-115.4302449,46.2264881</coordinates></Point></Placemark><Placemark><name>Coolwater Creek Rapids</name><ExtendedData><Data name="@id"><value>node/458108467</value></Data><Data name="name"><value>Coolwater Creek Rapids</value></Data><Data name="waterway"><value>rapids</value></Data></ExtendedData><Point><coordinates>-115.4558218,46.2291901</coordinates></Point></Placemark><Placemark><name>Sheep Creek Rapids</name><ExtendedData><Data name="@id"><value>node/458238622</value></Data><Data name="name"><value>Sheep Creek Rapids</value></Data><Data name="waterway"><value>rapids</value></Data></ExtendedData><Point><coordinates>-117.7741219,45.7478696</coordinates></Point></Placemark><Placemark><name>Minam Roller</name><ExtendedData><Data name="@id"><value>node/458422978</value></Data><Data name="name"><value>Minam Roller</value></Data><Data name="waterway"><value>rapids</value></Data></ExtendedData><Point><coordinates>-117.7314397,45.6363871</coordinates></Point></Placemark><Placemark><ExtendedData><Data name="@id"><value>node/458436328</value></Data><Data name="waterway"><value>rapids</value></Data></ExtendedData><Point><coordinates>-82.240595,34.871689</coordinates></Point></Placemark><Placemark><name>Lantz Rapids</name><ExtendedData><Data name="@id"><value>node/459909343</value></Data><Data name="ele"><value>839</value></Data><Data name="gnis:feature_id"><value>384432</value></Data><Data name="name"><value>Lantz Rapids</value></Data><Data name="waterway"><value>rapids</value></Data></ExtendedData><Point><coordinates>-114.8733908,45.4182699</coordinates></Point></Placemark><Placemark><name>Devils Teeth Rapids</name><ExtendedData><Data name="@id"><value>node/459909415</value></Data><Data name="ele"><value>837</value></Data><Data name="gnis:feature_id"><value>380549</value></Data><Data name="name"><value>Devils Teeth Rapids</value></Data><Data name="waterway"><value>rapids</value></Data></ExtendedData><Point><coordinates>-114.8931925,45.4359022</coordinates></Point></Placemark><Placemark><name>Little Devils Teeth Rapids</name><ExtendedData><Data name="@id"><value>node/459909590</value></Data><Data name="ele"><value>831</value></Data><Data name="gnis:feature_id"><value>384808</value></Data><Data name="name"><value>Little Devils Teeth Rapids</value></Data><Data name="waterway"><value>rapids</value></Data></ExtendedData><Point><coordinates>-114.9446286,45.4635194</coordinates></Point></Placemark><Placemark><name>Bargamin Rapids</name><ExtendedData><Data name="@id"><value>node/459910133</value></Data><Data name="ele"><value>821</value></Data><Data name="gnis:feature_id"><value>394062</value></Data><Data name="name"><value>Bargamin Rapids</value></Data><Data name="waterway"><value>rapids</value></Data></ExtendedData><Point><coordinates>-115.2009437,45.5673749</coordinates></Point></Placemark><Placemark><name>Fivemile Rapids</name><ExtendedData><Data name="@id"><value>node/459910199</value></Data><Data name="ele"><value>756</value></Data><Data name="gnis:feature_id"><value>381810</value></Data><Data name="name"><value>Fivemile Rapids</value></Data><Data name="waterway"><value>rapids</value></Data></ExtendedData><Point><coordinates>-115.2287291,45.5576713</coordinates></Point></Placemark><Placemark><name>Split Rock Rapids</name><ExtendedData><Data name="@id"><value>node/459910235</value></Data><Data name="ele"><value>751</value></Data><Data name="gnis:feature_id"><value>391128</value></Data><Data name="name"><value>Split Rock Rapids</value></Data><Data name="waterway"><value>rapids</value></Data></ExtendedData><Point><coordinates>-115.2397839,45.5545673</coordinates></Point></Placemark><Placemark><name>Big Mallard Rapids</name><ExtendedData><Data name="@id"><value>node/459910381</value></Data><Data name="ele"><value>753</value></Data><Data name="gnis:feature_id"><value>371514</value></Data><Data name="name"><value>Big Mallard Rapids</value></Data><Data name="waterway"><value>rapids</value></Data></ExtendedData><Point><coordinates>-115.2684713,45.5383284</coordinates></Point></Placemark><Placemark><name>Elkhorn Rapids</name><ExtendedData><Data name="@id"><value>node/459910529</value></Data><Data name="ele"><value>834</value></Data><Data name="gnis:feature_id"><value>381421</value></Data><Data name="name"><value>Elkhorn Rapids</value></Data><Data name="waterway"><value>rapids</value></Data></ExtendedData><Point><coordinates>-115.3221282,45.5166512</coordinates></Point></Placemark><Placemark><name>Whiplash Rapids</name><ExtendedData><Data name="@id"><value>node/459910751</value></Data><Data name="name"><value>Whiplash Rapids</value></Data><Data name="waterway"><value>rapids</value></Data></ExtendedData><Point><coordinates>-115.3527156,45.4769763</coordinates></Point></Placemark><Placemark><name>Deadman Rapids</name><ExtendedData><Data name="@id"><value>node/459911310</value></Data><Data name="ele"><value>659</value></Data><Data name="gnis:feature_id"><value>400487</value></Data><Data name="name"><value>Deadman Rapids</value></Data><Data name="waterway"><value>rapids</value></Data></ExtendedData><Point><coordinates>-115.5036957,45.3839597</coordinates></Point></Placemark><Placemark><name>T-Bone Creek Rapids</name><ExtendedData><Data name="@id"><value>node/459912178</value></Data><Data name="ele"><value>622</value></Data><Data name="gnis:feature_id"><value>393847</value></Data><Data name="name"><value>T-Bone Creek Rapids</value></Data><Data name="waterway"><value>rapids</value></Data></ExtendedData><Point><coordinates>-115.7680301,45.452209</coordinates></Point></Placemark><Placemark><name>Sheep Creek Rapids</name><ExtendedData><Data name="@id"><value>node/459912316</value></Data><Data name="ele"><value>672</value></Data><Data name="gnis:feature_id"><value>400461</value></Data><Data name="name"><value>Sheep Creek Rapids</value></Data><Data name="waterway"><value>rapids</value></Data></ExtendedData><Point><coordinates>-115.8089695,45.4683427</coordinates></Point></Placemark><Placemark><name>Dried Meat Rapids</name><ExtendedData><Data name="@id"><value>node/459912472</value></Data><Data name="ele"><value>670</value></Data><Data name="gnis:feature_id"><value>400439</value></Data><Data name="name"><value>Dried Meat Rapids</value></Data><Data name="waterway"><value>rapids</value></Data></ExtendedData><Point><coordinates>-115.8361046,45.4661876</coordinates></Point></Placemark><Placemark><name>Chittam Rapids</name><ExtendedData><Data name="@id"><value>node/459912590</value></Data><Data name="ele"><value>691</value></Data><Data name="gnis:feature_id"><value>376051</value></Data><Data name="name"><value>Chittam Rapids</value></Data><Data name="waterway"><value>rapids</value></Data></ExtendedData><Point><coordinates>-115.8885797,45.4590109</coordinates></Point></Placemark><Placemark><name>Vinegar Creek Rapids</name><ExtendedData><Data name="@id"><value>node/459912618</value></Data><Data name="ele"><value>600</value></Data><Data name="gnis:feature_id"><value>400467</value></Data><Data name="name"><value>Vinegar Creek Rapids</value></Data><Data name="waterway"><value>rapids</value></Data></ExtendedData><Point><coordinates>-115.9028399,45.4592659</coordinates></Point></Placemark><Placemark><name>Carey Falls</name><ExtendedData><Data name="@id"><value>node/459912646</value></Data><Data name="ele"><value>619</value></Data><Data name="gnis:feature_id"><value>393842</value></Data><Data name="name"><value>Carey Falls</value></Data><Data name="waterway"><value>rapids</value></Data></ExtendedData><Point><coordinates>-115.9376661,45.457661</coordinates></Point></Placemark><Placemark><name>House Rock Rapids</name><ExtendedData><Data name="@id"><value>node/459912867</value></Data><Data name="name"><value>House Rock Rapids</value></Data><Data name="waterway"><value>rapids</value></Data></ExtendedData><Point><coordinates>-116.0043617,45.4274471</coordinates></Point></Placemark><Placemark><name>Manning Crevice Rapids</name><ExtendedData><Data name="@id"><value>node/460000509</value></Data><Data name="name"><value>Manning Crevice Rapids</value></Data><Data name="waterway"><value>rapids</value></Data></ExtendedData><Point><coordinates>-116.1104281,45.4016803</coordinates></Point></Placemark><Placemark><name>Kelly Creek Rapids</name><ExtendedData><Data name="@id"><value>node/460000530</value></Data><Data name="name"><value>Kelly Creek Rapids</value></Data><Data name="waterway"><value>rapids</value></Data></ExtendedData><Point><coordinates>-116.1329081,45.4240066</coordinates></Point></Placemark><Placemark><name>Hot Springs Rapids</name><ExtendedData><Data name="@id"><value>node/460000572</value></Data><Data name="name"><value>Hot Springs Rapids</value></Data><Data name="waterway"><value>rapids</value></Data></ExtendedData><Point><coordinates>-116.1687004,45.4177522</coordinates></Point></Placemark><Placemark><name>Ruby Rapids</name><ExtendedData><Data name="@id"><value>node/460000611</value></Data><Data name="name"><value>Ruby Rapids</value></Data><Data name="waterway"><value>rapids</value></Data></ExtendedData><Point><coordinates>-116.1956984,45.4033339</coordinates></Point></Placemark><Placemark><name>Cats Paw Rapids</name><ExtendedData><Data name="@id"><value>node/460000620</value></Data><Data name="name"><value>Cats Paw Rapids</value></Data><Data name="waterway"><value>rapids</value></Data></ExtendedData><Point><coordinates>-116.2293385,45.4015698</coordinates></Point></Placemark><Placemark><name>Lake Creek Rapids</name><ExtendedData><Data name="@id"><value>node/460000627</value></Data><Data name="name"><value>Lake Creek Rapids</value></Data><Data name="waterway"><value>rapids</value></Data></ExtendedData><Point><coordinates>-116.2140563,45.3998622</coordinates></Point></Placemark><Placemark><name>Mill Wave</name><ExtendedData><Data name="@id"><value>node/460000736</value></Data><Data name="name"><value>Mill Wave</value></Data><Data name="waterway"><value>rapids</value></Data></ExtendedData><Point><coordinates>-116.3159055,45.4132245</coordinates></Point></Placemark><Placemark><name>Black Rock Rapids</name><ExtendedData><Data name="@id"><value>node/460000876</value></Data><Data name="name"><value>Black Rock Rapids</value></Data><Data name="waterway"><value>rapids</value></Data></ExtendedData><Point><coordinates>-116.2981953,45.5111615</coordinates></Point></Placemark><Placemark><ExtendedData><Data name="@id"><value>node/460001195</value></Data><Data name="waterway"><value>rapids</value></Data></ExtendedData><Point><coordinates>-116.3251338,45.7454248</coordinates></Point></Placemark><Placemark><ExtendedData><Data name="@id"><value>node/460001241</value></Data><Data name="waterway"><value>rapids</value></Data></ExtendedData><Point><coordinates>-116.3231986,45.7548621</coordinates></Point></Placemark><Placemark><name>Big Foot Island Rapids</name><description>Either Side</description><ExtendedData><Data name="@id"><value>node/460006939</value></Data><Data name="description"><value>Either Side</value></Data><Data name="name"><value>Big Foot Island Rapids</value></Data><Data name="waterway"><value>rapids</value></Data></ExtendedData><Point><coordinates>-116.3065011,45.8165171</coordinates></Point></Placemark><Placemark><name>Big Foot Island Rapids</name><ExtendedData><Data name="@id"><value>node/460006941</value></Data><Data name="name"><value>Big Foot Island Rapids</value></Data><Data name="waterway"><value>rapids</value></Data></ExtendedData><Point><coordinates>-116.3058738,45.8181436</coordinates></Point></Placemark><Placemark><name>Green Canyon Rapids</name><ExtendedData><Data name="@id"><value>node/460006988</value></Data><Data name="name"><value>Green Canyon Rapids</value></Data><Data name="waterway"><value>rapids</value></Data></ExtendedData><Point><coordinates>-116.3005698,45.8615211</coordinates></Point></Placemark><Placemark><name>Wright-Way Drop</name><ExtendedData><Data name="@id"><value>node/460006996</value></Data><Data name="name"><value>Wright-Way Drop</value></Data><Data name="rapids"><value>3</value></Data><Data name="waterway"><value>rapids</value></Data></ExtendedData><Point><coordinates>-116.306832,45.8658251</coordinates></Point></Placemark><Placemark><ExtendedData><Data name="@id"><value>node/460007001</value></Data><Data name="rapids"><value>2</value></Data><Data name="waterway"><value>rapids</value></Data></ExtendedData><Point><coordinates>-116.3092525,45.8679155</coordinates></Point></Placemark><Placemark><name>Demons Drop</name><ExtendedData><Data name="@id"><value>node/460007011</value></Data><Data name="name"><value>Demons Drop</value></Data><Data name="waterway"><value>rapids</value></Data></ExtendedData><Point><coordinates>-116.3189149,45.8756904</coordinates></Point></Placemark><Placemark><name>Packers Creek Rapids</name><ExtendedData><Data name="@id"><value>node/460017054</value></Data><Data name="name"><value>Packers Creek Rapids</value></Data><Data name="waterway"><value>rapids</value></Data></ExtendedData><Point><coordinates>-116.4389247,45.9517581</coordinates></Point></Placemark><Placemark><name>Cougar Canyon Rapids</name><ExtendedData><Data name="@id"><value>node/460017060</value></Data><Data name="name"><value>Cougar Canyon Rapids</value></Data><Data name="waterway"><value>rapids</value></Data></ExtendedData><Point><coordinates>-116.441516,45.9564419</coordinates></Point></Placemark><Placemark><name>Cliff Rapids</name><ExtendedData><Data name="@id"><value>node/460017081</value></Data><Data name="name"><value>Cliff Rapids</value></Data><Data name="waterway"><value>rapids</value></Data></ExtendedData><Point><coordinates>-116.4668737,45.9718117</coordinates></Point></Placemark><Placemark><ExtendedData><Data name="@id"><value>node/460017085</value></Data><Data name="waterway"><value>rapids</value></Data></ExtendedData><Point><coordinates>-116.4773271,45.9735405</coordinates></Point></Placemark><Placemark><name>Lornas Lulu Rapids</name><ExtendedData><Data name="@id"><value>node/460017100</value></Data><Data name="name"><value>Lornas Lulu Rapids</value></Data><Data name="waterway"><value>rapids</value></Data></ExtendedData><Point><coordinates>-116.5032523,45.9756587</coordinates></Point></Placemark><Placemark><name>Lower Bunghole Rapids</name><ExtendedData><Data name="@id"><value>node/460017121</value></Data><Data name="name"><value>Lower Bunghole Rapids</value></Data><Data name="waterway"><value>rapids</value></Data></ExtendedData><Point><coordinates>-116.5290011,45.970497</coordinates></Point></Placemark><Placemark><name>Harms Hole Rapids</name><ExtendedData><Data name="@id"><value>node/460017144</value></Data><Data name="name"><value>Harms Hole Rapids</value></Data><Data name="waterway"><value>rapids</value></Data></ExtendedData><Point><coordinates>-116.5555936,45.9765304</coordinates></Point></Placemark><Placemark><name>Half And Half Rapids</name><ExtendedData><Data name="@id"><value>node/460017158</value></Data><Data name="name"><value>Half And Half Rapids</value></Data><Data name="waterway"><value>rapids</value></Data></ExtendedData><Point><coordinates>-116.5744922,45.9918706</coordinates></Point></Placemark><Placemark><name>The Gobbler</name><ExtendedData><Data name="@id"><value>node/460017168</value></Data><Data name="name"><value>The Gobbler</value></Data><Data name="waterway"><value>rapids</value></Data></ExtendedData><Point><coordinates>-116.587767,46.0023733</coordinates></Point></Placemark><Placemark><ExtendedData><Data name="@id"><value>node/460017197</value></Data><Data name="waterway"><value>rapids</value></Data></ExtendedData><Point><coordinates>-116.6215263,46.0133523</coordinates></Point></Placemark><Placemark><ExtendedData><Data name="@id"><value>node/460017241</value></Data><Data name="waterway"><value>rapids</value></Data></ExtendedData><Point><coordinates>-116.6339787,46.0365423</coordinates></Point></Placemark><Placemark><name>Billy Creek Rapids</name><ExtendedData><Data name="@id"><value>node/460017292</value></Data><Data name="name"><value>Billy Creek Rapids</value></Data><Data name="waterway"><value>rapids</value></Data></ExtendedData><Point><coordinates>-116.6490846,45.9956787</coordinates></Point></Placemark><Placemark><ExtendedData><Data name="@id"><value>node/460017307</value></Data><Data name="waterway"><value>rapids</value></Data></ExtendedData><Point><coordinates>-116.6627619,45.9920105</coordinates></Point></Placemark><Placemark><name>Eagle Creek Rapids</name><ExtendedData><Data name="@id"><value>node/460017331</value></Data><Data name="name"><value>Eagle Creek Rapids</value></Data><Data name="waterway"><value>rapids</value></Data></ExtendedData><Point><coordinates>-116.7002336,45.998182</coordinates></Point></Placemark><Placemark><name>China Creek Rapids</name><ExtendedData><Data name="@id"><value>node/460017370</value></Data><Data name="name"><value>China Creek Rapids</value></Data><Data name="waterway"><value>rapids</value></Data></ExtendedData><Point><coordinates>-116.7389892,45.9696177</coordinates></Point></Placemark><Placemark><name>Skeleton Creek Rapids</name><ExtendedData><Data name="@id"><value>node/460017384</value></Data><Data name="name"><value>Skeleton Creek Rapids</value></Data><Data name="waterway"><value>rapids</value></Data></ExtendedData><Point><coordinates>-116.747744,45.961865</coordinates></Point></Placemark><Placemark><name>Flynn Creek Rapids</name><ExtendedData><Data name="@id"><value>node/460017468</value></Data><Data name="name"><value>Flynn Creek Rapids</value></Data><Data name="waterway"><value>rapids</value></Data></ExtendedData><Point><coordinates>-116.7333425,45.9047136</coordinates></Point></Placemark><Placemark><name>The Slide</name><ExtendedData><Data name="@id"><value>node/460017503</value></Data><Data name="name"><value>The Slide</value></Data><Data name="waterway"><value>rapids</value></Data></ExtendedData><Point><coordinates>-116.7401099,45.883255</coordinates></Point></Placemark><Placemark><name>H Hole Rapids</name><ExtendedData><Data name="@id"><value>node/460017508</value></Data><Data name="name"><value>H Hole Rapids</value></Data><Data name="waterway"><value>rapids</value></Data></ExtendedData><Point><coordinates>-116.7426107,45.8807935</coordinates></Point></Placemark><Placemark><name>Slucebox Rapids</name><ExtendedData><Data name="@id"><value>node/460017531</value></Data><Data name="name"><value>Slucebox Rapids</value></Data><Data name="waterway"><value>rapids</value></Data></ExtendedData><Point><coordinates>-116.7518122,45.8687074</coordinates></Point></Placemark><Placemark><name>Checkerboard Rapids</name><ExtendedData><Data name="@id"><value>node/460017554</value></Data><Data name="name"><value>Checkerboard Rapids</value></Data><Data name="waterway"><value>rapids</value></Data></ExtendedData><Point><coordinates>-116.7741015,45.8616994</coordinates></Point></Placemark><Placemark><name>Alder Creek Rapids</name><ExtendedData><Data name="@id"><value>node/460039292</value></Data><Data name="name"><value>Alder Creek Rapids</value></Data><Data name="waterway"><value>rapids</value></Data></ExtendedData><Point><coordinates>-114.8340282,45.4042712</coordinates></Point></Placemark><Placemark><name>Horse Creek Rapids</name><ExtendedData><Data name="@id"><value>node/460039379</value></Data><Data name="name"><value>Horse Creek Rapids</value></Data><Data name="waterway"><value>rapids</value></Data></ExtendedData><Point><coordinates>-114.7344757,45.3953782</coordinates></Point></Placemark><Placemark><name>Gunbarrel Rapids</name><ExtendedData><Data name="@id"><value>node/460039405</value></Data><Data name="name"><value>Gunbarrel Rapids</value></Data><Data name="waterway"><value>rapids</value></Data></ExtendedData><Point><coordinates>-114.7101066,45.387727</coordinates></Point></Placemark><Placemark><name>Kitchen Creek Rapids</name><ExtendedData><Data name="@id"><value>node/460039514</value></Data><Data name="name"><value>Kitchen Creek Rapids</value></Data><Data name="waterway"><value>rapids</value></Data></ExtendedData><Point><coordinates>-114.6466391,45.3249678</coordinates></Point></Placemark><Placemark><name>Narrows Rapids</name><ExtendedData><Data name="@id"><value>node/461224549</value></Data><Data name="name"><value>Narrows Rapids</value></Data><Data name="waterway"><value>rapids</value></Data></ExtendedData><Point><coordinates>-114.6781697,44.2520603</coordinates></Point></Placemark><Placemark><name>Piece Of Cake Rapids</name><ExtendedData><Data name="@id"><value>node/461224692</value></Data><Data name="name"><value>Piece Of Cake Rapids</value></Data><Data name="waterway"><value>rapids</value></Data></ExtendedData><Point><coordinates>-114.7177839,44.2648802</coordinates></Point></Placemark><Placemark><name>Sunbeam Rapids</name><ExtendedData><Data name="@id"><value>node/461224748</value></Data><Data name="name"><value>Sunbeam Rapids</value></Data><Data name="waterway"><value>rapids</value></Data></ExtendedData><Point><coordinates>-114.7360802,44.2705447</coordinates></Point></Placemark><Placemark><name>Shotgun Rapids</name><ExtendedData><Data name="@id"><value>node/461287204</value></Data><Data name="name"><value>Shotgun Rapids</value></Data><Data name="waterway"><value>rapids</value></Data></ExtendedData><Point><coordinates>-114.7626925,44.2643306</coordinates></Point></Placemark><Placemark><ExtendedData><Data name="@id"><value>node/462768376</value></Data><Data name="waterway"><value>rapids</value></Data></ExtendedData><Point><coordinates>-79.727354,35.747922</coordinates></Point></Placemark><Placemark><ExtendedData><Data name="@id"><value>node/471997213</value></Data><Data name="waterway"><value>rapids</value></Data></ExtendedData><Point><coordinates>-106.0471422,39.4998521</coordinates></Point></Placemark><Placemark><name>Ham Rapids</name><ExtendedData><Data name="@id"><value>node/473031380</value></Data><Data name="name"><value>Ham Rapids</value></Data><Data name="waterway"><value>rapids</value></Data></ExtendedData><Point><coordinates>-114.8967539,46.0968237</coordinates></Point></Placemark><Placemark><name>Green Eggs Rapids</name><ExtendedData><Data name="@id"><value>node/473031389</value></Data><Data name="name"><value>Green Eggs Rapids</value></Data><Data name="waterway"><value>rapids</value></Data></ExtendedData><Point><coordinates>-114.8962595,46.0933439</coordinates></Point></Placemark><Placemark><name>Magpie Creek Rapids</name><ExtendedData><Data name="@id"><value>node/473031422</value></Data><Data name="name"><value>Magpie Creek Rapids</value></Data><Data name="waterway"><value>rapids</value></Data></ExtendedData><Point><coordinates>-114.8904198,46.089531</coordinates></Point></Placemark><Placemark><name>Pettibone Creek Rapids</name><ExtendedData><Data name="@id"><value>node/473031595</value></Data><Data name="name"><value>Pettibone Creek Rapids</value></Data><Data name="waterway"><value>rapids</value></Data></ExtendedData><Point><coordinates>-114.8415067,46.044165</coordinates></Point></Placemark><Placemark><name>Rodeo Rapids</name><ExtendedData><Data name="@id"><value>node/473031619</value></Data><Data name="name"><value>Rodeo Rapids</value></Data><Data name="waterway"><value>rapids</value></Data></ExtendedData><Point><coordinates>-114.839155,46.0375856</coordinates></Point></Placemark><Placemark><name>Bear Creek Rapids</name><ExtendedData><Data name="@id"><value>node/473031677</value></Data><Data name="name"><value>Bear Creek Rapids</value></Data><Data name="waterway"><value>rapids</value></Data></ExtendedData><Point><coordinates>-114.8472393,46.0210642</coordinates></Point></Placemark><Placemark><name>Goat Creek Rapids</name><ExtendedData><Data name="@id"><value>node/473089350</value></Data><Data name="name"><value>Goat Creek Rapids</value></Data><Data name="waterway"><value>rapids</value></Data></ExtendedData><Point><coordinates>-114.8386284,45.9685741</coordinates></Point></Placemark><Placemark><name>Ping P Rapids</name><ExtendedData><Data name="@id"><value>node/473089433</value></Data><Data name="name"><value>Ping P Rapids</value></Data><Data name="waterway"><value>rapids</value></Data></ExtendedData><Point><coordinates>-114.8329403,45.9407749</coordinates></Point></Placemark><Placemark><name>Holy Smokes Rapids</name><ExtendedData><Data name="@id"><value>node/473089986</value></Data><Data name="name"><value>Holy Smokes Rapids</value></Data><Data name="waterway"><value>rapids</value></Data></ExtendedData><Point><coordinates>-114.8061219,45.9143674</coordinates></Point></Placemark><Placemark><name>Cougar Bluff Rapids</name><ExtendedData><Data name="@id"><value>node/473090059</value></Data><Data name="name"><value>Cougar Bluff Rapids</value></Data><Data name="waterway"><value>rapids</value></Data></ExtendedData><Point><coordinates>-114.797196,45.9062829</coordinates></Point></Placemark><Placemark><name>Washer Woman Rapids</name><ExtendedData><Data name="@id"><value>node/473090073</value></Data><Data name="name"><value>Washer Woman Rapids</value></Data><Data name="waterway"><value>rapids</value></Data></ExtendedData><Point><coordinates>-114.7933467,45.904293</coordinates></Point></Placemark><Placemark><name>Slalom Slide Rapids</name><ExtendedData><Data name="@id"><value>node/473090136</value></Data><Data name="name"><value>Slalom Slide Rapids</value></Data><Data name="waterway"><value>rapids</value></Data></ExtendedData><Point><coordinates>-114.7786938,45.8985396</coordinates></Point></Placemark><Placemark><ExtendedData><Data name="@id"><value>node/473277023</value></Data><Data name="waterway"><value>rapids</value></Data></ExtendedData><Point><coordinates>-79.9136231,37.2608041</coordinates></Point></Placemark><Placemark><name>Vail Whitewater Park Rapid</name><description>Controlled whitewater rapid with adjustable difficulty levels.</description><ExtendedData><Data name="@id"><value>node/490926734</value></Data><Data name="canoe"><value>designated</value></Data><Data name="description"><value>Controlled whitewater rapid with adjustable difficulty levels.</value></Data><Data name="name"><value>Vail Whitewater Park Rapid</value></Data><Data name="waterway"><value>rapids</value></Data></ExtendedData><Point><coordinates>-106.3754448,39.6411621</coordinates></Point></Placemark><Placemark><name>Devil's Punchbowl</name><ExtendedData><Data name="@id"><value>node/494574777</value></Data><Data name="name"><value>Devil's Punchbowl</value></Data><Data name="waterway"><value>rapids</value></Data></ExtendedData><Point><coordinates>-106.7083734,39.1194014</coordinates></Point></Placemark><Placemark><ExtendedData><Data name="@id"><value>node/549971474</value></Data><Data name="source"><value>NC Ortho</value></Data><Data name="waterway"><value>rapids</value></Data></ExtendedData><Point><coordinates>-81.7638454,36.1602092</coordinates></Point></Placemark><Placemark><ExtendedData><Data name="@id"><value>node/553153363</value></Data><Data name="waterway"><value>rapids</value></Data></ExtendedData><Point><coordinates>-82.8658732,35.546533</coordinates></Point></Placemark><Placemark><name>Last Chance</name><ExtendedData><Data name="@id"><value>node/553572705</value></Data><Data name="name"><value>Last Chance</value></Data><Data name="waterway"><value>rapids</value></Data></ExtendedData><Point><coordinates>-82.352214,36.084555</coordinates></Point></Placemark><Placemark><ExtendedData><Data name="@id"><value>node/553600068</value></Data><Data name="waterway"><value>rapids</value></Data></ExtendedData><Point><coordinates>-82.3692209,36.0770722</coordinates></Point></Placemark><Placemark><ExtendedData><Data name="@id"><value>node/553645616</value></Data><Data name="waterway"><value>rapids</value></Data></ExtendedData><Point><coordinates>-82.379696,36.070566</coordinates></Point></Placemark><Placemark><ExtendedData><Data name="@id"><value>node/553832802</value></Data><Data name="waterway"><value>rapids</value></Data></ExtendedData><Point><coordinates>-82.394048,36.080588</coordinates></Point></Placemark><Placemark><ExtendedData><Data name="@id"><value>node/554350031</value></Data><Data name="waterway"><value>rapids</value></Data></ExtendedData><Point><coordinates>-82.357666,36.08096</coordinates></Point></Placemark><Placemark><ExtendedData><Data name="@id"><value>node/556868448</value></Data><Data name="waterway"><value>rapids</value></Data></ExtendedData><Point><coordinates>-84.3588313,34.9751915</coordinates></Point></Placemark><Placemark><name>Hell Hole</name><ExtendedData><Data name="@id"><value>node/556872216</value></Data><Data name="name"><value>Hell Hole</value></Data><Data name="waterway"><value>rapids</value></Data></ExtendedData><Point><coordinates>-84.5336881,35.094381</coordinates></Point></Placemark><Placemark><name>Powerhouse Rapid</name><ExtendedData><Data name="@id"><value>node/556872244</value></Data><Data name="name"><value>Powerhouse Rapid</value></Data><Data name="waterway"><value>rapids</value></Data></ExtendedData><Point><coordinates>-84.534051,35.0949889</coordinates></Point></Placemark><Placemark><name>Double Suck</name><ExtendedData><Data name="@id"><value>node/556901783</value></Data><Data name="name"><value>Double Suck</value></Data><Data name="waterway"><value>rapids</value></Data></ExtendedData><Point><coordinates>-84.506382,35.073609</coordinates></Point></Placemark><Placemark><name>Flipper</name><ExtendedData><Data name="@id"><value>node/556913027</value></Data><Data name="name"><value>Flipper</value></Data><Data name="waterway"><value>rapids</value></Data></ExtendedData><Point><coordinates>-84.509306,35.081092</coordinates></Point></Placemark><Placemark><name>Gonzo Shoals</name><ExtendedData><Data name="@id"><value>node/556931861</value></Data><Data name="name"><value>Gonzo Shoals</value></Data><Data name="waterway"><value>rapids</value></Data></ExtendedData><Point><coordinates>-84.495588,35.077878</coordinates></Point></Placemark><Placemark><ExtendedData><Data name="@id"><value>node/565327477</value></Data><Data name="waterway"><value>rapids</value></Data></ExtendedData><Point><coordinates>-105.0808457,39.7844828</coordinates></Point></Placemark><Placemark><ExtendedData><Data name="@id"><value>node/584050796</value></Data><Data name="ele"><value>0.0</value></Data><Data name="nhd:com_id"><value>62505305</value></Data><Data name="nhd:fcode"><value>43100</value></Data><Data name="nhd:ftype"><value>Rapids</value></Data><Data name="waterway"><value>rapids</value></Data></ExtendedData><Point><coordinates>-109.0192402,38.7298225</coordinates></Point></Placemark><Placemark><ExtendedData><Data name="@id"><value>node/584549229</value></Data><Data name="ele"><value>0.0</value></Data><Data name="nhd:com_id"><value>62505289</value></Data><Data name="nhd:fcode"><value>43100</value></Data><Data name="nhd:ftype"><value>Rapids</value></Data><Data name="waterway"><value>rapids</value></Data></ExtendedData><Point><coordinates>-109.1126043,38.7323485</coordinates></Point></Placemark><Placemark><ExtendedData><Data name="@id"><value>node/584669525</value></Data><Data name="ele"><value>0.0</value></Data><Data name="nhd:com_id"><value>62505345</value></Data><Data name="nhd:fcode"><value>43100</value></Data><Data name="nhd:ftype"><value>Rapids</value></Data><Data name="waterway"><value>rapids</value></Data></ExtendedData><Point><coordinates>-109.0168239,38.7198285</coordinates></Point></Placemark><Placemark><ExtendedData><Data name="@id"><value>node/584676239</value></Data><Data name="ele"><value>0.0</value></Data><Data name="nhd:com_id"><value>62513445</value></Data><Data name="nhd:fcode"><value>43100</value></Data><Data name="nhd:ftype"><value>Rapids</value></Data><Data name="waterway"><value>rapids</value></Data></ExtendedData><Point><coordinates>-109.0892318,38.7517517</coordinates></Point></Placemark><Placemark><ExtendedData><Data name="@id"><value>node/584954623</value></Data><Data name="ele"><value>0.0</value></Data><Data name="nhd:com_id"><value>62505363</value></Data><Data name="nhd:fcode"><value>43100</value></Data><Data name="nhd:ftype"><value>Rapids</value></Data><Data name="waterway"><value>rapids</value></Data></ExtendedData><Point><coordinates>-109.0127592,38.7169217</coordinates></Point></Placemark><Placemark><ExtendedData><Data name="@id"><value>node/584954626</value></Data><Data name="ele"><value>0.0</value></Data><Data name="nhd:com_id"><value>62505279</value></Data><Data name="nhd:fcode"><value>43100</value></Data><Data name="nhd:ftype"><value>Rapids</value></Data><Data name="waterway"><value>rapids</value></Data></ExtendedData><Point><coordinates>-109.0211211,38.7330954</coordinates></Point></Placemark><Placemark><ExtendedData><Data name="@id"><value>node/584954630</value></Data><Data name="ele"><value>0.0</value></Data><Data name="nhd:com_id"><value>62505221</value></Data><Data name="nhd:fcode"><value>43100</value></Data><Data name="nhd:ftype"><value>Rapids</value></Data><Data name="waterway"><value>rapids</value></Data></ExtendedData><Point><coordinates>-109.0451851,38.7465919</coordinates></Point></Placemark><Placemark><ExtendedData><Data name="@id"><value>node/585361247</value></Data><Data name="ele"><value>0.0</value></Data><Data name="nhd:com_id"><value>62505237</value></Data><Data name="nhd:fcode"><value>43100</value></Data><Data name="nhd:ftype"><value>Rapids</value></Data><Data name="waterway"><value>rapids</value></Data></ExtendedData><Point><coordinates>-109.100141,38.7420466</coordinates></Point></Placemark><Placemark><ExtendedData><Data name="@id"><value>node/585361257</value></Data><Data name="ele"><value>0.0</value></Data><Data name="nhd:com_id"><value>80064759</value></Data><Data name="nhd:fcode"><value>43100</value></Data><Data name="nhd:ftype"><value>Rapids</value></Data><Data name="waterway"><value>rapids</value></Data></ExtendedData><Point><coordinates>-109.1531282,38.9943158</coordinates></Point></Placemark><Placemark><ExtendedData><Data name="@id"><value>node/585406886</value></Data><Data name="ele"><value>0.0</value></Data><Data name="nhd:com_id"><value>62505283</value></Data><Data name="nhd:fcode"><value>43100</value></Data><Data name="nhd:ftype"><value>Rapids</value></Data><Data name="waterway"><value>rapids</value></Data></ExtendedData><Point><coordinates>-109.1219294,38.7335461</coordinates></Point></Placemark><Placemark><ExtendedData><Data name="@id"><value>node/585406910</value></Data><Data name="ele"><value>0.0</value></Data><Data name="nhd:com_id"><value>80064749</value></Data><Data name="nhd:fcode"><value>43100</value></Data><Data name="nhd:ftype"><value>Rapids</value></Data><Data name="waterway"><value>rapids</value></Data></ExtendedData><Point><coordinates>-109.1407288,38.9999874</coordinates></Point></Placemark><Placemark><ExtendedData><Data name="@id"><value>node/585507269</value></Data><Data name="ele"><value>0.0</value></Data><Data name="nhd:com_id"><value>62505253</value></Data><Data name="nhd:fcode"><value>43100</value></Data><Data name="nhd:ftype"><value>Rapids</value></Data><Data name="waterway"><value>rapids</value></Data></ExtendedData><Point><coordinates>-109.1042074,38.7398232</coordinates></Point></Placemark><Placemark><ExtendedData><Data name="@id"><value>node/586342159</value></Data><Data name="ele"><value>0.0</value></Data><Data name="nhd:com_id"><value>62505265</value></Data><Data name="nhd:fcode"><value>43100</value></Data><Data name="nhd:ftype"><value>Rapids</value></Data><Data name="waterway"><value>rapids</value></Data></ExtendedData><Point><coordinates>-109.1221825,38.7365072</coordinates></Point></Placemark><Placemark><ExtendedData><Data name="@id"><value>node/586780241</value></Data><Data name="nhd:com_id"><value>62505261</value></Data><Data name="nhd:fcode"><value>43100</value></Data><Data name="nhd:ftype"><value>Rapids</value></Data><Data name="waterway"><value>rapids</value></Data></ExtendedData><Point><coordinates>-109.033014,38.7377466</coordinates></Point></Placemark><Placemark><name>Skull Rapids</name><ExtendedData><Data name="@id"><value>node/586853004</value></Data><Data name="ele"><value>1277</value></Data><Data name="gnis:feature_id"><value>1436367</value></Data><Data name="name"><value>Skull Rapids</value></Data><Data name="waterway"><value>rapids</value></Data></ExtendedData><Point><coordinates>-109.1637823,38.9944784</coordinates></Point></Placemark><Placemark><ExtendedData><Data name="@id"><value>node/586925527</value></Data><Data name="ele"><value>0.0</value></Data><Data name="nhd:com_id"><value>62505311</value></Data><Data name="nhd:fcode"><value>43100</value></Data><Data name="nhd:ftype"><value>Rapids</value></Data><Data name="waterway"><value>rapids</value></Data></ExtendedData><Point><coordinates>-109.0199855,38.7278708</coordinates></Point></Placemark><Placemark><name>Sock-It-To-Me Rapids</name><ExtendedData><Data name="@id"><value>node/587218222</value></Data><Data name="ele"><value>1276</value></Data><Data name="gnis:feature_id"><value>1450503</value></Data><Data name="name"><value>Sock-It-To-Me Rapids</value></Data><Data name="waterway"><value>rapids</value></Data></ExtendedData><Point><coordinates>-109.1646715,38.9882729</coordinates></Point></Placemark><Placemark><ExtendedData><Data name="@id"><value>node/587222127</value></Data><Data name="ele"><value>0.0</value></Data><Data name="nhd:com_id"><value>62505213</value></Data><Data name="nhd:fcode"><value>43100</value></Data><Data name="nhd:ftype"><value>Rapids</value></Data><Data name="waterway"><value>rapids</value></Data></ExtendedData><Point><coordinates>-109.0584251,38.7492476</coordinates></Point></Placemark><Placemark><ExtendedData><Data name="@id"><value>node/587771519</value></Data><Data name="ele"><value>0.0</value></Data><Data name="nhd:com_id"><value>62505227</value></Data><Data name="nhd:fcode"><value>43100</value></Data><Data name="nhd:ftype"><value>Rapids</value></Data><Data name="waterway"><value>rapids</value></Data></ExtendedData><Point><coordinates>-109.0399997,38.7457123</coordinates></Point></Placemark><Placemark><ExtendedData><Data name="@id"><value>node/587771556</value></Data><Data name="ele"><value>0.0</value></Data><Data name="nhd:com_id"><value>62505243</value></Data><Data name="nhd:fcode"><value>43100</value></Data><Data name="nhd:ftype"><value>Rapids</value></Data><Data name="waterway"><value>rapids</value></Data></ExtendedData><Point><coordinates>-109.1016886,38.7413978</coordinates></Point></Placemark><Placemark><ExtendedData><Data name="@id"><value>node/587771572</value></Data><Data name="ele"><value>0.0</value></Data><Data name="nhd:com_id"><value>62505249</value></Data><Data name="nhd:fcode"><value>43100</value></Data><Data name="nhd:ftype"><value>Rapids</value></Data><Data name="waterway"><value>rapids</value></Data></ExtendedData><Point><coordinates>-109.1241352,38.7404311</coordinates></Point></Placemark><Placemark><ExtendedData><Data name="@id"><value>node/587771702</value></Data><Data name="ele"><value>0.0</value></Data><Data name="nhd:com_id"><value>62505273</value></Data><Data name="nhd:fcode"><value>43100</value></Data><Data name="nhd:ftype"><value>Rapids</value></Data><Data name="waterway"><value>rapids</value></Data></ExtendedData><Point><coordinates>-109.1084094,38.7359061</coordinates></Point></Placemark><Placemark><ExtendedData><Data name="@id"><value>node/587771735</value></Data><Data name="ele"><value>0.0</value></Data><Data name="nhd:com_id"><value>62505295</value></Data><Data name="nhd:fcode"><value>43100</value></Data><Data name="nhd:ftype"><value>Rapids</value></Data><Data name="waterway"><value>rapids</value></Data></ExtendedData><Point><coordinates>-109.1132226,38.7317401</coordinates></Point></Placemark><Placemark><ExtendedData><Data name="@id"><value>node/587771742</value></Data><Data name="ele"><value>0.0</value></Data><Data name="nhd:com_id"><value>62505301</value></Data><Data name="nhd:fcode"><value>43100</value></Data><Data name="nhd:ftype"><value>Rapids</value></Data><Data name="waterway"><value>rapids</value></Data></ExtendedData><Point><coordinates>-109.1144132,38.7316642</coordinates></Point></Placemark><Placemark><ExtendedData><Data name="@id"><value>node/587771819</value></Data><Data name="ele"><value>0.0</value></Data><Data name="nhd:com_id"><value>62505335</value></Data><Data name="nhd:fcode"><value>43100</value></Data><Data name="nhd:ftype"><value>Rapids</value></Data><Data name="waterway"><value>rapids</value></Data></ExtendedData><Point><coordinates>-109.0186521,38.7221141</coordinates></Point></Placemark><Placemark><ExtendedData><Data name="@id"><value>node/587771851</value></Data><Data name="ele"><value>0.0</value></Data><Data name="nhd:com_id"><value>62505351</value></Data><Data name="nhd:fcode"><value>43100</value></Data><Data name="nhd:ftype"><value>Rapids</value></Data><Data name="waterway"><value>rapids</value></Data></ExtendedData><Point><coordinates>-109.0150485,38.7191227</coordinates></Point></Placemark><Placemark><ExtendedData><Data name="@id"><value>node/587771916</value></Data><Data name="ele"><value>0.0</value></Data><Data name="nhd:com_id"><value>80064745</value></Data><Data name="nhd:fcode"><value>43100</value></Data><Data name="nhd:ftype"><value>Rapids</value></Data><Data name="waterway"><value>rapids</value></Data></ExtendedData><Point><coordinates>-109.146536,39.0119893</coordinates></Point></Placemark><Placemark><ExtendedData><Data name="@id"><value>node/587872446</value></Data><Data name="ele"><value>0.0</value></Data><Data name="nhd:com_id"><value>62505329</value></Data><Data name="nhd:fcode"><value>43100</value></Data><Data name="nhd:ftype"><value>Rapids</value></Data><Data name="waterway"><value>rapids</value></Data></ExtendedData><Point><coordinates>-109.0200671,38.7233351</coordinates></Point></Placemark><Placemark><ExtendedData><Data name="@id"><value>node/587872456</value></Data><Data name="ele"><value>0.0</value></Data><Data name="nhd:com_id"><value>62505323</value></Data><Data name="nhd:fcode"><value>43100</value></Data><Data name="nhd:ftype"><value>Rapids</value></Data><Data name="waterway"><value>rapids</value></Data></ExtendedData><Point><coordinates>-109.0198007,38.7239478</coordinates></Point></Placemark><Placemark><ExtendedData><Data name="@id"><value>node/598060118</value></Data><Data name="waterway"><value>rapids</value></Data></ExtendedData><Point><coordinates>-105.2290188,39.7541513</coordinates></Point></Placemark><Placemark><ExtendedData><Data name="@id"><value>node/600290024</value></Data><Data name="ele"><value>0.0</value></Data><Data name="nhd-shp:com_id"><value>21400005</value></Data><Data name="nhd-shp:fdate"><value>Mon Nov 29 00:00:00 CET 1999</value></Data><Data name="source"><value>NHD</value></Data><Data name="waterway"><value>rapids</value></Data></ExtendedData><Point><coordinates>-113.3371385,35.7943872</coordinates></Point></Placemark><Placemark><ExtendedData><Data name="@id"><value>node/600290128</value></Data><Data name="ele"><value>0.0</value></Data><Data name="nhd-shp:com_id"><value>21399999</value></Data><Data name="nhd-shp:fdate"><value>Mon Nov 29 00:00:00 CET 1999</value></Data><Data name="source"><value>NHD</value></Data><Data name="waterway"><value>rapids</value></Data></ExtendedData><Point><coordinates>-113.3319819,35.8164457</coordinates></Point></Placemark><Placemark><ExtendedData><Data name="@id"><value>node/603618786</value></Data><Data name="gnis:fcode"><value>43100</value></Data><Data name="gnis:ftype"><value>Rapids</value></Data><Data name="nhd:com_id"><value>122643710</value></Data><Data name="nhd:fdate"><value>Wed Jul 14 00:00:00 CEST 2004</value></Data><Data name="source"><value>NHD</value></Data><Data name="waterway"><value>rapids</value></Data></ExtendedData><Point><coordinates>-113.6736997,35.8680774</coordinates></Point></Placemark><Placemark><ExtendedData><Data name="@id"><value>node/603618876</value></Data><Data name="ele"><value>0.0</value></Data><Data name="gnis:fcode"><value>43100</value></Data><Data name="nhd-shp:com_id"><value>122625643</value></Data><Data name="nhd-shp:fdate"><value>Wed Jul 14 00:00:00 CEST 2004</value></Data><Data name="source"><value>NHD</value></Data><Data name="waterway"><value>rapids</value></Data></ExtendedData><Point><coordinates>-113.7150403,35.9150322</coordinates></Point></Placemark><Placemark><ExtendedData><Data name="@id"><value>node/631217585</value></Data><Data name="waterway"><value>rapids</value></Data></ExtendedData><Point><coordinates>-91.3808203,47.8980571</coordinates></Point></Placemark><Placemark><ExtendedData><Data name="@id"><value>node/631321365</value></Data><Data name="waterway"><value>rapids</value></Data></ExtendedData><Point><coordinates>-91.4532597,47.9247468</coordinates></Point></Placemark><Placemark><ExtendedData><Data name="@id"><value>node/631321366</value></Data><Data name="waterway"><value>rapids</value></Data></ExtendedData><Point><coordinates>-91.4533842,47.9251285</coordinates></Point></Placemark><Placemark><ExtendedData><Data name="@id"><value>node/631321367</value></Data><Data name="waterway"><value>rapids</value></Data></ExtendedData><Point><coordinates>-91.4534189,47.9257157</coordinates></Point></Placemark><Placemark><ExtendedData><Data name="@id"><value>node/631321368</value></Data><Data name="waterway"><value>rapids</value></Data></ExtendedData><Point><coordinates>-91.4534559,47.9260997</coordinates></Point></Placemark><Placemark><ExtendedData><Data name="@id"><value>node/631326738</value></Data><Data name="waterway"><value>rapids</value></Data></ExtendedData><Point><coordinates>-91.7480051,48.1729926</coordinates></Point></Placemark><Placemark><ExtendedData><Data name="@id"><value>node/631333330</value></Data><Data name="waterway"><value>rapids</value></Data></ExtendedData><Point><coordinates>-92.223042,48.1694861</coordinates></Point></Placemark><Placemark><ExtendedData><Data name="@id"><value>node/631354565</value></Data><Data name="waterway"><value>rapids</value></Data></ExtendedData><Point><coordinates>-91.7128933,48.1004027</coordinates></Point></Placemark><Placemark><ExtendedData><Data name="@id"><value>node/631367760</value></Data><Data name="waterway"><value>rapids</value></Data></ExtendedData><Point><coordinates>-92.0742384,48.1829581</coordinates></Point></Placemark><Placemark><ExtendedData><Data name="@id"><value>node/631367767</value></Data><Data name="waterway"><value>rapids</value></Data></ExtendedData><Point><coordinates>-92.076537,48.1837814</coordinates></Point></Placemark><Placemark><ExtendedData><Data name="@id"><value>node/631367768</value></Data><Data name="waterway"><value>rapids</value></Data></ExtendedData><Point><coordinates>-92.0765764,48.1840967</coordinates></Point></Placemark><Placemark><ExtendedData><Data name="@id"><value>node/631400730</value></Data><Data name="waterway"><value>rapids</value></Data></ExtendedData><Point><coordinates>-91.710837,47.8307744</coordinates></Point></Placemark><Placemark><ExtendedData><Data name="@id"><value>node/631407358</value></Data><Data name="waterway"><value>rapids</value></Data></ExtendedData><Point><coordinates>-91.7055578,47.8352559</coordinates></Point></Placemark><Placemark><ExtendedData><Data name="@id"><value>node/665893500</value></Data><Data name="waterway"><value>rapids</value></Data></ExtendedData><Point><coordinates>-105.991035,38.5382151</coordinates></Point></Placemark><Placemark><ExtendedData><Data name="@id"><value>node/665893501</value></Data><Data name="waterway"><value>rapids</value></Data></ExtendedData><Point><coordinates>-105.9900694,38.537592</coordinates></Point></Placemark><Placemark><ExtendedData><Data name="@id"><value>node/665893503</value></Data><Data name="sport"><value>surfing</value></Data><Data name="waterway"><value>rapids</value></Data></ExtendedData><Point><coordinates>-105.9888671,38.5365787</coordinates></Point></Placemark><Placemark><ExtendedData><Data name="@id"><value>node/665893781</value></Data><Data name="waterway"><value>rapids</value></Data></ExtendedData><Point><coordinates>-105.9919417,38.5390492</coordinates></Point></Placemark><Placemark><ExtendedData><Data name="@id"><value>node/670014108</value></Data><Data name="fixme"><value>add area</value></Data><Data name="waterway"><value>rapids</value></Data></ExtendedData><Point><coordinates>-68.5933627,45.3325447</coordinates></Point></Placemark><Placemark><ExtendedData><Data name="@id"><value>node/697937374</value></Data><Data name="waterway"><value>rapids</value></Data></ExtendedData><Point><coordinates>-94.4621511,44.283135</coordinates></Point></Placemark><Placemark><name>Cup of Coffee Rapids</name><ExtendedData><Data name="@id"><value>node/778654186</value></Data><Data name="alt_name"><value>Alarm Clock Rapids</value></Data><Data name="name"><value>Cup of Coffee Rapids</value></Data><Data name="rapids"><value>3</value></Data><Data name="waterway"><value>rapids</value></Data></ExtendedData><Point><coordinates>-120.7499058,39.0090883</coordinates></Point></Placemark><Placemark><name>Carl's Crash Rapids</name><ExtendedData><Data name="@id"><value>node/778673006</value></Data><Data name="alt_name"><value>Guide Slammer Rapids</value></Data><Data name="name"><value>Carl's Crash Rapids</value></Data><Data name="rapids"><value>3</value></Data><Data name="waterway"><value>rapids</value></Data></ExtendedData><Point><coordinates>-120.7527167,39.0052032</coordinates></Point></Placemark><Placemark><name>Santa's Mustache Rapids</name><ExtendedData><Data name="@id"><value>node/778673293</value></Data><Data name="alt_name"><value>Organized Chaos</value></Data><Data name="name"><value>Santa's Mustache Rapids</value></Data><Data name="rapids"><value>3-</value></Data><Data name="waterway"><value>rapids</value></Data></ExtendedData><Point><coordinates>-120.7596368,39.0059452</coordinates></Point></Placemark><Placemark><name>Last Chance Rapids</name><ExtendedData><Data name="@id"><value>node/778674540</value></Data><Data name="name"><value>Last Chance Rapids</value></Data><Data name="rapids"><value>3</value></Data><Data name="waterway"><value>rapids</value></Data></ExtendedData><Point><coordinates>-120.7633919,39.0075209</coordinates></Point></Placemark><Placemark><name>Tunnel Chute Rapids</name><ExtendedData><Data name="@id"><value>node/778675661</value></Data><Data name="name"><value>Tunnel Chute Rapids</value></Data><Data name="rapids"><value>4+</value></Data><Data name="waterway"><value>rapids</value></Data></ExtendedData><Point><coordinates>-120.7675762,39.009355</coordinates></Point></Placemark><Placemark><name>Soul Train Rapids</name><ExtendedData><Data name="@id"><value>node/778683350</value></Data><Data name="name"><value>Soul Train Rapids</value></Data><Data name="rapids"><value>3</value></Data><Data name="waterway"><value>rapids</value></Data></ExtendedData><Point><coordinates>-120.7698936,39.0074125</coordinates></Point></Placemark><Placemark><name>Cathedral Class Rapids</name><ExtendedData><Data name="@id"><value>node/778683517</value></Data><Data name="name"><value>Cathedral Class Rapids</value></Data><Data name="rapids"><value>3</value></Data><Data name="waterway"><value>rapids</value></Data></ExtendedData><Point><coordinates>-120.7723827,39.0065455</coordinates></Point></Placemark><Placemark><name>Lettuce Hole</name><ExtendedData><Data name="@id"><value>node/778684510</value></Data><Data name="alt_name"><value>Orange Wall Rapids</value></Data><Data name="name"><value>Lettuce Hole</value></Data><Data name="rapids"><value>4-</value></Data><Data name="waterway"><value>rapids</value></Data></ExtendedData><Point><coordinates>-120.7809658,39.0034107</coordinates></Point></Placemark><Placemark><name>Thread the Needle Rapids</name><ExtendedData><Data name="@id"><value>node/778685517</value></Data><Data name="name"><value>Thread the Needle Rapids</value></Data><Data name="rapids"><value>3</value></Data><Data name="waterway"><value>rapids</value></Data></ExtendedData><Point><coordinates>-120.7872314,38.9992752</coordinates></Point></Placemark><Placemark><name>Kanaka Rapids</name><ExtendedData><Data name="@id"><value>node/778686409</value></Data><Data name="alt_name"><value>Submarine Rapids</value></Data><Data name="name"><value>Kanaka Rapids</value></Data><Data name="rapids"><value>4</value></Data><Data name="waterway"><value>rapids</value></Data></ExtendedData><Point><coordinates>-120.7950205,38.9970406</coordinates></Point></Placemark><Placemark><name>Cache Bar Rapids</name><ExtendedData><Data name="@id"><value>node/778687635</value></Data><Data name="name"><value>Cache Bar Rapids</value></Data><Data name="rapids"><value>2+</value></Data><Data name="waterway"><value>rapids</value></Data></ExtendedData><Point><coordinates>-120.8134956,38.9988749</coordinates></Point></Placemark><Placemark><name>Chunder Rapids</name><ExtendedData><Data name="@id"><value>node/778688601</value></Data><Data name="alt_name"><value>Duck Soup Rapids</value></Data><Data name="name"><value>Chunder Rapids</value></Data><Data name="rapids"><value>4</value></Data><Data name="waterway"><value>rapids</value></Data></ExtendedData><Point><coordinates>-120.8912582,38.9592416</coordinates></Point></Placemark><Placemark><name>Driver's Education Rapids</name><ExtendedData><Data name="@id"><value>node/778691395</value></Data><Data name="name"><value>Driver's Education Rapids</value></Data><Data name="rapids"><value>4-</value></Data><Data name="waterway"><value>rapids</value></Data></ExtendedData><Point><coordinates>-120.9212619,38.9596507</coordinates></Point></Placemark><Placemark><name>Parallel Parking Rapids</name><ExtendedData><Data name="@id"><value>node/778692524</value></Data><Data name="name"><value>Parallel Parking Rapids</value></Data><Data name="rapids"><value>4</value></Data><Data name="waterway"><value>rapids</value></Data></ExtendedData><Point><coordinates>-120.9190673,38.9577733</coordinates></Point></Placemark><Placemark><name>Little Fin Back</name><ExtendedData><Data name="@id"><value>node/778694540</value></Data><Data name="name"><value>Little Fin Back</value></Data><Data name="rapids"><value>2</value></Data><Data name="waterway"><value>rapids</value></Data></ExtendedData><Point><coordinates>-120.7506246,39.0074125</coordinates></Point></Placemark><Placemark><name>Jake the Ripper Rapids</name><ExtendedData><Data name="@id"><value>node/778695022</value></Data><Data name="name"><value>Jake the Ripper Rapids</value></Data><Data name="rapids"><value>2</value></Data><Data name="waterway"><value>rapids</value></Data></ExtendedData><Point><coordinates>-120.7619113,39.0059952</coordinates></Point></Placemark><Placemark><name>Three Queens Rapids</name><ExtendedData><Data name="@id"><value>node/778698961</value></Data><Data name="name"><value>Three Queens Rapids</value></Data><Data name="rapids"><value>3</value></Data><Data name="waterway"><value>rapids</value></Data></ExtendedData><Point><coordinates>-120.7912869,38.9993752</coordinates></Point></Placemark><Placemark><name>Pinball Rapids</name><ExtendedData><Data name="@id"><value>node/900051800</value></Data><Data name="name"><value>Pinball Rapids</value></Data><Data name="waterway"><value>rapids</value></Data></ExtendedData><Point><coordinates>-115.5211516,44.0690711</coordinates></Point></Placemark><Placemark><name>Kirkham Rapids</name><ExtendedData><Data name="@id"><value>node/900051891</value></Data><Data name="name"><value>Kirkham Rapids</value></Data><Data name="waterway"><value>rapids</value></Data></ExtendedData><Point><coordinates>-115.5436392,44.0729484</coordinates></Point></Placemark><Placemark><name>Oxbow Rapids</name><ExtendedData><Data name="@id"><value>node/900052514</value></Data><Data name="name"><value>Oxbow Rapids</value></Data><Data name="waterway"><value>rapids</value></Data></ExtendedData><Point><coordinates>-115.6648214,44.0747829</coordinates></Point></Placemark><Placemark><name>Hard Hat Rapids</name><ExtendedData><Data name="@id"><value>node/900052574</value></Data><Data name="name"><value>Hard Hat Rapids</value></Data><Data name="waterway"><value>rapids</value></Data></ExtendedData><Point><coordinates>-115.6694026,44.0716612</coordinates></Point></Placemark><Placemark><name>Gateway Rapids</name><ExtendedData><Data name="@id"><value>node/900052677</value></Data><Data name="name"><value>Gateway Rapids</value></Data><Data name="waterway"><value>rapids</value></Data></ExtendedData><Point><coordinates>-115.6950016,44.0613773</coordinates></Point></Placemark><Placemark><name>S Turn Rapids</name><ExtendedData><Data name="@id"><value>node/900052763</value></Data><Data name="name"><value>S Turn Rapids</value></Data><Data name="waterway"><value>rapids</value></Data></ExtendedData><Point><coordinates>-115.7115455,44.0664347</coordinates></Point></Placemark><Placemark><name>Blackadar 2 Rapids</name><ExtendedData><Data name="@id"><value>node/900052827</value></Data><Data name="name"><value>Blackadar 2 Rapids</value></Data><Data name="waterway"><value>rapids</value></Data></ExtendedData><Point><coordinates>-115.7334484,44.0675023</coordinates></Point></Placemark><Placemark><name>Trash Can Rapids</name><ExtendedData><Data name="@id"><value>node/900052836</value></Data><Data name="name"><value>Trash Can Rapids</value></Data><Data name="waterway"><value>rapids</value></Data></ExtendedData><Point><coordinates>-115.7379546,44.0690516</coordinates></Point></Placemark><Placemark><name>Kaleidoscope Rapids</name><ExtendedData><Data name="@id"><value>node/900052895</value></Data><Data name="name"><value>Kaleidoscope Rapids</value></Data><Data name="waterway"><value>rapids</value></Data></ExtendedData><Point><coordinates>-115.7604261,44.0711832</coordinates></Point></Placemark><Placemark><name>Deck Of Cards Rapids</name><ExtendedData><Data name="@id"><value>node/900052926</value></Data><Data name="name"><value>Deck Of Cards Rapids</value></Data><Data name="waterway"><value>rapids</value></Data></ExtendedData><Point><coordinates>-115.7714553,44.071507</coordinates></Point></Placemark><Placemark><name>Surprise Rapids</name><ExtendedData><Data name="@id"><value>node/900052938</value></Data><Data name="name"><value>Surprise Rapids</value></Data><Data name="waterway"><value>rapids</value></Data></ExtendedData><Point><coordinates>-115.7722921,44.0734186</coordinates></Point></Placemark><Placemark><name>Swirly Canyon</name><ExtendedData><Data name="@id"><value>node/900053171</value></Data><Data name="name"><value>Swirly Canyon</value></Data><Data name="waterway"><value>rapids</value></Data></ExtendedData><Point><coordinates>-115.8476086,44.0435498</coordinates></Point></Placemark><Placemark><name>Little Surprise Rapids</name><ExtendedData><Data name="@id"><value>node/900084694</value></Data><Data name="name"><value>Little Surprise Rapids</value></Data><Data name="waterway"><value>rapids</value></Data></ExtendedData><Point><coordinates>-115.3267665,44.1355174</coordinates></Point></Placemark><Placemark><ExtendedData><Data name="@id"><value>node/906011477</value></Data><Data name="waterway"><value>rapids</value></Data></ExtendedData><Point><coordinates>-123.0716959,44.0515102</coordinates></Point></Placemark><Placemark><name>Fayette Station</name><ExtendedData><Data name="@id"><value>node/924407803</value></Data><Data name="name"><value>Fayette Station</value></Data><Data name="rapids"><value>4+</value></Data><Data name="waterway"><value>rapids</value></Data></ExtendedData><Point><coordinates>-81.0792863,38.0665144</coordinates></Point></Placemark><Placemark><ExtendedData><Data name="@id"><value>node/924407914</value></Data><Data name="waterway"><value>rapids</value></Data></ExtendedData><Point><coordinates>-81.17473,38.1416857</coordinates></Point></Placemark><Placemark><ExtendedData><Data name="@id"><value>node/962675850</value></Data><Data name="waterway"><value>rapids</value></Data></ExtendedData><Point><coordinates>-113.4229213,48.1411734</coordinates></Point></Placemark><Placemark><ExtendedData><Data name="@id"><value>node/962802253</value></Data><Data name="waterway"><value>rapids</value></Data></ExtendedData><Point><coordinates>-113.857034,48.6416247</coordinates></Point></Placemark><Placemark><name>Sacred Dancing Cascade</name><ExtendedData><Data name="@id"><value>node/962941810</value></Data><Data name="name"><value>Sacred Dancing Cascade</value></Data><Data name="waterway"><value>rapids</value></Data></ExtendedData><Point><coordinates>-113.853384,48.6420062</coordinates></Point></Placemark><Placemark><ExtendedData><Data name="@id"><value>node/964334196</value></Data><Data name="waterway"><value>rapids</value></Data></ExtendedData><Point><coordinates>-114.3762298,48.9093352</coordinates></Point></Placemark><Placemark><ExtendedData><Data name="@id"><value>node/964411288</value></Data><Data name="waterway"><value>rapids</value></Data></ExtendedData><Point><coordinates>-114.3799856,48.9089973</coordinates></Point></Placemark><Placemark><name>Sluice Box</name><ExtendedData><Data name="@id"><value>node/1009525837</value></Data><Data name="name"><value>Sluice Box</value></Data><Data name="rapids"><value>2</value></Data><Data name="waterway"><value>rapids</value></Data></ExtendedData><Point><coordinates>-123.2157836,41.8415027</coordinates></Point></Placemark><Placemark><name>Savage Rapids</name><ExtendedData><Data name="@id"><value>node/1024053173</value></Data><Data name="ele"><value>385</value></Data><Data name="gnis:feature_id"><value>276450</value></Data><Data name="name"><value>Savage Rapids</value></Data><Data name="rapids"><value>3</value></Data><Data name="reviewed"><value>yes</value></Data><Data name="waterway"><value>rapids</value></Data></ExtendedData><Point><coordinates>-123.2688699,41.8638906</coordinates></Point></Placemark><Placemark><name>China Point Riffle</name><ExtendedData><Data name="@id"><value>node/1024339525</value></Data><Data name="name"><value>China Point Riffle</value></Data><Data name="rapids"><value>1</value></Data><Data name="waterway"><value>rapids</value></Data></ExtendedData><Point><coordinates>-123.3181172,41.7980904</coordinates></Point></Placemark><Placemark><ExtendedData><Data name="@id"><value>node/1024413575</value></Data><Data name="waterway"><value>rapids</value></Data></ExtendedData><Point><coordinates>-123.7804024,42.3331632</coordinates></Point></Placemark><Placemark><ExtendedData><Data name="@id"><value>node/1024426875</value></Data><Data name="waterway"><value>rapids</value></Data></ExtendedData><Point><coordinates>-123.7778011,42.3341427</coordinates></Point></Placemark><Placemark><name>Seattle Creek Rapids</name><ExtendedData><Data name="@id"><value>node/1024480375</value></Data><Data name="name"><value>Seattle Creek Rapids</value></Data><Data name="rapids"><value>2</value></Data><Data name="waterway"><value>rapids</value></Data></ExtendedData><Point><coordinates>-123.3060811,41.8479493</coordinates></Point></Placemark><Placemark><ExtendedData><Data name="@id"><value>node/1024541634</value></Data><Data name="waterway"><value>rapids</value></Data></ExtendedData><Point><coordinates>-123.7554945,42.2950701</coordinates></Point></Placemark><Placemark><ExtendedData><Data name="@id"><value>node/1025224052</value></Data><Data name="waterway"><value>rapids</value></Data></ExtendedData><Point><coordinates>-123.7817117,42.3484558</coordinates></Point></Placemark><Placemark><ExtendedData><Data name="@id"><value>node/1026094622</value></Data><Data name="waterway"><value>rapids</value></Data></ExtendedData><Point><coordinates>-123.7744507,42.3375095</coordinates></Point></Placemark><Placemark><ExtendedData><Data name="@id"><value>node/1026803520</value></Data><Data name="waterway"><value>rapids</value></Data></ExtendedData><Point><coordinates>-123.7754303,42.3027251</coordinates></Point></Placemark><Placemark><ExtendedData><Data name="@id"><value>node/1027734522</value></Data><Data name="waterway"><value>rapids</value></Data></ExtendedData><Point><coordinates>-123.732088,42.2895717</coordinates></Point></Placemark><Placemark><ExtendedData><Data name="@id"><value>node/1028362868</value></Data><Data name="waterway"><value>rapids</value></Data></ExtendedData><Point><coordinates>-123.8256732,42.3773602</coordinates></Point></Placemark><Placemark><ExtendedData><Data name="@id"><value>node/1028448391</value></Data><Data name="waterway"><value>rapids</value></Data></ExtendedData><Point><coordinates>-123.8287872,42.3776851</coordinates></Point></Placemark><Placemark><ExtendedData><Data name="@id"><value>node/1029173015</value></Data><Data name="waterway"><value>rapids</value></Data></ExtendedData><Point><coordinates>-123.7813906,42.3282865</coordinates></Point></Placemark><Placemark><ExtendedData><Data name="@id"><value>node/1075813004</value></Data><Data name="waterway"><value>rapids</value></Data></ExtendedData><Point><coordinates>-120.8157545,39.3555094</coordinates></Point></Placemark><Placemark><ExtendedData><Data name="@id"><value>node/1087838842</value></Data><Data name="rapids"><value>1</value></Data><Data name="waterway"><value>rapids</value></Data></ExtendedData><Point><coordinates>-122.3991989,45.3744739</coordinates></Point></Placemark><Placemark><name>Brumagin Rapids</name><ExtendedData><Data name="@id"><value>node/1110971016</value></Data><Data name="name"><value>Brumagin Rapids</value></Data><Data name="waterway"><value>rapids</value></Data></ExtendedData><Point><coordinates>-74.927073,44.287744</coordinates></Point></Placemark><Placemark><name>Long Rapids</name><ExtendedData><Data name="@id"><value>node/1110972270</value></Data><Data name="name"><value>Long Rapids</value></Data><Data name="waterway"><value>rapids</value></Data></ExtendedData><Point><coordinates>-74.9012554,44.2841643</coordinates></Point></Placemark><Placemark><name>Island Rapids</name><ExtendedData><Data name="@id"><value>node/1335324082</value></Data><Data name="name"><value>Island Rapids</value></Data><Data name="waterway"><value>rapids</value></Data></ExtendedData><Point><coordinates>-120.8550592,45.4272147</coordinates></Point></Placemark><Placemark><name>Jet Pump Rapids</name><ExtendedData><Data name="@id"><value>node/1335324176</value></Data><Data name="name"><value>Jet Pump Rapids</value></Data><Data name="waterway"><value>rapids</value></Data></ExtendedData><Point><coordinates>-120.8378953,45.4757134</coordinates></Point></Placemark><Placemark><name>Harris Rapids</name><ExtendedData><Data name="@id"><value>node/1335324232</value></Data><Data name="name"><value>Harris Rapids</value></Data><Data name="waterway"><value>rapids</value></Data></ExtendedData><Point><coordinates>-120.8418618,45.5175042</coordinates></Point></Placemark><Placemark><name>Macks Canyon Rapids</name><ExtendedData><Data name="@id"><value>node/1335324295</value></Data><Data name="name"><value>Macks Canyon Rapids</value></Data><Data name="waterway"><value>rapids</value></Data></ExtendedData><Point><coordinates>-120.8691967,45.398838</coordinates></Point></Placemark><Placemark><name>Green Light Rapids</name><ExtendedData><Data name="@id"><value>node/1335324325</value></Data><Data name="name"><value>Green Light Rapids</value></Data><Data name="waterway"><value>rapids</value></Data></ExtendedData><Point><coordinates>-120.8453314,45.5186762</coordinates></Point></Placemark><Placemark><name>Bull Run Rapids</name><ExtendedData><Data name="@id"><value>node/1335324348</value></Data><Data name="name"><value>Bull Run Rapids</value></Data><Data name="waterway"><value>rapids</value></Data></ExtendedData><Point><coordinates>-120.8634782,45.4476788</coordinates></Point></Placemark><Placemark><ExtendedData><Data name="@id"><value>node/1337786769</value></Data><Data name="waterway"><value>rapids</value></Data></ExtendedData><Point><coordinates>-120.9200577,45.3501743</coordinates></Point></Placemark><Placemark><ExtendedData><Data name="@id"><value>node/1337786825</value></Data><Data name="waterway"><value>rapids</value></Data></ExtendedData><Point><coordinates>-120.9476045,45.331786</coordinates></Point></Placemark><Placemark><ExtendedData><Data name="@id"><value>node/1337786908</value></Data><Data name="waterway"><value>rapids</value></Data></ExtendedData><Point><coordinates>-121.0189443,45.2959842</coordinates></Point></Placemark><Placemark><ExtendedData><Data name="@id"><value>node/1337817239</value></Data><Data name="waterway"><value>rapids</value></Data></ExtendedData><Point><coordinates>-121.1313688,45.1113765</coordinates></Point></Placemark><Placemark><ExtendedData><Data name="@id"><value>node/1337817294</value></Data><Data name="waterway"><value>rapids</value></Data></ExtendedData><Point><coordinates>-121.1242972,45.1470279</coordinates></Point></Placemark><Placemark><ExtendedData><Data name="@id"><value>node/1337818246</value></Data><Data name="waterway"><value>rapids</value></Data></ExtendedData><Point><coordinates>-121.1212885,45.0478313</coordinates></Point></Placemark><Placemark><name>Four Chutes Rapids</name><ExtendedData><Data name="@id"><value>node/1337818297</value></Data><Data name="name"><value>Four Chutes Rapids</value></Data><Data name="rapids"><value>2</value></Data><Data name="waterway"><value>rapids</value></Data></ExtendedData><Point><coordinates>-121.1221898,45.0499536</coordinates></Point></Placemark><Placemark><name>Buckskin Mary Rapids</name><ExtendedData><Data name="@id"><value>node/1337818311</value></Data><Data name="name"><value>Buckskin Mary Rapids</value></Data><Data name="rapids"><value>3</value></Data><Data name="waterway"><value>rapids</value></Data></ExtendedData><Point><coordinates>-121.116453,45.0445894</coordinates></Point></Placemark><Placemark><ExtendedData><Data name="@id"><value>node/1337818324</value></Data><Data name="waterway"><value>rapids</value></Data></ExtendedData><Point><coordinates>-121.1205167,45.0522164</coordinates></Point></Placemark><Placemark><name>Pinball (III)</name><ExtendedData><Data name="@id"><value>node/1416166640</value></Data><Data name="name"><value>Pinball (III)</value></Data><Data name="rapids"><value>3</value></Data><Data name="waterway"><value>rapids</value></Data></ExtendedData><Point><coordinates>-84.3245681,36.8714779</coordinates></Point></Placemark><Placemark><ExtendedData><Data name="@id"><value>node/1427355820</value></Data><Data name="rapids"><value>2</value></Data><Data name="waterway"><value>rapids</value></Data></ExtendedData><Point><coordinates>-122.3851765,45.313729</coordinates></Point></Placemark><Placemark><name>Bedrock Rapids</name><ExtendedData><Data name="@id"><value>node/1429002323</value></Data><Data name="ele"><value>621</value></Data><Data name="gnis:feature_id"><value>1176</value></Data><Data name="name"><value>Bedrock Rapids</value></Data><Data name="waterway"><value>rapids</value></Data></ExtendedData><Point><coordinates>-112.4622628,36.3297522</coordinates></Point></Placemark><Placemark><ExtendedData><Data name="@id"><value>node/1429002353</value></Data><Data name="nhd-shp:com_id"><value>20715100</value></Data><Data name="waterway"><value>rapids</value></Data></ExtendedData><Point><coordinates>-113.327085,36.0776523</coordinates></Point></Placemark><Placemark><name>Forster Rapids</name><ExtendedData><Data name="@id"><value>node/1429002367</value></Data><Data name="ele"><value>632</value></Data><Data name="gnis:feature_id"><value>4739</value></Data><Data name="name"><value>Forster Rapids</value></Data><Data name="waterway"><value>rapids</value></Data></ExtendedData><Point><coordinates>-112.5185738,36.2467759</coordinates></Point></Placemark><Placemark><ExtendedData><Data name="@id"><value>node/1429002378</value></Data><Data name="ele"><value>0.0</value></Data><Data name="nhd-shp:com_id"><value>21400009</value></Data><Data name="nhd-shp:fdate"><value>Mon Nov 29 00:00:00 CET 1999</value></Data><Data name="source"><value>NHD</value></Data><Data name="waterway"><value>rapids</value></Data></ExtendedData><Point><coordinates>-113.5141673,35.7676643</coordinates></Point></Placemark><Placemark><ExtendedData><Data name="@id"><value>node/1429002477</value></Data><Data name="ele"><value>0.0</value></Data><Data name="nhd-shp:com_id"><value>21399951</value></Data><Data name="nhd-shp:fdate"><value>Mon Nov 29 00:00:00 CET 1999</value></Data><Data name="source"><value>NHD</value></Data><Data name="waterway"><value>rapids</value></Data></ExtendedData><Point><coordinates>-113.3278005,35.9312832</coordinates></Point></Placemark><Placemark><ExtendedData><Data name="@id"><value>node/1429002499</value></Data><Data name="ele"><value>0.0</value></Data><Data name="nhd-shp:com_id"><value>20715086</value></Data><Data name="nhd-shp:fdate"><value>Tue Nov 30 00:00:00 CET 1999</value></Data><Data name="source"><value>NHD</value></Data><Data name="waterway"><value>rapids</value></Data></ExtendedData><Point><coordinates>-113.2015066,36.120566</coordinates></Point></Placemark><Placemark><ExtendedData><Data name="@id"><value>node/1429002677</value></Data><Data name="ele"><value>0.0</value></Data><Data name="nhd-shp:com_id"><value>20715082</value></Data><Data name="nhd-shp:fdate"><value>Tue Nov 30 00:00:00 CET 1999</value></Data><Data name="source"><value>NHD</value></Data><Data name="waterway"><value>rapids</value></Data></ExtendedData><Point><coordinates>-113.1343859,36.1673935</coordinates></Point></Placemark><Placemark><name>Willies Necktie Rapids</name><ExtendedData><Data name="@id"><value>node/1429002715</value></Data><Data name="ele"><value>694</value></Data><Data name="gnis:feature_id"><value>24108</value></Data><Data name="name"><value>Willies Necktie Rapids</value></Data><Data name="waterway"><value>rapids</value></Data></ExtendedData><Point><coordinates>-112.2631609,36.1457451</coordinates></Point></Placemark><Placemark><ExtendedData><Data name="@id"><value>node/1486397385</value></Data><Data name="waterway"><value>rapids</value></Data></ExtendedData><Point><coordinates>-94.4746154,44.2905223</coordinates></Point></Placemark><Placemark><ExtendedData><Data name="@id"><value>node/1486397413</value></Data><Data name="waterway"><value>rapids</value></Data></ExtendedData><Point><coordinates>-94.4781969,44.2930689</coordinates></Point></Placemark><Placemark><name>29th Street Rapid</name><ExtendedData><Data name="@id"><value>node/1511546635</value></Data><Data name="name"><value>29th Street Rapid</value></Data><Data name="rapids"><value>1+</value></Data><Data name="waterway"><value>rapids</value></Data></ExtendedData><Point><coordinates>-108.5132062,39.0482415</coordinates></Point></Placemark><Placemark><ExtendedData><Data name="@id"><value>node/1579284158</value></Data><Data name="waterway"><value>rapids</value></Data></ExtendedData><Point><coordinates>-106.0476705,39.5014039</coordinates></Point></Placemark><Placemark><ExtendedData><Data name="@id"><value>node/1579284161</value></Data><Data name="waterway"><value>rapids</value></Data></ExtendedData><Point><coordinates>-106.047964,39.5019559</coordinates></Point></Placemark><Placemark><ExtendedData><Data name="@id"><value>node/1579284164</value></Data><Data name="waterway"><value>rapids</value></Data></ExtendedData><Point><coordinates>-106.0479516,39.502265</coordinates></Point></Placemark><Placemark><ExtendedData><Data name="@id"><value>node/1579284174</value></Data><Data name="waterway"><value>rapids</value></Data></ExtendedData><Point><coordinates>-106.0482913,39.5036217</coordinates></Point></Placemark><Placemark><ExtendedData><Data name="@id"><value>node/1579284182</value></Data><Data name="waterway"><value>rapids</value></Data></ExtendedData><Point><coordinates>-106.0483926,39.5048687</coordinates></Point></Placemark><Placemark><ExtendedData><Data name="@id"><value>node/1579284186</value></Data><Data name="waterway"><value>rapids</value></Data></ExtendedData><Point><coordinates>-106.0483518,39.505341</coordinates></Point></Placemark><Placemark><ExtendedData><Data name="@id"><value>node/1579284197</value></Data><Data name="waterway"><value>rapids</value></Data></ExtendedData><Point><coordinates>-106.0486212,39.5067733</coordinates></Point></Placemark><Placemark><ExtendedData><Data name="@id"><value>node/1579284218</value></Data><Data name="waterway"><value>rapids</value></Data></ExtendedData><Point><coordinates>-106.0491674,39.5096227</coordinates></Point></Placemark><Placemark><ExtendedData><Data name="@id"><value>node/1602946019</value></Data><Data name="waterway"><value>rapids</value></Data></ExtendedData><Point><coordinates>-69.8995847,46.1475268</coordinates></Point></Placemark><Placemark><name>Sawyer Rapids</name><ExtendedData><Data name="@id"><value>node/1609198205</value></Data><Data name="addr:state"><value>OR</value></Data><Data name="ele"><value>21</value></Data><Data name="gnis:feature_id"><value>1132949</value></Data><Data name="name"><value>Sawyer Rapids</value></Data><Data name="waterway"><value>rapids</value></Data></ExtendedData><Point><coordinates>-123.6569035,43.6820848</coordinates></Point></Placemark><Placemark><ExtendedData><Data name="@id"><value>node/1634778749</value></Data><Data name="waterway"><value>rapids</value></Data></ExtendedData><Point><coordinates>-121.0948491,45.2412556</coordinates></Point></Placemark><Placemark><ExtendedData><Data name="@id"><value>node/1640093554</value></Data><Data name="waterway"><value>rapids</value></Data></ExtendedData><Point><coordinates>-107.2843803,33.1020442</coordinates></Point></Placemark><Placemark><ExtendedData><Data name="@id"><value>node/1644597796</value></Data><Data name="waterway"><value>rapids</value></Data></ExtendedData><Point><coordinates>-100.9704917,42.793417</coordinates></Point></Placemark><Placemark><ExtendedData><Data name="@id"><value>node/1644604369</value></Data><Data name="waterway"><value>rapids</value></Data></ExtendedData><Point><coordinates>-100.1547993,42.8313399</coordinates></Point></Placemark><Placemark><ExtendedData><Data name="@id"><value>node/1657909341</value></Data><Data name="waterway"><value>rapids</value></Data></ExtendedData><Point><coordinates>-112.0037925,42.6183978</coordinates></Point></Placemark><Placemark><ExtendedData><Data name="@id"><value>node/1660491608</value></Data><Data name="waterway"><value>rapids</value></Data></ExtendedData><Point><coordinates>-110.1143245,39.1576003</coordinates></Point></Placemark><Placemark><name>Nefertiti</name><ExtendedData><Data name="@id"><value>node/1660491806</value></Data><Data name="name"><value>Nefertiti</value></Data><Data name="waterway"><value>rapids</value></Data></ExtendedData><Point><coordinates>-110.0801194,39.1932759</coordinates></Point></Placemark><Placemark><ExtendedData><Data name="@id"><value>node/1660491816</value></Data><Data name="waterway"><value>rapids</value></Data></ExtendedData><Point><coordinates>-110.0782102,39.1954812</coordinates></Point></Placemark><Placemark><ExtendedData><Data name="@id"><value>node/1660539429</value></Data><Data name="waterway"><value>rapids</value></Data></ExtendedData><Point><coordinates>-110.111072,39.1152628</coordinates></Point></Placemark><Placemark><ExtendedData><Data name="@id"><value>node/1660539505</value></Data><Data name="waterway"><value>rapids</value></Data></ExtendedData><Point><coordinates>-110.1124396,39.1285357</coordinates></Point></Placemark><Placemark><ExtendedData><Data name="@id"><value>node/1660539597</value></Data><Data name="waterway"><value>rapids</value></Data></ExtendedData><Point><coordinates>-110.1013145,39.1404503</coordinates></Point></Placemark><Placemark><ExtendedData><Data name="@id"><value>node/1660539698</value></Data><Data name="waterway"><value>rapids</value></Data></ExtendedData><Point><coordinates>-110.1140265,39.151517</coordinates></Point></Placemark><Placemark><name>Big Eddy</name><ExtendedData><Data name="@id"><value>node/1691519481</value></Data><Data name="ele"><value>169</value></Data><Data name="gnis:feature_id"><value>1158124</value></Data><Data name="name"><value>Big Eddy</value></Data><Data name="waterway"><value>rapids</value></Data></ExtendedData><Point><coordinates>-120.495959,45.464749</coordinates></Point></Placemark><Placemark><ExtendedData><Data name="@id"><value>node/1754283790</value></Data><Data name="source"><value>EsriWorldImageryClarity</value></Data><Data name="waterway"><value>rapids</value></Data></ExtendedData><Point><coordinates>-80.0323252,39.9776492</coordinates></Point></Placemark><Placemark><ExtendedData><Data name="@id"><value>node/1836812386</value></Data><Data name="waterway"><value>rapids</value></Data></ExtendedData><Point><coordinates>-118.5002222,34.1794105</coordinates></Point></Placemark><Placemark><ExtendedData><Data name="@id"><value>node/1836812397</value></Data><Data name="waterway"><value>rapids</value></Data></ExtendedData><Point><coordinates>-118.5051628,34.1814423</coordinates></Point></Placemark><Placemark><name>Kipps Rapids</name><ExtendedData><Data name="@id"><value>node/1950015612</value></Data><Data name="name"><value>Kipps Rapids</value></Data><Data name="waterway"><value>rapids</value></Data></ExtendedData><Point><coordinates>-110.0725517,47.8594249</coordinates></Point></Placemark><Placemark><name>Diving Board Rapids</name><ExtendedData><Data name="@id"><value>node/1954537534</value></Data><Data name="name"><value>Diving Board Rapids</value></Data><Data name="waterway"><value>rapids</value></Data></ExtendedData><Point><coordinates>-109.3668897,40.8972928</coordinates></Point></Placemark><Placemark><name>Little Steamboat Rapids</name><ExtendedData><Data name="@id"><value>node/1954537561</value></Data><Data name="name"><value>Little Steamboat Rapids</value></Data><Data name="waterway"><value>rapids</value></Data></ExtendedData><Point><coordinates>-109.3939331,40.8994384</coordinates></Point></Placemark><Placemark><name>Mother-In-Law Rapids</name><ExtendedData><Data name="@id"><value>node/1954537569</value></Data><Data name="name"><value>Mother-In-Law Rapids</value></Data><Data name="waterway"><value>rapids</value></Data></ExtendedData><Point><coordinates>-109.3535883,40.9001716</coordinates></Point></Placemark><Placemark><name>Anticipation Rapids</name><ExtendedData><Data name="@id"><value>node/1954537572</value></Data><Data name="name"><value>Anticipation Rapids</value></Data><Data name="waterway"><value>rapids</value></Data></ExtendedData><Point><coordinates>-109.3973633,40.9006337</coordinates></Point></Placemark><Placemark><name>Bridge Rapids</name><ExtendedData><Data name="@id"><value>node/1954537581</value></Data><Data name="name"><value>Bridge Rapids</value></Data><Data name="waterway"><value>rapids</value></Data></ExtendedData><Point><coordinates>-109.3854984,40.9019996</coordinates></Point></Placemark><Placemark><name>Roller Coaster Rapids</name><ExtendedData><Data name="@id"><value>node/1954537600</value></Data><Data name="name"><value>Roller Coaster Rapids</value></Data><Data name="waterway"><value>rapids</value></Data></ExtendedData><Point><coordinates>-109.3787696,40.9040154</coordinates></Point></Placemark><Placemark><name>Deadman Rapids</name><ExtendedData><Data name="@id"><value>node/1954537603</value></Data><Data name="name"><value>Deadman Rapids</value></Data><Data name="waterway"><value>rapids</value></Data></ExtendedData><Point><coordinates>-109.3466988,40.9047999</coordinates></Point></Placemark><Placemark><name>Dripping Springs Rapids</name><ExtendedData><Data name="@id"><value>node/1954537652</value></Data><Data name="name"><value>Dripping Springs Rapids</value></Data><Data name="waterway"><value>rapids</value></Data></ExtendedData><Point><coordinates>-109.3388559,40.9110386</coordinates></Point></Placemark><Placemark><ExtendedData><Data name="@id"><value>node/2004520597</value></Data><Data name="waterway"><value>rapids</value></Data></ExtendedData><Point><coordinates>-112.7568386,47.6070809</coordinates></Point></Placemark><Placemark><name>Boiling Pots</name><ExtendedData><Data name="@id"><value>node/2065645542</value></Data><Data name="name"><value>Boiling Pots</value></Data><Data name="tourism"><value>attraction</value></Data><Data name="waterway"><value>rapids</value></Data></ExtendedData><Point><coordinates>-155.1305636,19.7153925</coordinates></Point></Placemark><Placemark><ExtendedData><Data name="@id"><value>node/2078188232</value></Data><Data name="waterway"><value>rapids</value></Data></ExtendedData><Point><coordinates>-87.7050987,41.9740428</coordinates></Point></Placemark><Placemark><ExtendedData><Data name="@id"><value>node/2125473113</value></Data><Data name="mapillary"><value>351025086360196</value></Data><Data name="waterway"><value>rapids</value></Data></ExtendedData><Point><coordinates>-84.7127333,44.6597761</coordinates></Point></Placemark><Placemark><name>Indian Pitch</name><ExtendedData><Data name="@id"><value>node/2138792100</value></Data><Data name="ele"><value>238</value></Data><Data name="gnis:feature_id"><value>568585</value></Data><Data name="name"><value>Indian Pitch</value></Data><Data name="waterway"><value>rapids</value></Data></ExtendedData><Point><coordinates>-69.0330458,45.8600944</coordinates></Point></Placemark><Placemark><ExtendedData><Data name="@id"><value>node/2188055061</value></Data><Data name="source"><value>EsriWorldImageryClarity</value></Data><Data name="waterway"><value>rapids</value></Data></ExtendedData><Point><coordinates>-78.5788561,37.7569845</coordinates></Point></Placemark><Placemark><ExtendedData><Data name="@id"><value>node/2192864839</value></Data><Data name="waterway"><value>rapids</value></Data></ExtendedData><Point><coordinates>-123.886925,44.051569</coordinates></Point></Placemark><Placemark><name>Davis Rapids</name><ExtendedData><Data name="@id"><value>node/2192865161</value></Data><Data name="addr:state"><value>OR</value></Data><Data name="ele"><value>13</value></Data><Data name="gnis:feature_id"><value>1639234</value></Data><Data name="name"><value>Davis Rapids</value></Data><Data name="waterway"><value>rapids</value></Data></ExtendedData><Point><coordinates>-123.8558613,44.0733355</coordinates></Point></Placemark><Placemark><ExtendedData><Data name="@id"><value>node/2222844031</value></Data><Data name="waterway"><value>rapids</value></Data></ExtendedData><Point><coordinates>-114.7081178,42.6680379</coordinates></Point></Placemark><Placemark><name>Kanaka Rapids</name><ExtendedData><Data name="@id"><value>node/2229170502</value></Data><Data name="ele"><value>882</value></Data><Data name="gnis:feature_id"><value>373379</value></Data><Data name="name"><value>Kanaka Rapids</value></Data><Data name="waterway"><value>rapids</value></Data></ExtendedData><Point><coordinates>-114.8032073,42.6645998</coordinates></Point></Placemark><Placemark><ExtendedData><Data name="@id"><value>node/2229171431</value></Data><Data name="waterway"><value>rapids</value></Data></ExtendedData><Point><coordinates>-114.7586648,42.6714345</coordinates></Point></Placemark><Placemark><ExtendedData><Data name="@id"><value>node/2296155460</value></Data><Data name="waterway"><value>rapids</value></Data></ExtendedData><Point><coordinates>-84.3046673,37.0363175</coordinates></Point></Placemark><Placemark><ExtendedData><Data name="@id"><value>node/2296155505</value></Data><Data name="waterway"><value>rapids</value></Data></ExtendedData><Point><coordinates>-84.3031476,37.0398409</coordinates></Point></Placemark><Placemark><name>Beach Narrows</name><ExtendedData><Data name="@id"><value>node/2296155548</value></Data><Data name="name"><value>Beach Narrows</value></Data><Data name="waterway"><value>rapids</value></Data></ExtendedData><Point><coordinates>-84.3177505,37.042343</coordinates></Point></Placemark><Placemark><name>Jaws I Rapids</name><ExtendedData><Data name="@id"><value>node/2299433101</value></Data><Data name="name"><value>Jaws I Rapids</value></Data><Data name="waterway"><value>rapids</value></Data></ExtendedData><Point><coordinates>-116.1116623,44.1494005</coordinates></Point></Placemark><Placemark><name>Screaming Left Turn Rapids</name><ExtendedData><Data name="@id"><value>node/2299433123</value></Data><Data name="name"><value>Screaming Left Turn Rapids</value></Data><Data name="waterway"><value>rapids</value></Data></ExtendedData><Point><coordinates>-116.1169483,44.1543017</coordinates></Point></Placemark><Placemark><name>Jacob's Ladder Rapids</name><ExtendedData><Data name="@id"><value>node/2299433159</value></Data><Data name="name"><value>Jacob's Ladder Rapids</value></Data><Data name="waterway"><value>rapids</value></Data></ExtendedData><Point><coordinates>-116.1194939,44.1739093</coordinates></Point></Placemark><Placemark><name>Pectoralis Major Rapids</name><ExtendedData><Data name="@id"><value>node/2299433184</value></Data><Data name="name"><value>Pectoralis Major Rapids</value></Data><Data name="waterway"><value>rapids</value></Data></ExtendedData><Point><coordinates>-116.1141459,44.1882833</coordinates></Point></Placemark><Placemark><name>Bouncer Down The Middle Rapids</name><ExtendedData><Data name="@id"><value>node/2299433200</value></Data><Data name="name"><value>Bouncer Down The Middle Rapids</value></Data><Data name="waterway"><value>rapids</value></Data></ExtendedData><Point><coordinates>-116.1128075,44.1960504</coordinates></Point></Placemark><Placemark><name>Chaos Rapids</name><ExtendedData><Data name="@id"><value>node/2299433209</value></Data><Data name="name"><value>Chaos Rapids</value></Data><Data name="waterway"><value>rapids</value></Data></ExtendedData><Point><coordinates>-116.1113928,44.1998015</coordinates></Point></Placemark><Placemark><name>Bad Jose Rapids</name><ExtendedData><Data name="@id"><value>node/2299433218</value></Data><Data name="name"><value>Bad Jose Rapids</value></Data><Data name="waterway"><value>rapids</value></Data></ExtendedData><Point><coordinates>-116.1089586,44.2047211</coordinates></Point></Placemark><Placemark><name>Slide Rapids</name><ExtendedData><Data name="@id"><value>node/2299433227</value></Data><Data name="name"><value>Slide Rapids</value></Data><Data name="waterway"><value>rapids</value></Data></ExtendedData><Point><coordinates>-116.1067939,44.2096885</coordinates></Point></Placemark><Placemark><name>S-Turn Rapids</name><ExtendedData><Data name="@id"><value>node/2299433266</value></Data><Data name="name"><value>S-Turn Rapids</value></Data><Data name="waterway"><value>rapids</value></Data></ExtendedData><Point><coordinates>-116.1051411,44.2242601</coordinates></Point></Placemark><Placemark><name>Disneyland Rapids</name><ExtendedData><Data name="@id"><value>node/2299433358</value></Data><Data name="name"><value>Disneyland Rapids</value></Data><Data name="waterway"><value>rapids</value></Data></ExtendedData><Point><coordinates>-116.0961185,44.2453692</coordinates></Point></Placemark><Placemark><name>Nutcracker Rapids</name><ExtendedData><Data name="@id"><value>node/2299433389</value></Data><Data name="name"><value>Nutcracker Rapids</value></Data><Data name="waterway"><value>rapids</value></Data></ExtendedData><Point><coordinates>-116.084163,44.2546277</coordinates></Point></Placemark><Placemark><name>Steepness Rapids</name><ExtendedData><Data name="@id"><value>node/2299433415</value></Data><Data name="name"><value>Steepness Rapids</value></Data><Data name="waterway"><value>rapids</value></Data></ExtendedData><Point><coordinates>-116.0780326,44.2621802</coordinates></Point></Placemark><Placemark><name>Francois Rapids</name><ExtendedData><Data name="@id"><value>node/2299433667</value></Data><Data name="name"><value>Francois Rapids</value></Data><Data name="waterway"><value>rapids</value></Data></ExtendedData><Point><coordinates>-116.0697196,44.314408</coordinates></Point></Placemark><Placemark><name>Smoothie Surf Wave</name><ExtendedData><Data name="@id"><value>node/2299433688</value></Data><Data name="name"><value>Smoothie Surf Wave</value></Data><Data name="waterway"><value>rapids</value></Data></ExtendedData><Point><coordinates>-116.0601144,44.3223582</coordinates></Point></Placemark><Placemark><name>Trestle Rapids</name><ExtendedData><Data name="@id"><value>node/2299433872</value></Data><Data name="name"><value>Trestle Rapids</value></Data><Data name="waterway"><value>rapids</value></Data></ExtendedData><Point><coordinates>-116.043277,44.3810579</coordinates></Point></Placemark><Placemark><ExtendedData><Data name="@id"><value>node/2302905034</value></Data><Data name="waterway"><value>rapids</value></Data></ExtendedData><Point><coordinates>-84.5405464,36.6534282</coordinates></Point></Placemark><Placemark><ExtendedData><Data name="@id"><value>node/2302905090</value></Data><Data name="waterway"><value>rapids</value></Data></ExtendedData><Point><coordinates>-84.5304259,36.665643</coordinates></Point></Placemark><Placemark><ExtendedData><Data name="@id"><value>node/2302905138</value></Data><Data name="waterway"><value>rapids</value></Data></ExtendedData><Point><coordinates>-84.539617,36.6708675</coordinates></Point></Placemark><Placemark><name>Moosehead Rapids</name><ExtendedData><Data name="@id"><value>node/2305726926</value></Data><Data name="name"><value>Moosehead Rapids</value></Data><Data name="source:name"><value>USGS Topo</value></Data><Data name="waterway"><value>rapids</value></Data></ExtendedData><Point><coordinates>-151.2135359,60.3007712</coordinates></Point></Placemark><Placemark><name>Silver Salmon Rapids</name><ExtendedData><Data name="@id"><value>node/2305732546</value></Data><Data name="name"><value>Silver Salmon Rapids</value></Data><Data name="source:name"><value>USGS Topo</value></Data><Data name="waterway"><value>rapids</value></Data></ExtendedData><Point><coordinates>-151.2120019,60.2760347</coordinates></Point></Placemark><Placemark><name>Grave Creek Falls</name><ExtendedData><Data name="@id"><value>node/2313727654</value></Data><Data name="name"><value>Grave Creek Falls</value></Data><Data name="rapids"><value>3</value></Data><Data name="waterway"><value>rapids</value></Data></ExtendedData><Point><coordinates>-123.5903295,42.6503021</coordinates></Point></Placemark><Placemark><name>Camp Rips</name><ExtendedData><Data name="@id"><value>node/2318277432</value></Data><Data name="ele"><value>18</value></Data><Data name="gnis:feature_id"><value>563413</value></Data><Data name="name"><value>Camp Rips</value></Data><Data name="waterway"><value>rapids</value></Data></ExtendedData><Point><coordinates>-67.2674628,44.9008499</coordinates></Point></Placemark><Placemark><ExtendedData><Data name="@id"><value>node/2325470238</value></Data><Data name="waterway"><value>rapids</value></Data></ExtendedData><Point><coordinates>-85.9807673,41.6963125</coordinates></Point></Placemark><Placemark><name>The Sinks</name><ExtendedData><Data name="@id"><value>node/2330052759</value></Data><Data name="name"><value>The Sinks</value></Data><Data name="official_name"><value>The Sinks</value></Data><Data name="source"><value>NPS</value></Data><Data name="waterway"><value>rapids</value></Data></ExtendedData><Point><coordinates>-83.6623985,35.6692228</coordinates></Point></Placemark><Placemark><ExtendedData><Data name="@id"><value>node/2383411660</value></Data><Data name="source"><value>Bing</value></Data><Data name="waterway"><value>rapids</value></Data></ExtendedData><Point><coordinates>-104.870619,37.1359509</coordinates></Point></Placemark><Placemark><ExtendedData><Data name="@id"><value>node/2383411950</value></Data><Data name="source"><value>Bing</value></Data><Data name="waterway"><value>rapids</value></Data></ExtendedData><Point><coordinates>-104.8730179,37.1365237</coordinates></Point></Placemark><Placemark><name>Air Matress</name><ExtendedData><Data name="@id"><value>node/2515975930</value></Data><Data name="name"><value>Air Matress</value></Data><Data name="rapids"><value>3+</value></Data><Data name="waterway"><value>rapids</value></Data></ExtendedData><Point><coordinates>-120.6495749,37.8369967</coordinates></Point></Placemark><Placemark><name>Haunted House</name><ExtendedData><Data name="@id"><value>node/2515975956</value></Data><Data name="fixme"><value>Verify location</value></Data><Data name="name"><value>Haunted House</value></Data><Data name="rapids"><value>4+</value></Data><Data name="waterway"><value>rapids</value></Data></ExtendedData><Point><coordinates>-120.637841,37.851196</coordinates></Point></Placemark><Placemark><name>Laundry Chute</name><ExtendedData><Data name="@id"><value>node/2515975986</value></Data><Data name="fixme"><value>Verify location</value></Data><Data name="name"><value>Laundry Chute</value></Data><Data name="rapids"><value>3</value></Data><Data name="waterway"><value>rapids</value></Data></ExtendedData><Point><coordinates>-120.6349666,37.8592044</coordinates></Point></Placemark><Placemark><name>Lower Pinball</name><ExtendedData><Data name="@id"><value>node/2515976007</value></Data><Data name="fixme"><value>Verify location</value></Data><Data name="name"><value>Lower Pinball</value></Data><Data name="rapids"><value>3+</value></Data><Data name="waterway"><value>rapids</value></Data></ExtendedData><Point><coordinates>-120.6372528,37.8540728</coordinates></Point></Placemark><Placemark><name>Matterhorn</name><ExtendedData><Data name="@id"><value>node/2515976020</value></Data><Data name="fixme"><value>Verify location</value></Data><Data name="name"><value>Matterhorn</value></Data><Data name="rapids"><value>5+</value></Data><Data name="waterway"><value>rapids</value></Data></ExtendedData><Point><coordinates>-120.6359685,37.8560623</coordinates></Point></Placemark><Placemark><name>Mr. Toad's Wild Ride</name><ExtendedData><Data name="@id"><value>node/2515976048</value></Data><Data name="fixme"><value>Verify location</value></Data><Data name="name"><value>Mr. Toad's Wild Ride</value></Data><Data name="rapids"><value>4+</value></Data><Data name="waterway"><value>rapids</value></Data></ExtendedData><Point><coordinates>-120.6358472,37.8578695</coordinates></Point></Placemark><Placemark><name>Rafting Put-In</name><ExtendedData><Data name="@id"><value>node/2515976074</value></Data><Data name="name"><value>Rafting Put-In</value></Data><Data name="waterway"><value>rapids</value></Data><Data name="whitewater"><value>egress;put_in</value></Data></ExtendedData><Point><coordinates>-120.6628537,37.8200794</coordinates></Point></Placemark><Placemark><name>Surf City</name><ExtendedData><Data name="@id"><value>node/2515976111</value></Data><Data name="fixme"><value>Verify location</value></Data><Data name="name"><value>Surf City</value></Data><Data name="rapids"><value>3</value></Data><Data name="waterway"><value>rapids</value></Data></ExtendedData><Point><coordinates>-120.6351063,37.8588829</coordinates></Point></Placemark><Placemark><name>The Narrows</name><ExtendedData><Data name="@id"><value>node/2515976112</value></Data><Data name="name"><value>The Narrows</value></Data><Data name="rapids"><value>2</value></Data><Data name="waterway"><value>rapids</value></Data></ExtendedData><Point><coordinates>-120.647043,37.8384304</coordinates></Point></Placemark><Placemark><name>The Shallows</name><ExtendedData><Data name="@id"><value>node/2515976113</value></Data><Data name="name"><value>The Shallows</value></Data><Data name="rapids"><value>2+</value></Data><Data name="waterway"><value>rapids</value></Data></ExtendedData><Point><coordinates>-120.6554911,37.8254167</coordinates></Point></Placemark><Placemark><name>Upper Pinball</name><ExtendedData><Data name="@id"><value>node/2515976139</value></Data><Data name="fixme"><value>Verify location</value></Data><Data name="name"><value>Upper Pinball</value></Data><Data name="rapids"><value>3+</value></Data><Data name="waterway"><value>rapids</value></Data></ExtendedData><Point><coordinates>-120.6370072,37.8549255</coordinates></Point></Placemark><Placemark><name>Willow Rapid</name><ExtendedData><Data name="@id"><value>node/2515976202</value></Data><Data name="fixme"><value>Verify location</value></Data><Data name="name"><value>Willow Rapid</value></Data><Data name="rapids"><value>3</value></Data><Data name="waterway"><value>rapids</value></Data></ExtendedData><Point><coordinates>-120.6356511,37.8564383</coordinates></Point></Placemark><Placemark><ExtendedData><Data name="@id"><value>node/2525220004</value></Data><Data name="waterway"><value>rapids</value></Data></ExtendedData><Point><coordinates>-116.4062345,43.278302</coordinates></Point></Placemark><Placemark><name>Artillery</name><ExtendedData><Data name="@id"><value>node/2528914251</value></Data><Data name="name"><value>Artillery</value></Data><Data name="rapids"><value>3</value></Data><Data name="waterway"><value>rapids</value></Data></ExtendedData><Point><coordinates>-117.6978581,43.031947</coordinates></Point></Placemark><Placemark><name>Dog Leg</name><ExtendedData><Data name="@id"><value>node/2528914367</value></Data><Data name="name"><value>Dog Leg</value></Data><Data name="rapids"><value>3</value></Data><Data name="waterway"><value>rapids</value></Data></ExtendedData><Point><coordinates>-117.7201827,43.1118979</coordinates></Point></Placemark><Placemark><name>Whistling Bird</name><ExtendedData><Data name="@id"><value>node/2528914389</value></Data><Data name="name"><value>Whistling Bird</value></Data><Data name="rapids"><value>4</value></Data><Data name="waterway"><value>rapids</value></Data></ExtendedData><Point><coordinates>-117.7000539,43.134132</coordinates></Point></Placemark><Placemark><name>Rock Trap</name><ExtendedData><Data name="@id"><value>node/2528914409</value></Data><Data name="name"><value>Rock Trap</value></Data><Data name="rapids"><value>3</value></Data><Data name="waterway"><value>rapids</value></Data></ExtendedData><Point><coordinates>-117.6809121,43.1397006</coordinates></Point></Placemark><Placemark><name>Squeeze</name><ExtendedData><Data name="@id"><value>node/2528914426</value></Data><Data name="name"><value>Squeeze</value></Data><Data name="rapids"><value>3</value></Data><Data name="waterway"><value>rapids</value></Data></ExtendedData><Point><coordinates>-117.6623066,43.1410719</coordinates></Point></Placemark><Placemark><name>Montgomery</name><ExtendedData><Data name="@id"><value>node/2528914430</value></Data><Data name="name"><value>Montgomery</value></Data><Data name="rapids"><value>4</value></Data><Data name="waterway"><value>rapids</value></Data></ExtendedData><Point><coordinates>-117.6639158,43.1442512</coordinates></Point></Placemark><Placemark><name>Tanager</name><ExtendedData><Data name="@id"><value>node/2528914480</value></Data><Data name="name"><value>Tanager</value></Data><Data name="rapids"><value>3</value></Data><Data name="waterway"><value>rapids</value></Data></ExtendedData><Point><coordinates>-117.6578303,43.1847968</coordinates></Point></Placemark><Placemark><name>Nuisance</name><ExtendedData><Data name="@id"><value>node/2528914543</value></Data><Data name="name"><value>Nuisance</value></Data><Data name="rapids"><value>4</value></Data><Data name="waterway"><value>rapids</value></Data></ExtendedData><Point><coordinates>-117.6329502,43.2029781</coordinates></Point></Placemark><Placemark><name>The Ledge</name><ExtendedData><Data name="@id"><value>node/2565798297</value></Data><Data name="name"><value>The Ledge</value></Data><Data name="rapids"><value>4</value></Data><Data name="waterway"><value>rapids</value></Data></ExtendedData><Point><coordinates>-117.1853373,42.5612432</coordinates></Point></Placemark><Placemark><ExtendedData><Data name="@id"><value>node/2572400777</value></Data><Data name="waterway"><value>rapids</value></Data></ExtendedData><Point><coordinates>-93.3539219,36.0258054</coordinates></Point></Placemark><Placemark><ExtendedData><Data name="@id"><value>node/2572400812</value></Data><Data name="waterway"><value>rapids</value></Data></ExtendedData><Point><coordinates>-93.3447233,36.0323844</coordinates></Point></Placemark><Placemark><ExtendedData><Data name="@id"><value>node/2572400847</value></Data><Data name="waterway"><value>rapids</value></Data></ExtendedData><Point><coordinates>-93.3478877,36.0376563</coordinates></Point></Placemark><Placemark><ExtendedData><Data name="@id"><value>node/2572400870</value></Data><Data name="waterway"><value>rapids</value></Data></ExtendedData><Point><coordinates>-93.3328612,36.0416165</coordinates></Point></Placemark><Placemark><ExtendedData><Data name="@id"><value>node/2572400898</value></Data><Data name="waterway"><value>rapids</value></Data></ExtendedData><Point><coordinates>-93.3447292,36.0428816</coordinates></Point></Placemark><Placemark><ExtendedData><Data name="@id"><value>node/2572400927</value></Data><Data name="waterway"><value>rapids</value></Data></ExtendedData><Point><coordinates>-93.3368877,36.0470229</coordinates></Point></Placemark><Placemark><ExtendedData><Data name="@id"><value>node/2577199359</value></Data><Data name="waterway"><value>rapids</value></Data></ExtendedData><Point><coordinates>-122.4833023,45.0148629</coordinates></Point></Placemark><Placemark><ExtendedData><Data name="@id"><value>node/2577199361</value></Data><Data name="waterway"><value>rapids</value></Data></ExtendedData><Point><coordinates>-122.4828621,45.0151321</coordinates></Point></Placemark><Placemark><name>Free Bridge Rapids</name><ExtendedData><Data name="@id"><value>node/2584300909</value></Data><Data name="name"><value>Free Bridge Rapids</value></Data><Data name="waterway"><value>rapids</value></Data></ExtendedData><Point><coordinates>-120.8988473,45.5445543</coordinates></Point></Placemark><Placemark><name>Tombstone Rapids</name><ExtendedData><Data name="@id"><value>node/2608449925</value></Data><Data name="name"><value>Tombstone Rapids</value></Data><Data name="waterway"><value>rapids</value></Data></ExtendedData><Point><coordinates>-116.3103722,42.1090995</coordinates></Point></Placemark><Placemark><name>Raft Bridge Rapids</name><ExtendedData><Data name="@id"><value>node/2608450278</value></Data><Data name="name"><value>Raft Bridge Rapids</value></Data><Data name="waterway"><value>rapids</value></Data></ExtendedData><Point><coordinates>-116.5030544,42.171837</coordinates></Point></Placemark><Placemark><name>Sidewinder Rapids</name><ExtendedData><Data name="@id"><value>node/2608450279</value></Data><Data name="name"><value>Sidewinder Rapids</value></Data><Data name="waterway"><value>rapids</value></Data></ExtendedData><Point><coordinates>-116.5023276,42.1738878</coordinates></Point></Placemark><Placemark><name>Heartbreak Hotel Rapids</name><ExtendedData><Data name="@id"><value>node/2608450294</value></Data><Data name="name"><value>Heartbreak Hotel Rapids</value></Data><Data name="waterway"><value>rapids</value></Data></ExtendedData><Point><coordinates>-116.5033269,42.1821181</coordinates></Point></Placemark><Placemark><name>Heaven's Widow Rapids</name><ExtendedData><Data name="@id"><value>node/2608467313</value></Data><Data name="name"><value>Heaven's Widow Rapids</value></Data><Data name="waterway"><value>rapids</value></Data></ExtendedData><Point><coordinates>-116.8216822,42.2923862</coordinates></Point></Placemark><Placemark><ExtendedData><Data name="@id"><value>node/2608469293</value></Data><Data name="rapids"><value>3</value></Data><Data name="waterway"><value>rapids</value></Data></ExtendedData><Point><coordinates>-117.0563828,42.3668268</coordinates></Point></Placemark><Placemark><ExtendedData><Data name="@id"><value>node/2608469297</value></Data><Data name="rapids"><value>3</value></Data><Data name="waterway"><value>rapids</value></Data></ExtendedData><Point><coordinates>-117.0642631,42.370399</coordinates></Point></Placemark><Placemark><name>Cable Rapids</name><ExtendedData><Data name="@id"><value>node/2608469312</value></Data><Data name="name"><value>Cable Rapids</value></Data><Data name="rapids"><value>5</value></Data><Data name="waterway"><value>rapids</value></Data></ExtendedData><Point><coordinates>-117.0841233,42.3807994</coordinates></Point></Placemark><Placemark><name>Long Sweetwater</name><ExtendedData><Data name="@id"><value>node/2612087235</value></Data><Data name="name"><value>Long Sweetwater</value></Data><Data name="rapids"><value>3</value></Data><Data name="waterway"><value>rapids</value></Data></ExtendedData><Point><coordinates>-117.7051903,42.9375536</coordinates></Point></Placemark><Placemark><name>Upset</name><ExtendedData><Data name="@id"><value>node/2612087244</value></Data><Data name="name"><value>Upset</value></Data><Data name="rapids"><value>3</value></Data><Data name="waterway"><value>rapids</value></Data></ExtendedData><Point><coordinates>-117.7063647,42.9499341</coordinates></Point></Placemark><Placemark><name>Bulls Eye</name><ExtendedData><Data name="@id"><value>node/2612087245</value></Data><Data name="name"><value>Bulls Eye</value></Data><Data name="rapids"><value>4</value></Data><Data name="waterway"><value>rapids</value></Data></ExtendedData><Point><coordinates>-117.717651,42.9505832</coordinates></Point></Placemark><Placemark><ExtendedData><Data name="@id"><value>node/2663795555</value></Data><Data name="waterway"><value>rapids</value></Data></ExtendedData><Point><coordinates>-120.8228053,38.7657475</coordinates></Point></Placemark><Placemark><name>Chapman Creek Rapids</name><ExtendedData><Data name="@id"><value>node/2681419885</value></Data><Data name="name"><value>Chapman Creek Rapids</value></Data><Data name="waterway"><value>rapids</value></Data></ExtendedData><Point><coordinates>-115.314715,44.1366661</coordinates></Point></Placemark><Placemark><ExtendedData><Data name="@id"><value>node/2694629705</value></Data><Data name="waterway"><value>rapids</value></Data></ExtendedData><Point><coordinates>-81.0309261,38.0382377</coordinates></Point></Placemark><Placemark><ExtendedData><Data name="@id"><value>node/2694629865</value></Data><Data name="waterway"><value>rapids</value></Data></ExtendedData><Point><coordinates>-81.046112,38.0507539</coordinates></Point></Placemark><Placemark><ExtendedData><Data name="@id"><value>node/2697139175</value></Data><Data name="waterway"><value>rapids</value></Data></ExtendedData><Point><coordinates>-69.907057,46.0667795</coordinates></Point></Placemark><Placemark><name>Upper Potter's Falls</name><ExtendedData><Data name="@id"><value>node/2698107934</value></Data><Data name="name"><value>Upper Potter's Falls</value></Data><Data name="natural"><value>yes</value></Data><Data name="waterway"><value>rapids</value></Data></ExtendedData><Point><coordinates>-84.5763876,36.0820929</coordinates></Point></Placemark><Placemark><name>Canyon Rapids</name><ExtendedData><Data name="@id"><value>node/2699639380</value></Data><Data name="name"><value>Canyon Rapids</value></Data><Data name="waterway"><value>rapids</value></Data></ExtendedData><Point><coordinates>-145.5863561,62.7179294</coordinates></Point></Placemark><Placemark><name>Chipmunk Rapids</name><ExtendedData><Data name="@id"><value>node/2887316632</value></Data><Data name="ele"><value>442</value></Data><Data name="gnis:feature_id"><value>1578993</value></Data><Data name="name"><value>Chipmunk Rapids</value></Data><Data name="waterway"><value>rapids</value></Data></ExtendedData><Point><coordinates>-88.5696195,45.8948404</coordinates></Point></Placemark><Placemark><ExtendedData><Data name="@id"><value>node/2938353843</value></Data><Data name="rapids"><value>3</value></Data><Data name="waterway"><value>rapids</value></Data></ExtendedData><Point><coordinates>-84.2259569,34.4623566</coordinates></Point></Placemark><Placemark><name>Montgomery Rapids</name><ExtendedData><Data name="@id"><value>node/3052797964</value></Data><Data name="addr:state"><value>OR</value></Data><Data name="ele"><value>171</value></Data><Data name="gnis:feature_id"><value>1132091</value></Data><Data name="name"><value>Montgomery Rapids</value></Data><Data name="waterway"><value>rapids</value></Data></ExtendedData><Point><coordinates>-123.6797015,42.6504715</coordinates></Point></Placemark><Placemark><name>Grave Creek Rapid</name><ExtendedData><Data name="@id"><value>node/3052797969</value></Data><Data name="ele"><value>187</value></Data><Data name="name"><value>Grave Creek Rapid</value></Data><Data name="rapids"><value>3</value></Data><Data name="waterway"><value>rapids</value></Data></ExtendedData><Point><coordinates>-123.587978,42.6504166</coordinates></Point></Placemark><Placemark><name>Payton Riffle</name><ExtendedData><Data name="@id"><value>node/3052797976</value></Data><Data name="ele"><value>55</value></Data><Data name="gnis:feature_id"><value>1155741</value></Data><Data name="name"><value>Payton Riffle</value></Data><Data name="waterway"><value>rapids</value></Data></ExtendedData><Point><coordinates>-124.0128877,42.651288</coordinates></Point></Placemark><Placemark><name>Plowshare Rapids</name><ExtendedData><Data name="@id"><value>node/3052797978</value></Data><Data name="addr:state"><value>OR</value></Data><Data name="ele"><value>155</value></Data><Data name="gnis:feature_id"><value>1133738</value></Data><Data name="name"><value>Plowshare Rapids</value></Data><Data name="waterway"><value>rapids</value></Data></ExtendedData><Point><coordinates>-123.7152823,42.6515134</coordinates></Point></Placemark><Placemark><name>Windy Creek Chute</name><ExtendedData><Data name="@id"><value>node/3052797987</value></Data><Data name="ele"><value>154</value></Data><Data name="gnis:feature_id"><value>1637952</value></Data><Data name="name"><value>Windy Creek Chute</value></Data><Data name="waterway"><value>rapids</value></Data></ExtendedData><Point><coordinates>-123.7227251,42.6526839</coordinates></Point></Placemark><Placemark><name>Lower Black Bar Falls</name><ExtendedData><Data name="@id"><value>node/3052797992</value></Data><Data name="name"><value>Lower Black Bar Falls</value></Data><Data name="waterway"><value>rapids</value></Data></ExtendedData><Point><coordinates>-123.7305053,42.6530333</coordinates></Point></Placemark><Placemark><name>China Gulch Rapids</name><ExtendedData><Data name="@id"><value>node/3052797993</value></Data><Data name="addr:state"><value>OR</value></Data><Data name="ele"><value>180</value></Data><Data name="gnis:feature_id"><value>1133743</value></Data><Data name="name"><value>China Gulch Rapids</value></Data><Data name="waterway"><value>rapids</value></Data></ExtendedData><Point><coordinates>-123.621635,42.6530796</coordinates></Point></Placemark><Placemark><name>Russian Rapids</name><ExtendedData><Data name="@id"><value>node/3052797999</value></Data><Data name="ele"><value>169</value></Data><Data name="gnis:feature_id"><value>1158919</value></Data><Data name="name"><value>Russian Rapids</value></Data><Data name="waterway"><value>rapids</value></Data></ExtendedData><Point><coordinates>-123.6761993,42.6539507</coordinates></Point></Placemark><Placemark><name>Wildcat Rapids</name><ExtendedData><Data name="@id"><value>node/3052798004</value></Data><Data name="addr:state"><value>OR</value></Data><Data name="ele"><value>169</value></Data><Data name="gnis:feature_id"><value>1132116</value></Data><Data name="name"><value>Wildcat Rapids</value></Data><Data name="waterway"><value>rapids</value></Data></ExtendedData><Point><coordinates>-123.6698799,42.655082</coordinates></Point></Placemark><Placemark><name>Tyee Rapids</name><ExtendedData><Data name="@id"><value>node/3052798005</value></Data><Data name="addr:state"><value>OR</value></Data><Data name="ele"><value>171</value></Data><Data name="gnis:feature_id"><value>1132114</value></Data><Data name="name"><value>Tyee Rapids</value></Data><Data name="waterway"><value>rapids</value></Data></ExtendedData><Point><coordinates>-123.6609453,42.6567303</coordinates></Point></Placemark><Placemark><name>Telephone Hole Riffle</name><ExtendedData><Data name="@id"><value>node/3052798026</value></Data><Data name="addr:state"><value>OR</value></Data><Data name="ele"><value>138</value></Data><Data name="gnis:feature_id"><value>1133737</value></Data><Data name="name"><value>Telephone Hole Riffle</value></Data><Data name="waterway"><value>rapids</value></Data></ExtendedData><Point><coordinates>-123.7442484,42.685816</coordinates></Point></Placemark><Placemark><name>Gillespie Riffle</name><ExtendedData><Data name="@id"><value>node/3052798403</value></Data><Data name="addr:state"><value>OR</value></Data><Data name="ele"><value>9</value></Data><Data name="gnis:feature_id"><value>1135034</value></Data><Data name="name"><value>Gillespie Riffle</value></Data><Data name="waterway"><value>rapids</value></Data></ExtendedData><Point><coordinates>-124.3105984,42.4870873</coordinates></Point></Placemark><Placemark><name>Combs Riffle</name><ExtendedData><Data name="@id"><value>node/3052798417</value></Data><Data name="ele"><value>21</value></Data><Data name="gnis:feature_id"><value>1159190</value></Data><Data name="name"><value>Combs Riffle</value></Data><Data name="waterway"><value>rapids</value></Data></ExtendedData><Point><coordinates>-124.1616317,42.5234239</coordinates></Point></Placemark><Placemark><name>Bear Riffle</name><ExtendedData><Data name="@id"><value>node/3052798611</value></Data><Data name="ele"><value>22</value></Data><Data name="gnis:feature_id"><value>1159181</value></Data><Data name="name"><value>Bear Riffle</value></Data><Data name="waterway"><value>rapids</value></Data></ExtendedData><Point><coordinates>-124.1254365,42.5529328</coordinates></Point></Placemark><Placemark><name>Bean Riffle</name><ExtendedData><Data name="@id"><value>node/3052798624</value></Data><Data name="ele"><value>21</value></Data><Data name="gnis:feature_id"><value>1159182</value></Data><Data name="name"><value>Bean Riffle</value></Data><Data name="waterway"><value>rapids</value></Data></ExtendedData><Point><coordinates>-124.1236789,42.5549849</coordinates></Point></Placemark><Placemark><name>Hayes Eddy</name><ExtendedData><Data name="@id"><value>node/3052798884</value></Data><Data name="ele"><value>16</value></Data><Data name="gnis:feature_id"><value>1159361</value></Data><Data name="name"><value>Hayes Eddy</value></Data><Data name="waterway"><value>rapids</value></Data></ExtendedData><Point><coordinates>-124.2151043,42.4934174</coordinates></Point></Placemark><Placemark><name>Lowery Riffle</name><ExtendedData><Data name="@id"><value>node/3052798888</value></Data><Data name="ele"><value>88</value></Data><Data name="gnis:feature_id"><value>1159149</value></Data><Data name="name"><value>Lowery Riffle</value></Data><Data name="waterway"><value>rapids</value></Data></ExtendedData><Point><coordinates>-124.2262298,42.4952446</coordinates></Point></Placemark><Placemark><name>Quosatana Creek Riffle</name><ExtendedData><Data name="@id"><value>node/3052798894</value></Data><Data name="ele"><value>94</value></Data><Data name="gnis:feature_id"><value>1159147</value></Data><Data name="name"><value>Quosatana Creek Riffle</value></Data><Data name="source"><value>NHD</value></Data><Data name="waterway"><value>rapids</value></Data></ExtendedData><Point><coordinates>-124.2408893,42.4977077</coordinates></Point></Placemark><Placemark><name>Hawkins Riffle</name><ExtendedData><Data name="@id"><value>node/3052798896</value></Data><Data name="addr:state"><value>OR</value></Data><Data name="ele"><value>14</value></Data><Data name="gnis:feature_id"><value>1135040</value></Data><Data name="name"><value>Hawkins Riffle</value></Data><Data name="waterway"><value>rapids</value></Data></ExtendedData><Point><coordinates>-124.2567137,42.4984127</coordinates></Point></Placemark><Placemark><name>Silver Creek Riffle</name><ExtendedData><Data name="@id"><value>node/3052798905</value></Data><Data name="ele"><value>31</value></Data><Data name="gnis:feature_id"><value>1159195</value></Data><Data name="name"><value>Silver Creek Riffle</value></Data><Data name="waterway"><value>rapids</value></Data></ExtendedData><Point><coordinates>-124.2367498,42.5000756</coordinates></Point></Placemark><Placemark><name>Upper Coal Riffle</name><ExtendedData><Data name="@id"><value>node/3052798910</value></Data><Data name="ele"><value>36</value></Data><Data name="gnis:feature_id"><value>1159194</value></Data><Data name="name"><value>Upper Coal Riffle</value></Data><Data name="waterway"><value>rapids</value></Data></ExtendedData><Point><coordinates>-124.1914072,42.5009676</coordinates></Point></Placemark><Placemark><name>Jennings Riffle</name><ExtendedData><Data name="@id"><value>node/3052798915</value></Data><Data name="addr:state"><value>OR</value></Data><Data name="ele"><value>12</value></Data><Data name="gnis:feature_id"><value>1135232</value></Data><Data name="name"><value>Jennings Riffle</value></Data><Data name="waterway"><value>rapids</value></Data></ExtendedData><Point><coordinates>-124.2717434,42.5020675</coordinates></Point></Placemark><Placemark><name>Lobster Riffle</name><ExtendedData><Data name="@id"><value>node/3052798918</value></Data><Data name="addr:state"><value>OR</value></Data><Data name="ele"><value>12</value></Data><Data name="gnis:feature_id"><value>1135229</value></Data><Data name="name"><value>Lobster Riffle</value></Data><Data name="waterway"><value>rapids</value></Data></ExtendedData><Point><coordinates>-124.2912062,42.5026881</coordinates></Point></Placemark><Placemark><name>Slide Creek Riffle</name><ExtendedData><Data name="@id"><value>node/3052798919</value></Data><Data name="ele"><value>34</value></Data><Data name="gnis:feature_id"><value>1159193</value></Data><Data name="name"><value>Slide Creek Riffle</value></Data><Data name="source"><value>NHD</value></Data><Data name="waterway"><value>rapids</value></Data></ExtendedData><Point><coordinates>-124.189514,42.5027529</coordinates></Point></Placemark><Placemark><name>Painted Riffle</name><ExtendedData><Data name="@id"><value>node/3052798932</value></Data><Data name="ele"><value>27</value></Data><Data name="gnis:feature_id"><value>1159184</value></Data><Data name="name"><value>Painted Riffle</value></Data><Data name="waterway"><value>rapids</value></Data></ExtendedData><Point><coordinates>-124.1102569,42.5588219</coordinates></Point></Placemark><Placemark><name>Walker Riffle</name><ExtendedData><Data name="@id"><value>node/3052798986</value></Data><Data name="ele"><value>36</value></Data><Data name="gnis:feature_id"><value>1155766</value></Data><Data name="name"><value>Walker Riffle</value></Data><Data name="source"><value>NHD</value></Data><Data name="waterway"><value>rapids</value></Data></ExtendedData><Point><coordinates>-124.0625515,42.6015802</coordinates></Point></Placemark><Placemark><name>Twomile Rapids</name><ExtendedData><Data name="@id"><value>node/3052799003</value></Data><Data name="addr:state"><value>OR</value></Data><Data name="ele"><value>37</value></Data><Data name="gnis:feature_id"><value>1151621</value></Data><Data name="name"><value>Twomile Rapids</value></Data><Data name="waterway"><value>rapids</value></Data></ExtendedData><Point><coordinates>-124.0648754,42.609773</coordinates></Point></Placemark><Placemark><name>Old Diggins Riffle</name><ExtendedData><Data name="@id"><value>node/3052799053</value></Data><Data name="ele"><value>40</value></Data><Data name="gnis:feature_id"><value>1155770</value></Data><Data name="name"><value>Old Diggins Riffle</value></Data><Data name="waterway"><value>rapids</value></Data></ExtendedData><Point><coordinates>-124.0610555,42.6175136</coordinates></Point></Placemark><Placemark><name>Little Wildcat Rapids</name><ExtendedData><Data name="@id"><value>node/3052799059</value></Data><Data name="ele"><value>44</value></Data><Data name="gnis:feature_id"><value>1155761</value></Data><Data name="name"><value>Little Wildcat Rapids</value></Data><Data name="waterway"><value>rapids</value></Data></ExtendedData><Point><coordinates>-124.0575058,42.6210294</coordinates></Point></Placemark><Placemark><name>Big Slide Riffle</name><ExtendedData><Data name="@id"><value>node/3052799111</value></Data><Data name="ele"><value>179</value></Data><Data name="gnis:feature_id"><value>1160662</value></Data><Data name="name"><value>Big Slide Riffle</value></Data><Data name="waterway"><value>rapids</value></Data></ExtendedData><Point><coordinates>-123.6412713,42.6591764</coordinates></Point></Placemark><Placemark><name>Little Windy Riffle</name><ExtendedData><Data name="@id"><value>node/3052799120</value></Data><Data name="ele"><value>153</value></Data><Data name="gnis:feature_id"><value>1158887</value></Data><Data name="name"><value>Little Windy Riffle</value></Data><Data name="waterway"><value>rapids</value></Data></ExtendedData><Point><coordinates>-123.7340891,42.6632708</coordinates></Point></Placemark><Placemark><name>Boiler Riffle</name><ExtendedData><Data name="@id"><value>node/3052799133</value></Data><Data name="ele"><value>281</value></Data><Data name="gnis:feature_id"><value>1154383</value></Data><Data name="name"><value>Boiler Riffle</value></Data><Data name="waterway"><value>rapids</value></Data></ExtendedData><Point><coordinates>-124.1167064,42.5583861</coordinates></Point></Placemark><Placemark><name>Upper Crooked Riffle</name><ExtendedData><Data name="@id"><value>node/3052799139</value></Data><Data name="ele"><value>28</value></Data><Data name="gnis:feature_id"><value>1155769</value></Data><Data name="name"><value>Upper Crooked Riffle</value></Data><Data name="waterway"><value>rapids</value></Data></ExtendedData><Point><coordinates>-124.0887321,42.5592545</coordinates></Point></Placemark><Placemark><name>Mermaid Riffle</name><ExtendedData><Data name="@id"><value>node/3052799144</value></Data><Data name="ele"><value>31</value></Data><Data name="gnis:feature_id"><value>1155758</value></Data><Data name="name"><value>Mermaid Riffle</value></Data><Data name="waterway"><value>rapids</value></Data></ExtendedData><Point><coordinates>-124.0582996,42.5600751</coordinates></Point></Placemark><Placemark><name>Smithers Riffle</name><ExtendedData><Data name="@id"><value>node/3052799152</value></Data><Data name="ele"><value>45</value></Data><Data name="gnis:feature_id"><value>1159179</value></Data><Data name="name"><value>Smithers Riffle</value></Data><Data name="waterway"><value>rapids</value></Data></ExtendedData><Point><coordinates>-124.0974291,42.5610483</coordinates></Point></Placemark><Placemark><name>Shasta Costa Riffle</name><ExtendedData><Data name="@id"><value>node/3052799175</value></Data><Data name="ele"><value>33</value></Data><Data name="gnis:feature_id"><value>1149294</value></Data><Data name="name"><value>Shasta Costa Riffle</value></Data><Data name="waterway"><value>rapids</value></Data></ExtendedData><Point><coordinates>-124.0531656,42.5740809</coordinates></Point></Placemark><Placemark><name>Billings Rapids</name><ExtendedData><Data name="@id"><value>node/3052799186</value></Data><Data name="ele"><value>51</value></Data><Data name="gnis:feature_id"><value>1155743</value></Data><Data name="name"><value>Billings Rapids</value></Data><Data name="waterway"><value>rapids</value></Data></ExtendedData><Point><coordinates>-124.0481959,42.6419152</coordinates></Point></Placemark><Placemark><name>Burnt Rapids</name><ExtendedData><Data name="@id"><value>node/3052799189</value></Data><Data name="ele"><value>53</value></Data><Data name="gnis:feature_id"><value>1155742</value></Data><Data name="name"><value>Burnt Rapids</value></Data><Data name="waterway"><value>rapids</value></Data></ExtendedData><Point><coordinates>-124.0235263,42.6442506</coordinates></Point></Placemark><Placemark><name>Slate Slide Riffle</name><ExtendedData><Data name="@id"><value>node/3052799198</value></Data><Data name="addr:state"><value>OR</value></Data><Data name="ele"><value>163</value></Data><Data name="gnis:feature_id"><value>1133736</value></Data><Data name="name"><value>Slate Slide Riffle</value></Data><Data name="waterway"><value>rapids</value></Data></ExtendedData><Point><coordinates>-123.6959844,42.6455643</coordinates></Point></Placemark><Placemark><name>Washboard Rapids</name><ExtendedData><Data name="@id"><value>node/3052799216</value></Data><Data name="ele"><value>329</value></Data><Data name="gnis:feature_id"><value>1158949</value></Data><Data name="name"><value>Washboard Rapids</value></Data><Data name="waterway"><value>rapids</value></Data></ExtendedData><Point><coordinates>-123.7086405,42.6467715</coordinates></Point></Placemark><Placemark><name>Tacoma Rapids</name><ExtendedData><Data name="@id"><value>node/3052799238</value></Data><Data name="ele"><value>81</value></Data><Data name="gnis:feature_id"><value>1161650</value></Data><Data name="name"><value>Tacoma Rapids</value></Data><Data name="waterway"><value>rapids</value></Data></ExtendedData><Point><coordinates>-123.9761808,42.6694281</coordinates></Point></Placemark><Placemark><name>Coffeepot</name><ExtendedData><Data name="@id"><value>node/3052799258</value></Data><Data name="ele"><value>95</value></Data><Data name="gnis:feature_id"><value>1116485</value></Data><Data name="name"><value>Coffeepot</value></Data><Data name="rapids"><value>3</value></Data><Data name="waterway"><value>rapids</value></Data></ExtendedData><Point><coordinates>-123.8990207,42.6985191</coordinates></Point></Placemark><Placemark><name>Winkle Bar Riffle</name><ExtendedData><Data name="@id"><value>node/3052799274</value></Data><Data name="ele"><value>121</value></Data><Data name="gnis:feature_id"><value>1155706</value></Data><Data name="name"><value>Winkle Bar Riffle</value></Data><Data name="waterway"><value>rapids</value></Data></ExtendedData><Point><coordinates>-123.8022727,42.7015824</coordinates></Point></Placemark><Placemark><name>Solitude Riffle</name><ExtendedData><Data name="@id"><value>node/3052799344</value></Data><Data name="ele"><value>74</value></Data><Data name="gnis:feature_id"><value>1158933</value></Data><Data name="name"><value>Solitude Riffle</value></Data><Data name="waterway"><value>rapids</value></Data></ExtendedData><Point><coordinates>-123.9544757,42.6726916</coordinates></Point></Placemark><Placemark><name>Tichenor Riffle</name><ExtendedData><Data name="@id"><value>node/3052799362</value></Data><Data name="ele"><value>70</value></Data><Data name="gnis:feature_id"><value>1116488</value></Data><Data name="name"><value>Tichenor Riffle</value></Data><Data name="waterway"><value>rapids</value></Data></ExtendedData><Point><coordinates>-123.9513011,42.677193</coordinates></Point></Placemark><Placemark><name>Blossom Bar Rapids</name><ExtendedData><Data name="@id"><value>node/3052799382</value></Data><Data name="ele"><value>86</value></Data><Data name="gnis:feature_id"><value>1154270</value></Data><Data name="name"><value>Blossom Bar Rapids</value></Data><Data name="waterway"><value>rapids</value></Data></ExtendedData><Point><coordinates>-123.9181048,42.7030244</coordinates></Point></Placemark><Placemark><name>First Wall</name><ExtendedData><Data name="@id"><value>node/3052799385</value></Data><Data name="name"><value>First Wall</value></Data><Data name="rapids"><value>3</value></Data><Data name="waterway"><value>rapids</value></Data></ExtendedData><Point><coordinates>-123.8953114,42.7033147</coordinates></Point></Placemark><Placemark><name>Blossom Bar</name><ExtendedData><Data name="@id"><value>node/3052799390</value></Data><Data name="name"><value>Blossom Bar</value></Data><Data name="rapids"><value>4</value></Data><Data name="waterway"><value>rapids</value></Data></ExtendedData><Point><coordinates>-123.916766,42.7036878</coordinates></Point></Placemark><Placemark><name>Jaws</name><ExtendedData><Data name="@id"><value>node/3052799391</value></Data><Data name="name"><value>Jaws</value></Data><Data name="waterway"><value>rapids</value></Data></ExtendedData><Point><coordinates>-123.8945514,42.7038849</coordinates></Point></Placemark><Placemark><ExtendedData><Data name="@id"><value>node/3052799408</value></Data><Data name="waterway"><value>rapids</value></Data></ExtendedData><Point><coordinates>-123.8910966,42.7067697</coordinates></Point></Placemark><Placemark><name>Dulog Riffle</name><ExtendedData><Data name="@id"><value>node/3052799438</value></Data><Data name="ele"><value>134</value></Data><Data name="gnis:feature_id"><value>1158914</value></Data><Data name="name"><value>Dulog Riffle</value></Data><Data name="waterway"><value>rapids</value></Data></ExtendedData><Point><coordinates>-123.7613846,42.6907181</coordinates></Point></Placemark><Placemark><name>China Bar Rapids</name><ExtendedData><Data name="@id"><value>node/3052799466</value></Data><Data name="ele"><value>102</value></Data><Data name="gnis:feature_id"><value>1154286</value></Data><Data name="name"><value>China Bar Rapids</value></Data><Data name="waterway"><value>rapids</value></Data></ExtendedData><Point><coordinates>-123.8779853,42.7154837</coordinates></Point></Placemark><Placemark><name>Maggies Riffle</name><ExtendedData><Data name="@id"><value>node/3052799481</value></Data><Data name="ele"><value>104</value></Data><Data name="gnis:feature_id"><value>1158916</value></Data><Data name="name"><value>Maggies Riffle</value></Data><Data name="waterway"><value>rapids</value></Data></ExtendedData><Point><coordinates>-123.8658115,42.717813</coordinates></Point></Placemark><Placemark><ExtendedData><Data name="@id"><value>node/3088736775</value></Data><Data name="waterway"><value>rapids</value></Data></ExtendedData><Point><coordinates>-91.8875553,44.9302634</coordinates></Point></Placemark><Placemark><name>Cathedral Rapids</name><ExtendedData><Data name="@id"><value>node/3123740515</value></Data><Data name="name"><value>Cathedral Rapids</value></Data><Data name="note"><value>Postion estimated. According to USGS Topo this is the beginning of a long section of rapids</value></Data><Data name="waterway"><value>rapids</value></Data></ExtendedData><Point><coordinates>-143.7399563,63.3880776</coordinates></Point></Placemark><Placemark><ExtendedData><Data name="@id"><value>node/3147585254</value></Data><Data name="waterway"><value>rapids</value></Data></ExtendedData><Point><coordinates>-113.4244941,47.8396305</coordinates></Point></Placemark><Placemark><ExtendedData><Data name="@id"><value>node/3147585258</value></Data><Data name="waterway"><value>rapids</value></Data></ExtendedData><Point><coordinates>-113.4255094,47.8443306</coordinates></Point></Placemark><Placemark><ExtendedData><Data name="@id"><value>node/3161700932</value></Data><Data name="waterway"><value>rapids</value></Data></ExtendedData><Point><coordinates>-112.8566591,47.6291955</coordinates></Point></Placemark><Placemark><name>Pistol Creek Rapids</name><ExtendedData><Data name="@id"><value>node/3167708603</value></Data><Data name="name"><value>Pistol Creek Rapids</value></Data><Data name="waterway"><value>rapids</value></Data></ExtendedData><Point><coordinates>-115.1485837,44.7224024</coordinates></Point></Placemark><Placemark><name>Canon Creek Rapids</name><ExtendedData><Data name="@id"><value>node/3167711666</value></Data><Data name="name"><value>Canon Creek Rapids</value></Data><Data name="waterway"><value>rapids</value></Data></ExtendedData><Point><coordinates>-115.1494196,44.6992292</coordinates></Point></Placemark><Placemark><name>Lake Creek Rapids</name><ExtendedData><Data name="@id"><value>node/3167732348</value></Data><Data name="name"><value>Lake Creek Rapids</value></Data><Data name="waterway"><value>rapids</value></Data></ExtendedData><Point><coordinates>-115.1419918,44.7191527</coordinates></Point></Placemark><Placemark><name>Artillery Rapids</name><ExtendedData><Data name="@id"><value>node/3167757861</value></Data><Data name="name"><value>Artillery Rapids</value></Data><Data name="waterway"><value>rapids</value></Data></ExtendedData><Point><coordinates>-115.1563234,44.6706607</coordinates></Point></Placemark><Placemark><name>Jackass Rapid</name><ExtendedData><Data name="@id"><value>node/3167788971</value></Data><Data name="name"><value>Jackass Rapid</value></Data><Data name="waterway"><value>rapids</value></Data></ExtendedData><Point><coordinates>-114.9705993,44.7255086</coordinates></Point></Placemark><Placemark><name>White Creek Rapids</name><ExtendedData><Data name="@id"><value>node/3167797151</value></Data><Data name="name"><value>White Creek Rapids</value></Data><Data name="waterway"><value>rapids</value></Data></ExtendedData><Point><coordinates>-114.841683,44.7908164</coordinates></Point></Placemark><Placemark><name>Shelf Rapids</name><ExtendedData><Data name="@id"><value>node/3167797373</value></Data><Data name="name"><value>Shelf Rapids</value></Data><Data name="waterway"><value>rapids</value></Data></ExtendedData><Point><coordinates>-114.8350222,44.8009076</coordinates></Point></Placemark><Placemark><name>Tappan I Rapids</name><ExtendedData><Data name="@id"><value>node/3167808358</value></Data><Data name="name"><value>Tappan I Rapids</value></Data><Data name="waterway"><value>rapids</value></Data></ExtendedData><Point><coordinates>-114.7526755,44.8780902</coordinates></Point></Placemark><Placemark><name>Tappan II Rapids</name><ExtendedData><Data name="@id"><value>node/3167810333</value></Data><Data name="name"><value>Tappan II Rapids</value></Data><Data name="waterway"><value>rapids</value></Data></ExtendedData><Point><coordinates>-114.7408689,44.8795742</coordinates></Point></Placemark><Placemark><name>Tappan IV Rapids</name><ExtendedData><Data name="@id"><value>node/3167810346</value></Data><Data name="name"><value>Tappan IV Rapids</value></Data><Data name="waterway"><value>rapids</value></Data></ExtendedData><Point><coordinates>-114.7320798,44.8805792</coordinates></Point></Placemark><Placemark><name>Aparejo Rapids</name><ExtendedData><Data name="@id"><value>node/3167814920</value></Data><Data name="name"><value>Aparejo Rapids</value></Data><Data name="waterway"><value>rapids</value></Data></ExtendedData><Point><coordinates>-114.7305564,44.9207307</coordinates></Point></Placemark><Placemark><name>Cutthroat Cove Rapids</name><ExtendedData><Data name="@id"><value>node/3167832439</value></Data><Data name="name"><value>Cutthroat Cove Rapids</value></Data><Data name="waterway"><value>rapids</value></Data></ExtendedData><Point><coordinates>-114.730679,45.1048289</coordinates></Point></Placemark><Placemark><name>Big Pine Rapids</name><ExtendedData><Data name="@id"><value>node/3167832452</value></Data><Data name="name"><value>Big Pine Rapids</value></Data><Data name="waterway"><value>rapids</value></Data></ExtendedData><Point><coordinates>-114.7259343,45.110175</coordinates></Point></Placemark><Placemark><name>Veil Cave Rapids</name><ExtendedData><Data name="@id"><value>node/3167832775</value></Data><Data name="name"><value>Veil Cave Rapids</value></Data><Data name="waterway"><value>rapids</value></Data></ExtendedData><Point><coordinates>-114.7229081,45.1245891</coordinates></Point></Placemark><Placemark><name>Weber Rapids</name><ExtendedData><Data name="@id"><value>node/3167838681</value></Data><Data name="name"><value>Weber Rapids</value></Data><Data name="waterway"><value>rapids</value></Data></ExtendedData><Point><coordinates>-114.7274782,45.1564652</coordinates></Point></Placemark><Placemark><name>Mist Falls Rapids</name><ExtendedData><Data name="@id"><value>node/3167838688</value></Data><Data name="name"><value>Mist Falls Rapids</value></Data><Data name="waterway"><value>rapids</value></Data></ExtendedData><Point><coordinates>-114.7234739,45.1603316</coordinates></Point></Placemark><Placemark><name>House Of Rocks Rapids</name><ExtendedData><Data name="@id"><value>node/3167841882</value></Data><Data name="name"><value>House Of Rocks Rapids</value></Data><Data name="waterway"><value>rapids</value></Data></ExtendedData><Point><coordinates>-114.6232354,45.2750231</coordinates></Point></Placemark><Placemark><name>Greyhound Rapids</name><ExtendedData><Data name="@id"><value>node/3167849665</value></Data><Data name="name"><value>Greyhound Rapids</value></Data><Data name="waterway"><value>rapids</value></Data></ExtendedData><Point><coordinates>-115.1667675,44.6503326</coordinates></Point></Placemark><Placemark><name>Powerhouse Rapids</name><ExtendedData><Data name="@id"><value>node/3167915753</value></Data><Data name="name"><value>Powerhouse Rapids</value></Data><Data name="waterway"><value>rapids</value></Data></ExtendedData><Point><coordinates>-115.2200249,44.6292821</coordinates></Point></Placemark><Placemark><name>The Chutes</name><ExtendedData><Data name="@id"><value>node/3167915860</value></Data><Data name="name"><value>The Chutes</value></Data><Data name="waterway"><value>rapids</value></Data></ExtendedData><Point><coordinates>-115.2593808,44.6080453</coordinates></Point></Placemark><Placemark><name>Hells Half Mile Rapids</name><ExtendedData><Data name="@id"><value>node/3167915960</value></Data><Data name="name"><value>Hells Half Mile Rapids</value></Data><Data name="waterway"><value>rapids</value></Data></ExtendedData><Point><coordinates>-115.2952328,44.5878745</coordinates></Point></Placemark><Placemark><name>Sulphur Slide Rapid</name><ExtendedData><Data name="@id"><value>node/3167916014</value></Data><Data name="name"><value>Sulphur Slide Rapid</value></Data><Data name="waterway"><value>rapids</value></Data></ExtendedData><Point><coordinates>-115.300982,44.568611</coordinates></Point></Placemark><Placemark><name>Murph's Hole Rapids</name><ExtendedData><Data name="@id"><value>node/3169563861</value></Data><Data name="name"><value>Murph's Hole Rapids</value></Data><Data name="waterway"><value>rapids</value></Data></ExtendedData><Point><coordinates>-115.2904037,44.5431382</coordinates></Point></Placemark><Placemark><ExtendedData><Data name="@id"><value>node/3269646364</value></Data><Data name="waterway"><value>rapids</value></Data></ExtendedData><Point><coordinates>-84.3663727,31.2404222</coordinates></Point></Placemark><Placemark><ExtendedData><Data name="@id"><value>node/3269646367</value></Data><Data name="waterway"><value>rapids</value></Data></ExtendedData><Point><coordinates>-84.3706857,31.2388995</coordinates></Point></Placemark><Placemark><ExtendedData><Data name="@id"><value>node/3269646374</value></Data><Data name="waterway"><value>rapids</value></Data></ExtendedData><Point><coordinates>-84.3760716,31.2391563</coordinates></Point></Placemark><Placemark><ExtendedData><Data name="@id"><value>node/3269646376</value></Data><Data name="waterway"><value>rapids</value></Data></ExtendedData><Point><coordinates>-84.3789254,31.2377803</coordinates></Point></Placemark><Placemark><ExtendedData><Data name="@id"><value>node/3269646381</value></Data><Data name="waterway"><value>rapids</value></Data></ExtendedData><Point><coordinates>-84.3830239,31.234276</coordinates></Point></Placemark><Placemark><ExtendedData><Data name="@id"><value>node/3269667166</value></Data><Data name="waterway"><value>rapids</value></Data></ExtendedData><Point><coordinates>-84.4354879,31.187304</coordinates></Point></Placemark><Placemark><name>Etowah Falls Rapid</name><ExtendedData><Data name="@id"><value>node/3306392818</value></Data><Data name="name"><value>Etowah Falls Rapid</value></Data><Data name="rapids"><value>2</value></Data><Data name="waterway"><value>rapids</value></Data></ExtendedData><Point><coordinates>-84.0724587,34.5013575</coordinates></Point></Placemark><Placemark><ExtendedData><Data name="@id"><value>node/3313367999</value></Data><Data name="waterway"><value>rapids</value></Data></ExtendedData><Point><coordinates>-121.1646977,38.9627483</coordinates></Point></Placemark><Placemark><name>Peace Wave</name><ExtendedData><Data name="@id"><value>node/3532449478</value></Data><Data name="name"><value>Peace Wave</value></Data><Data name="waterway"><value>rapids</value></Data></ExtendedData><Point><coordinates>-116.2410579,45.4073052</coordinates></Point></Placemark><Placemark><name>Whetstone Falls</name><ExtendedData><Data name="@id"><value>node/3618292469</value></Data><Data name="name"><value>Whetstone Falls</value></Data><Data name="waterway"><value>rapids</value></Data></ExtendedData><Point><coordinates>-68.6242147,45.8614314</coordinates></Point></Placemark><Placemark><ExtendedData><Data name="@id"><value>node/3636672040</value></Data><Data name="waterway"><value>rapids</value></Data></ExtendedData><Point><coordinates>-69.9671827,45.6178711</coordinates></Point></Placemark><Placemark><ExtendedData><Data name="@id"><value>node/3684248172</value></Data><Data name="ele"><value>0.0</value></Data><Data name="nhd:com_id"><value>62505371</value></Data><Data name="nhd:fcode"><value>43100</value></Data><Data name="nhd:ftype"><value>Rapids</value></Data><Data name="waterway"><value>rapids</value></Data></ExtendedData><Point><coordinates>-109.0093519,38.7131856</coordinates></Point></Placemark><Placemark><ExtendedData><Data name="@id"><value>node/3684248173</value></Data><Data name="ele"><value>0.0</value></Data><Data name="nhd:com_id"><value>62505357</value></Data><Data name="nhd:fcode"><value>43100</value></Data><Data name="nhd:ftype"><value>Rapids</value></Data><Data name="waterway"><value>rapids</value></Data></ExtendedData><Point><coordinates>-109.0138106,38.717873</coordinates></Point></Placemark><Placemark><ExtendedData><Data name="@id"><value>node/3684248174</value></Data><Data name="ele"><value>0.0</value></Data><Data name="nhd:com_id"><value>62505339</value></Data><Data name="nhd:fcode"><value>43100</value></Data><Data name="nhd:ftype"><value>Rapids</value></Data><Data name="waterway"><value>rapids</value></Data></ExtendedData><Point><coordinates>-109.0201211,38.7224783</coordinates></Point></Placemark><Placemark><ExtendedData><Data name="@id"><value>node/3684248182</value></Data><Data name="ele"><value>0.0</value></Data><Data name="nhd:com_id"><value>62505317</value></Data><Data name="nhd:fcode"><value>43100</value></Data><Data name="nhd:ftype"><value>Rapids</value></Data><Data name="waterway"><value>rapids</value></Data></ExtendedData><Point><coordinates>-109.020232,38.7268919</coordinates></Point></Placemark><Placemark><name>Devils Corral Rapids</name><ExtendedData><Data name="@id"><value>node/3695846268</value></Data><Data name="name"><value>Devils Corral Rapids</value></Data><Data name="waterway"><value>rapids</value></Data></ExtendedData><Point><coordinates>-116.6669339,41.9490197</coordinates></Point></Placemark><Placemark><name>Devils Pinball Rapids</name><ExtendedData><Data name="@id"><value>node/3695846307</value></Data><Data name="name"><value>Devils Pinball Rapids</value></Data><Data name="waterway"><value>rapids</value></Data></ExtendedData><Point><coordinates>-116.6915858,41.9582384</coordinates></Point></Placemark><Placemark><name>Battle Born Rapids</name><ExtendedData><Data name="@id"><value>node/3695870421</value></Data><Data name="name"><value>Battle Born Rapids</value></Data><Data name="waterway"><value>rapids</value></Data></ExtendedData><Point><coordinates>-116.7014116,41.9884538</coordinates></Point></Placemark><Placemark><name>Stateline Rapids</name><ExtendedData><Data name="@id"><value>node/3695871045</value></Data><Data name="name"><value>Stateline Rapids</value></Data><Data name="waterway"><value>rapids</value></Data></ExtendedData><Point><coordinates>-116.7092169,41.9978936</coordinates></Point></Placemark><Placemark><name>Sentinel Rapids</name><ExtendedData><Data name="@id"><value>node/3695871641</value></Data><Data name="name"><value>Sentinel Rapids</value></Data><Data name="waterway"><value>rapids</value></Data></ExtendedData><Point><coordinates>-116.8048774,42.119761</coordinates></Point></Placemark><Placemark><ExtendedData><Data name="@id"><value>node/3709707422</value></Data><Data name="ele"><value>0.0</value></Data><Data name="nhd:com_id"><value>80064773</value></Data><Data name="nhd:fcode"><value>43100</value></Data><Data name="nhd:ftype"><value>Rapids</value></Data><Data name="waterway"><value>rapids</value></Data></ExtendedData><Point><coordinates>-109.1621253,38.9833809</coordinates></Point></Placemark><Placemark><ExtendedData><Data name="@id"><value>node/3709707426</value></Data><Data name="waterway"><value>rapids</value></Data></ExtendedData><Point><coordinates>-109.1617993,38.9846506</coordinates></Point></Placemark><Placemark><ExtendedData><Data name="@id"><value>node/3709707429</value></Data><Data name="ele"><value>0.0</value></Data><Data name="nhd:com_id"><value>80064769</value></Data><Data name="nhd:fcode"><value>43100</value></Data><Data name="nhd:ftype"><value>Rapids</value></Data><Data name="waterway"><value>rapids</value></Data></ExtendedData><Point><coordinates>-109.1618138,38.9852366</coordinates></Point></Placemark><Placemark><ExtendedData><Data name="@id"><value>node/3709707437</value></Data><Data name="ele"><value>0.0</value></Data><Data name="nhd:com_id"><value>80064763</value></Data><Data name="nhd:fcode"><value>43100</value></Data><Data name="nhd:ftype"><value>Rapids</value></Data><Data name="waterway"><value>rapids</value></Data></ExtendedData><Point><coordinates>-109.1652091,38.9908899</coordinates></Point></Placemark><Placemark><ExtendedData><Data name="@id"><value>node/3709707442</value></Data><Data name="ele"><value>0.0</value></Data><Data name="waterway"><value>rapids</value></Data></ExtendedData><Point><coordinates>-109.1650286,38.9928554</coordinates></Point></Placemark><Placemark><ExtendedData><Data name="@id"><value>node/3709707444</value></Data><Data name="ele"><value>0.0</value></Data><Data name="nhd:com_id"><value>80064761</value></Data><Data name="nhd:fcode"><value>43100</value></Data><Data name="nhd:ftype"><value>Rapids</value></Data><Data name="waterway"><value>rapids</value></Data></ExtendedData><Point><coordinates>-109.1511839,38.9940263</coordinates></Point></Placemark><Placemark><ExtendedData><Data name="@id"><value>node/3709707455</value></Data><Data name="ele"><value>0.0</value></Data><Data name="nhd:com_id"><value>80064755</value></Data><Data name="nhd:fcode"><value>43100</value></Data><Data name="nhd:ftype"><value>Rapids</value></Data><Data name="waterway"><value>rapids</value></Data></ExtendedData><Point><coordinates>-109.1566284,38.9949075</coordinates></Point></Placemark><Placemark><ExtendedData><Data name="@id"><value>node/3709707456</value></Data><Data name="ele"><value>0.0</value></Data><Data name="nhd:com_id"><value>80064753</value></Data><Data name="nhd:fcode"><value>43100</value></Data><Data name="nhd:ftype"><value>Rapids</value></Data><Data name="waterway"><value>rapids</value></Data></ExtendedData><Point><coordinates>-109.1593642,38.9949948</coordinates></Point></Placemark><Placemark><name>Marble Canyon</name><ExtendedData><Data name="@id"><value>node/3709707464</value></Data><Data name="ele"><value>0.0</value></Data><Data name="name"><value>Marble Canyon</value></Data><Data name="nhd:com_id"><value>80064747</value></Data><Data name="nhd:fcode"><value>43100</value></Data><Data name="nhd:ftype"><value>Rapids</value></Data><Data name="waterway"><value>rapids</value></Data><Data name="whitewater"><value>rapid</value></Data><Data name="whitewater:rapid_grade"><value>3</value></Data></ExtendedData><Point><coordinates>-109.1376918,39.0022162</coordinates></Point></Placemark><Placemark><name>Crowfoot Rapids</name><ExtendedData><Data name="@id"><value>node/3730796949</value></Data><Data name="name"><value>Crowfoot Rapids</value></Data><Data name="waterway"><value>rapids</value></Data></ExtendedData><Point><coordinates>-68.5789808,45.753417</coordinates></Point></Placemark><Placemark><name>Boof or Consequence</name><ExtendedData><Data name="@id"><value>node/3755928364</value></Data><Data name="name"><value>Boof or Consequence</value></Data><Data name="waterway"><value>rapids</value></Data></ExtendedData><Point><coordinates>-82.3473534,35.279854</coordinates></Point></Placemark><Placemark><name>Second Bend Rapids</name><ExtendedData><Data name="@id"><value>node/3772017104</value></Data><Data name="name"><value>Second Bend Rapids</value></Data><Data name="waterway"><value>rapids</value></Data></ExtendedData><Point><coordinates>-116.1221161,44.0774004</coordinates></Point></Placemark><Placemark><name>Chauga River Rapids</name><ExtendedData><Data name="@id"><value>node/3837541649</value></Data><Data name="name"><value>Chauga River Rapids</value></Data><Data name="waterway"><value>rapids</value></Data></ExtendedData><Point><coordinates>-83.1463748,34.6840145</coordinates></Point></Placemark><Placemark><ExtendedData><Data name="@id"><value>node/3894033747</value></Data><Data name="waterway"><value>rapids</value></Data></ExtendedData><Point><coordinates>-119.8148136,39.5245047</coordinates></Point></Placemark><Placemark><ExtendedData><Data name="@id"><value>node/3914654458</value></Data><Data name="ele"><value>0.0</value></Data><Data name="nhd-shp:com_id"><value>20715078</value></Data><Data name="nhd-shp:fdate"><value>Tue Nov 30 00:00:00 CET 1999</value></Data><Data name="source"><value>NHD</value></Data><Data name="waterway"><value>rapids</value></Data></ExtendedData><Point><coordinates>-113.1157726,36.1819657</coordinates></Point></Placemark><Placemark><ExtendedData><Data name="@id"><value>node/3914654459</value></Data><Data name="ele"><value>0.0</value></Data><Data name="nhd-shp:com_id"><value>20715076</value></Data><Data name="nhd-shp:fdate"><value>Tue Nov 30 00:00:00 CET 1999</value></Data><Data name="source"><value>NHD</value></Data><Data name="waterway"><value>rapids</value></Data></ExtendedData><Point><coordinates>-113.1043098,36.1887084</coordinates></Point></Placemark><Placemark><ExtendedData><Data name="@id"><value>node/3914654460</value></Data><Data name="ele"><value>0.0</value></Data><Data name="nhd-shp:com_id"><value>20715066</value></Data><Data name="nhd-shp:fdate"><value>Tue Nov 30 00:00:00 CET 1999</value></Data><Data name="source"><value>NHD</value></Data><Data name="waterway"><value>rapids</value></Data></ExtendedData><Point><coordinates>-113.053756,36.2087716</coordinates></Point></Placemark><Placemark><ExtendedData><Data name="@id"><value>node/3914654461</value></Data><Data name="ele"><value>0.0</value></Data><Data name="nhd-shp:com_id"><value>20715062</value></Data><Data name="nhd-shp:fdate"><value>Tue Nov 30 00:00:00 CET 1999</value></Data><Data name="source"><value>NHD</value></Data><Data name="waterway"><value>rapids</value></Data></ExtendedData><Point><coordinates>-113.0474695,36.2159609</coordinates></Point></Placemark><Placemark><ExtendedData><Data name="@id"><value>node/3914654463</value></Data><Data name="ele"><value>0.0</value></Data><Data name="nhd-shp:com_id"><value>20715050</value></Data><Data name="nhd-shp:fdate"><value>Tue Nov 30 00:00:00 CET 1999</value></Data><Data name="source"><value>NHD</value></Data><Data name="waterway"><value>rapids</value></Data></ExtendedData><Point><coordinates>-113.0156928,36.2374807</coordinates></Point></Placemark><Placemark><ExtendedData><Data name="@id"><value>node/3914775100</value></Data><Data name="ele"><value>0.0</value></Data><Data name="nhd-shp:com_id"><value>21399989</value></Data><Data name="nhd-shp:fdate"><value>Mon Nov 29 00:00:00 CET 1999</value></Data><Data name="source"><value>NHD</value></Data><Data name="waterway"><value>rapids</value></Data></ExtendedData><Point><coordinates>-113.3258761,35.8297028</coordinates></Point></Placemark><Placemark><ExtendedData><Data name="@id"><value>node/3914775101</value></Data><Data name="ele"><value>0.0</value></Data><Data name="nhd-shp:com_id"><value>21399971</value></Data><Data name="nhd-shp:fdate"><value>Mon Nov 29 00:00:00 CET 1999</value></Data><Data name="source"><value>NHD</value></Data><Data name="waterway"><value>rapids</value></Data></ExtendedData><Point><coordinates>-113.3131639,35.857867</coordinates></Point></Placemark><Placemark><ExtendedData><Data name="@id"><value>node/3914775102</value></Data><Data name="ele"><value>0.0</value></Data><Data name="nhd-shp:com_id"><value>20715110</value></Data><Data name="nhd-shp:fdate"><value>Tue Nov 30 00:00:00 CET 1999</value></Data><Data name="source"><value>NHD</value></Data><Data name="waterway"><value>rapids</value></Data></ExtendedData><Point><coordinates>-113.3492592,36.0179672</coordinates></Point></Placemark><Placemark><ExtendedData><Data name="@id"><value>node/3914775103</value></Data><Data name="ele"><value>0.0</value></Data><Data name="nhd-shp:com_id"><value>20715104</value></Data><Data name="nhd-shp:fdate"><value>Tue Nov 30 00:00:00 CET 1999</value></Data><Data name="source"><value>NHD</value></Data><Data name="waterway"><value>rapids</value></Data></ExtendedData><Point><coordinates>-113.3409073,36.0606158</coordinates></Point></Placemark><Placemark><ExtendedData><Data name="@id"><value>node/3914775107</value></Data><Data name="ele"><value>0.0</value></Data><Data name="nhd-shp:com_id"><value>20715080</value></Data><Data name="nhd-shp:fdate"><value>Tue Nov 30 00:00:00 CET 1999</value></Data><Data name="source"><value>NHD</value></Data><Data name="waterway"><value>rapids</value></Data></ExtendedData><Point><coordinates>-113.1668185,36.1666308</coordinates></Point></Placemark><Placemark><name>Agate Rapids</name><ExtendedData><Data name="@id"><value>node/3998902329</value></Data><Data name="ele"><value>691</value></Data><Data name="gnis:feature_id"><value>24113</value></Data><Data name="name"><value>Agate Rapids</value></Data><Data name="waterway"><value>rapids</value></Data></ExtendedData><Point><coordinates>-112.2798548,36.1440164</coordinates></Point></Placemark><Placemark><name>Glacier River Rapids</name><ExtendedData><Data name="@id"><value>node/4086033209</value></Data><Data name="gnis:feature_id"><value>1410101</value></Data><Data name="name"><value>Glacier River Rapids</value></Data><Data name="old_name"><value>Squaw Rapids</value></Data><Data name="waterway"><value>rapids</value></Data><Data name="wikidata"><value>Q114427650</value></Data></ExtendedData><Point><coordinates>-150.71199,67.3222961</coordinates></Point></Placemark><Placemark><ExtendedData><Data name="@id"><value>node/4253919483</value></Data><Data name="waterway"><value>rapids</value></Data></ExtendedData><Point><coordinates>-120.8161224,39.3531461</coordinates></Point></Placemark><Placemark><ExtendedData><Data name="@id"><value>node/4253919492</value></Data><Data name="waterway"><value>rapids</value></Data></ExtendedData><Point><coordinates>-120.8384919,39.3471192</coordinates></Point></Placemark><Placemark><ExtendedData><Data name="@id"><value>node/4253919493</value></Data><Data name="waterway"><value>rapids</value></Data></ExtendedData><Point><coordinates>-120.8346536,39.3470755</coordinates></Point></Placemark><Placemark><name>Blackadar Rapid</name><description>Has strong lateral waves, and several holes to avoid. The river constricts here.</description><ExtendedData><Data name="@id"><value>node/4295522580</value></Data><Data name="description"><value>Has strong lateral waves, and several holes to avoid. The river constricts here.</value></Data><Data name="name"><value>Blackadar Rapid</value></Data><Data name="rapids"><value>4</value></Data><Data name="waterway"><value>rapids</value></Data></ExtendedData><Point><coordinates>-115.727346,44.0679329</coordinates></Point></Placemark><Placemark><ExtendedData><Data name="@id"><value>node/4374759242</value></Data><Data name="waterway"><value>rapids</value></Data></ExtendedData><Point><coordinates>-76.8546541,42.4178947</coordinates></Point></Placemark><Placemark><ExtendedData><Data name="@id"><value>node/4386433667</value></Data><Data name="source"><value>AK GINA</value></Data><Data name="waterway"><value>rapids</value></Data></ExtendedData><Point><coordinates>-149.4299144,60.8729428</coordinates></Point></Placemark><Placemark><name>House Rock</name><ExtendedData><Data name="@id"><value>node/4414013402</value></Data><Data name="name"><value>House Rock</value></Data><Data name="rapids"><value>3</value></Data><Data name="waterway"><value>rapids</value></Data></ExtendedData><Point><coordinates>-116.9075892,42.2788147</coordinates></Point></Placemark><Placemark><name>Bald Mountain Canyon Rapids</name><ExtendedData><Data name="@id"><value>node/4414013404</value></Data><Data name="name"><value>Bald Mountain Canyon Rapids</value></Data><Data name="waterway"><value>rapids</value></Data></ExtendedData><Point><coordinates>-116.9296931,42.2870931</coordinates></Point></Placemark><Placemark><name>Cabin Rapids</name><ExtendedData><Data name="@id"><value>node/4415279070</value></Data><Data name="name"><value>Cabin Rapids</value></Data><Data name="rapids"><value>4</value></Data><Data name="waterway"><value>rapids</value></Data></ExtendedData><Point><coordinates>-117.0530252,42.3646256</coordinates></Point></Placemark><Placemark><name>Halfmile Rapids</name><ExtendedData><Data name="@id"><value>node/4415635615</value></Data><Data name="name"><value>Halfmile Rapids</value></Data><Data name="rapids"><value>5</value></Data><Data name="waterway"><value>rapids</value></Data></ExtendedData><Point><coordinates>-117.257925,42.6521833</coordinates></Point></Placemark><Placemark><name>Raft Flip Rapids</name><ExtendedData><Data name="@id"><value>node/4415635627</value></Data><Data name="name"><value>Raft Flip Rapids</value></Data><Data name="rapids"><value>3</value></Data><Data name="waterway"><value>rapids</value></Data></ExtendedData><Point><coordinates>-117.2567341,42.6551423</coordinates></Point></Placemark><Placemark><name>Subtle Hole</name><ExtendedData><Data name="@id"><value>node/4415730201</value></Data><Data name="name"><value>Subtle Hole</value></Data><Data name="rapids"><value>4</value></Data><Data name="waterway"><value>rapids</value></Data></ExtendedData><Point><coordinates>-117.2947898,42.7093897</coordinates></Point></Placemark><Placemark><name>Bombshelter Drop</name><ExtendedData><Data name="@id"><value>node/4415730204</value></Data><Data name="name"><value>Bombshelter Drop</value></Data><Data name="rapids"><value>4</value></Data><Data name="waterway"><value>rapids</value></Data></ExtendedData><Point><coordinates>-117.2971984,42.7111674</coordinates></Point></Placemark><Placemark><name>Sharks Tooth Rapids</name><ExtendedData><Data name="@id"><value>node/4415730236</value></Data><Data name="name"><value>Sharks Tooth Rapids</value></Data><Data name="rapids"><value>4</value></Data><Data name="waterway"><value>rapids</value></Data></ExtendedData><Point><coordinates>-117.3245998,42.7197834</coordinates></Point></Placemark><Placemark><ExtendedData><Data name="@id"><value>node/4415730417</value></Data><Data name="rapids"><value>3</value></Data><Data name="waterway"><value>rapids</value></Data></ExtendedData><Point><coordinates>-117.3692117,42.7458061</coordinates></Point></Placemark><Placemark><ExtendedData><Data name="@id"><value>node/4415730420</value></Data><Data name="rapids"><value>3</value></Data><Data name="waterway"><value>rapids</value></Data></ExtendedData><Point><coordinates>-117.4034554,42.7464699</coordinates></Point></Placemark><Placemark><ExtendedData><Data name="@id"><value>node/4415730427</value></Data><Data name="rapids"><value>3</value></Data><Data name="waterway"><value>rapids</value></Data></ExtendedData><Point><coordinates>-117.3706923,42.7476419</coordinates></Point></Placemark><Placemark><name>Widowmaker</name><ExtendedData><Data name="@id"><value>node/4415730433</value></Data><Data name="name"><value>Widowmaker</value></Data><Data name="rapids"><value>5</value></Data><Data name="waterway"><value>rapids</value></Data></ExtendedData><Point><coordinates>-117.3866943,42.7486937</coordinates></Point></Placemark><Placemark><ExtendedData><Data name="@id"><value>node/4415730436</value></Data><Data name="rapids"><value>3</value></Data><Data name="waterway"><value>rapids</value></Data></ExtendedData><Point><coordinates>-117.3727683,42.7489143</coordinates></Point></Placemark><Placemark><ExtendedData><Data name="@id"><value>node/4415730438</value></Data><Data name="rapids"><value>3</value></Data><Data name="waterway"><value>rapids</value></Data></ExtendedData><Point><coordinates>-117.3900632,42.7489931</coordinates></Point></Placemark><Placemark><name>Read-it-and-Weep</name><ExtendedData><Data name="@id"><value>node/4415759411</value></Data><Data name="name"><value>Read-it-and-Weep</value></Data><Data name="rapids"><value>3</value></Data><Data name="waterway"><value>rapids</value></Data></ExtendedData><Point><coordinates>-117.698993,43.0282423</coordinates></Point></Placemark><Placemark><ExtendedData><Data name="@id"><value>node/4426914184</value></Data><Data name="waterway"><value>rapids</value></Data></ExtendedData><Point><coordinates>-79.9607879,39.2049315</coordinates></Point></Placemark><Placemark><ExtendedData><Data name="@id"><value>node/4426914187</value></Data><Data name="waterway"><value>rapids</value></Data></ExtendedData><Point><coordinates>-79.9584508,39.2056414</coordinates></Point></Placemark><Placemark><ExtendedData><Data name="@id"><value>node/4426914188</value></Data><Data name="waterway"><value>rapids</value></Data></ExtendedData><Point><coordinates>-79.9642444,39.2060072</coordinates></Point></Placemark><Placemark><ExtendedData><Data name="@id"><value>node/4426914191</value></Data><Data name="waterway"><value>rapids</value></Data></ExtendedData><Point><coordinates>-79.9667228,39.2073124</coordinates></Point></Placemark><Placemark><ExtendedData><Data name="@id"><value>node/4426914193</value></Data><Data name="waterway"><value>rapids</value></Data></ExtendedData><Point><coordinates>-79.9693728,39.2082518</coordinates></Point></Placemark><Placemark><ExtendedData><Data name="@id"><value>node/4426914219</value></Data><Data name="waterway"><value>rapids</value></Data></ExtendedData><Point><coordinates>-79.9380857,39.2196805</coordinates></Point></Placemark><Placemark><ExtendedData><Data name="@id"><value>node/4426914223</value></Data><Data name="waterway"><value>rapids</value></Data></ExtendedData><Point><coordinates>-79.9420446,39.2230438</coordinates></Point></Placemark><Placemark><ExtendedData><Data name="@id"><value>node/4426914229</value></Data><Data name="waterway"><value>rapids</value></Data></ExtendedData><Point><coordinates>-79.9444926,39.228259</coordinates></Point></Placemark><Placemark><ExtendedData><Data name="@id"><value>node/4426914231</value></Data><Data name="waterway"><value>rapids</value></Data></ExtendedData><Point><coordinates>-79.9420357,39.2289737</coordinates></Point></Placemark><Placemark><ExtendedData><Data name="@id"><value>node/4426914237</value></Data><Data name="waterway"><value>rapids</value></Data></ExtendedData><Point><coordinates>-79.9337614,39.2324577</coordinates></Point></Placemark><Placemark><ExtendedData><Data name="@id"><value>node/4426914239</value></Data><Data name="waterway"><value>rapids</value></Data></ExtendedData><Point><coordinates>-79.9344397,39.2345999</coordinates></Point></Placemark><Placemark><ExtendedData><Data name="@id"><value>node/4426914240</value></Data><Data name="waterway"><value>rapids</value></Data></ExtendedData><Point><coordinates>-79.9354267,39.2359545</coordinates></Point></Placemark><Placemark><ExtendedData><Data name="@id"><value>node/4426914242</value></Data><Data name="waterway"><value>rapids</value></Data></ExtendedData><Point><coordinates>-79.9383343,39.2387549</coordinates></Point></Placemark><Placemark><ExtendedData><Data name="@id"><value>node/4426914245</value></Data><Data name="waterway"><value>rapids</value></Data></ExtendedData><Point><coordinates>-79.9430204,39.2440003</coordinates></Point></Placemark><Placemark><ExtendedData><Data name="@id"><value>node/4426914246</value></Data><Data name="waterway"><value>rapids</value></Data></ExtendedData><Point><coordinates>-79.941484,39.2457734</coordinates></Point></Placemark><Placemark><ExtendedData><Data name="@id"><value>node/4426915319</value></Data><Data name="waterway"><value>rapids</value></Data></ExtendedData><Point><coordinates>-80.0873712,39.3858703</coordinates></Point></Placemark><Placemark><ExtendedData><Data name="@id"><value>node/4426915322</value></Data><Data name="waterway"><value>rapids</value></Data></ExtendedData><Point><coordinates>-80.0878218,39.3867638</coordinates></Point></Placemark><Placemark><ExtendedData><Data name="@id"><value>node/4426915324</value></Data><Data name="waterway"><value>rapids</value></Data></ExtendedData><Point><coordinates>-80.0889352,39.3883357</coordinates></Point></Placemark><Placemark><ExtendedData><Data name="@id"><value>node/4426915334</value></Data><Data name="waterway"><value>rapids</value></Data></ExtendedData><Point><coordinates>-80.0921697,39.3944294</coordinates></Point></Placemark><Placemark><ExtendedData><Data name="@id"><value>node/4426915349</value></Data><Data name="waterway"><value>rapids</value></Data></ExtendedData><Point><coordinates>-80.0998301,39.4035906</coordinates></Point></Placemark><Placemark><ExtendedData><Data name="@id"><value>node/4426915355</value></Data><Data name="waterway"><value>rapids</value></Data></ExtendedData><Point><coordinates>-80.10557,39.4062848</coordinates></Point></Placemark><Placemark><ExtendedData><Data name="@id"><value>node/4426915356</value></Data><Data name="waterway"><value>rapids</value></Data></ExtendedData><Point><coordinates>-80.1053232,39.4071636</coordinates></Point></Placemark><Placemark><ExtendedData><Data name="@id"><value>node/4426915358</value></Data><Data name="waterway"><value>rapids</value></Data></ExtendedData><Point><coordinates>-80.1051945,39.408349</coordinates></Point></Placemark><Placemark><name>Boulder Whitewater Park Drop 1</name><description>Class III</description><ExtendedData><Data name="@id"><value>node/4493132990</value></Data><Data name="description"><value>Class III</value></Data><Data name="name"><value>Boulder Whitewater Park Drop 1</value></Data><Data name="rapids"><value>3</value></Data><Data name="waterway"><value>rapids</value></Data></ExtendedData><Point><coordinates>-105.3009366,40.013921</coordinates></Point></Placemark><Placemark><name>Boulder Whitewater Park Drop 2</name><description>Class II (III)</description><ExtendedData><Data name="@id"><value>node/4493132991</value></Data><Data name="description"><value>Class II (III)</value></Data><Data name="name"><value>Boulder Whitewater Park Drop 2</value></Data><Data name="rapids"><value>2</value></Data><Data name="waterway"><value>rapids</value></Data></ExtendedData><Point><coordinates>-105.3002458,40.0139036</coordinates></Point></Placemark><Placemark><name>Boulder Whitewater Park Surf Wave</name><description>Class II</description><ExtendedData><Data name="@id"><value>node/4493132992</value></Data><Data name="description"><value>Class II</value></Data><Data name="name"><value>Boulder Whitewater Park Surf Wave</value></Data><Data name="rapids"><value>2</value></Data><Data name="waterway"><value>rapids</value></Data></ExtendedData><Point><coordinates>-105.297813,40.0131595</coordinates></Point></Placemark><Placemark><name>Boulder Whitewater Park Drop 4</name><description>Class III</description><ExtendedData><Data name="@id"><value>node/4493132996</value></Data><Data name="description"><value>Class III</value></Data><Data name="name"><value>Boulder Whitewater Park Drop 4</value></Data><Data name="rapids"><value>3</value></Data><Data name="waterway"><value>rapids</value></Data></ExtendedData><Point><coordinates>-105.2966287,40.0131984</coordinates></Point></Placemark><Placemark><name>Boulder Whitewater Park Small Drops</name><description>Class II-III</description><ExtendedData><Data name="@id"><value>node/4493132997</value></Data><Data name="description"><value>Class II-III</value></Data><Data name="name"><value>Boulder Whitewater Park Small Drops</value></Data><Data name="rapids"><value>2</value></Data><Data name="waterway"><value>rapids</value></Data></ExtendedData><Point><coordinates>-105.2993944,40.0135738</coordinates></Point></Placemark><Placemark><ExtendedData><Data name="@id"><value>node/4545744420</value></Data><Data name="waterway"><value>rapids</value></Data></ExtendedData><Point><coordinates>-94.4702028,44.2904546</coordinates></Point></Placemark><Placemark><ExtendedData><Data name="@id"><value>node/4545744438</value></Data><Data name="waterway"><value>rapids</value></Data></ExtendedData><Point><coordinates>-94.4764116,44.2921121</coordinates></Point></Placemark><Placemark><ExtendedData><Data name="@id"><value>node/4545750017</value></Data><Data name="waterway"><value>rapids</value></Data></ExtendedData><Point><coordinates>-94.455404,44.2848874</coordinates></Point></Placemark><Placemark><ExtendedData><Data name="@id"><value>node/4591565144</value></Data><Data name="waterway"><value>rapids</value></Data></ExtendedData><Point><coordinates>-82.3088181,37.2842653</coordinates></Point></Placemark><Placemark><name>Zoom Flume</name><ExtendedData><Data name="@id"><value>node/4633172793</value></Data><Data name="name"><value>Zoom Flume</value></Data><Data name="rapids"><value>3+</value></Data><Data name="waterway"><value>rapids</value></Data></ExtendedData><Point><coordinates>-106.0510567,38.6984603</coordinates></Point></Placemark><Placemark><name>Big Drop</name><ExtendedData><Data name="@id"><value>node/4633172794</value></Data><Data name="name"><value>Big Drop</value></Data><Data name="rapids"><value>3+</value></Data><Data name="waterway"><value>rapids</value></Data></ExtendedData><Point><coordinates>-106.0433942,38.6842949</coordinates></Point></Placemark><Placemark><name>Canyon Doors</name><ExtendedData><Data name="@id"><value>node/4633172795</value></Data><Data name="name"><value>Canyon Doors</value></Data><Data name="rapids"><value>2+</value></Data><Data name="waterway"><value>rapids</value></Data></ExtendedData><Point><coordinates>-106.0533401,38.7107148</coordinates></Point></Placemark><Placemark><name>Pinball</name><ExtendedData><Data name="@id"><value>node/4633172796</value></Data><Data name="name"><value>Pinball</value></Data><Data name="rapids"><value>3+</value></Data><Data name="waterway"><value>rapids</value></Data></ExtendedData><Point><coordinates>-106.0525814,38.708866</coordinates></Point></Placemark><Placemark><name>Hemorroid Rock</name><ExtendedData><Data name="@id"><value>node/4633172797</value></Data><Data name="name"><value>Hemorroid Rock</value></Data><Data name="rapids"><value>1+</value></Data><Data name="waterway"><value>rapids</value></Data></ExtendedData><Point><coordinates>-106.0473944,38.6918557</coordinates></Point></Placemark><Placemark><name>The Stairs</name><ExtendedData><Data name="@id"><value>node/4633172798</value></Data><Data name="name"><value>The Stairs</value></Data><Data name="rapids"><value>3+</value></Data><Data name="waterway"><value>rapids</value></Data></ExtendedData><Point><coordinates>-106.0424896,38.6811292</coordinates></Point></Placemark><Placemark><name>Toilet Bowl</name><ExtendedData><Data name="@id"><value>node/4633172799</value></Data><Data name="name"><value>Toilet Bowl</value></Data><Data name="rapids"><value>3+</value></Data><Data name="waterway"><value>rapids</value></Data></ExtendedData><Point><coordinates>-106.0491238,38.6730309</coordinates></Point></Placemark><Placemark><name>Widowmaker</name><ExtendedData><Data name="@id"><value>node/4633172800</value></Data><Data name="name"><value>Widowmaker</value></Data><Data name="rapids"><value>3+</value></Data><Data name="waterway"><value>rapids</value></Data></ExtendedData><Point><coordinates>-106.049324,38.6723236</coordinates></Point></Placemark><Placemark><name>Raft Ripper</name><ExtendedData><Data name="@id"><value>node/4633172801</value></Data><Data name="name"><value>Raft Ripper</value></Data><Data name="rapids"><value>3+</value></Data><Data name="waterway"><value>rapids</value></Data></ExtendedData><Point><coordinates>-106.0467627,38.6619119</coordinates></Point></Placemark><Placemark><name>Last Chance</name><ExtendedData><Data name="@id"><value>node/4633172802</value></Data><Data name="name"><value>Last Chance</value></Data><Data name="rapids"><value>2</value></Data><Data name="waterway"><value>rapids</value></Data></ExtendedData><Point><coordinates>-106.0497153,38.6562741</coordinates></Point></Placemark><Placemark><name>Seidel's Suckhole</name><ExtendedData><Data name="@id"><value>node/4633189671</value></Data><Data name="name"><value>Seidel's Suckhole</value></Data><Data name="rapids"><value>3+</value></Data><Data name="waterway"><value>rapids</value></Data></ExtendedData><Point><coordinates>-106.0527987,38.6385924</coordinates></Point></Placemark><Placemark><name>Wally's Wallow</name><ExtendedData><Data name="@id"><value>node/4673061162</value></Data><Data name="fixme"><value>Verify exact location</value></Data><Data name="name"><value>Wally's Wallow</value></Data><Data name="rapids"><value>4</value></Data><Data name="waterway"><value>rapids</value></Data></ExtendedData><Point><coordinates>-115.5746012,42.254408</coordinates></Point></Placemark><Placemark><ExtendedData><Data name="@id"><value>node/4756599340</value></Data><Data name="waterway"><value>rapids</value></Data></ExtendedData><Point><coordinates>-84.0363999,36.5639152</coordinates></Point></Placemark><Placemark><ExtendedData><Data name="@id"><value>node/4756599373</value></Data><Data name="waterway"><value>rapids</value></Data></ExtendedData><Point><coordinates>-84.0464502,36.5750243</coordinates></Point></Placemark><Placemark><ExtendedData><Data name="@id"><value>node/4756599382</value></Data><Data name="waterway"><value>rapids</value></Data></ExtendedData><Point><coordinates>-84.0537538,36.577258</coordinates></Point></Placemark><Placemark><ExtendedData><Data name="@id"><value>node/4756599383</value></Data><Data name="waterway"><value>rapids</value></Data></ExtendedData><Point><coordinates>-84.0550371,36.5776385</coordinates></Point></Placemark><Placemark><ExtendedData><Data name="@id"><value>node/4756599386</value></Data><Data name="waterway"><value>rapids</value></Data></ExtendedData><Point><coordinates>-84.0562537,36.5776134</coordinates></Point></Placemark><Placemark><ExtendedData><Data name="@id"><value>node/4756599388</value></Data><Data name="waterway"><value>rapids</value></Data></ExtendedData><Point><coordinates>-84.058276,36.5774626</coordinates></Point></Placemark><Placemark><ExtendedData><Data name="@id"><value>node/4756599404</value></Data><Data name="waterway"><value>rapids</value></Data></ExtendedData><Point><coordinates>-84.065459,36.5757545</coordinates></Point></Placemark><Placemark><ExtendedData><Data name="@id"><value>node/4756599414</value></Data><Data name="waterway"><value>rapids</value></Data></ExtendedData><Point><coordinates>-84.0715852,36.57653</coordinates></Point></Placemark><Placemark><name>Gordon Ridge Rapids</name><ExtendedData><Data name="@id"><value>node/4763250611</value></Data><Data name="name"><value>Gordon Ridge Rapids</value></Data><Data name="waterway"><value>rapids</value></Data></ExtendedData><Point><coordinates>-120.9068612,45.5653746</coordinates></Point></Placemark><Placemark><name>Boxcar Rapids</name><ExtendedData><Data name="@id"><value>node/4903884386</value></Data><Data name="name"><value>Boxcar Rapids</value></Data><Data name="waterway"><value>rapids</value></Data><Data name="wikidata"><value>Q37965</value></Data><Data name="wikipedia"><value>en:Boxcar Rapids</value></Data></ExtendedData><Point><coordinates>-121.1092573,45.1527844</coordinates></Point></Placemark><Placemark><name>Tight And Right Rapids</name><ExtendedData><Data name="@id"><value>node/4947393242</value></Data><Data name="name"><value>Tight And Right Rapids</value></Data><Data name="waterway"><value>rapids</value></Data></ExtendedData><Point><coordinates>-116.059229,44.0891113</coordinates></Point></Placemark><Placemark><name>Bronco Billy Rapids</name><ExtendedData><Data name="@id"><value>node/4947393248</value></Data><Data name="name"><value>Bronco Billy Rapids</value></Data><Data name="waterway"><value>rapids</value></Data></ExtendedData><Point><coordinates>-116.0530077,44.0904557</coordinates></Point></Placemark><Placemark><name>Pond Falls</name><ExtendedData><Data name="@id"><value>node/5063380215</value></Data><Data name="name"><value>Pond Falls</value></Data><Data name="waterway"><value>rapids</value></Data></ExtendedData><Point><coordinates>-68.6704009,45.6355761</coordinates></Point></Placemark><Placemark><name>Seymour Rapids</name><ExtendedData><Data name="@id"><value>node/5067667710</value></Data><Data name="ele"><value>221</value></Data><Data name="gnis:feature_id"><value>1574693</value></Data><Data name="name"><value>Seymour Rapids</value></Data><Data name="waterway"><value>rapids</value></Data></ExtendedData><Point><coordinates>-88.1258125,45.2609647</coordinates></Point></Placemark><Placemark><name>Growler Rapids</name><ExtendedData><Data name="@id"><value>node/5233535046</value></Data><Data name="ele"><value>863</value></Data><Data name="gnis:feature_id"><value>382762</value></Data><Data name="name"><value>Growler Rapids</value></Data><Data name="waterway"><value>rapids</value></Data></ExtendedData><Point><coordinates>-115.3274467,45.4981034</coordinates></Point></Placemark><Placemark><name>Washout Rapids</name><ExtendedData><Data name="@id"><value>node/5470535047</value></Data><Data name="name"><value>Washout Rapids</value></Data><Data name="waterway"><value>rapids</value></Data></ExtendedData><Point><coordinates>-120.8941501,45.5421452</coordinates></Point></Placemark><Placemark><name>Knock-Knock Rapids</name><ExtendedData><Data name="@id"><value>node/5470535094</value></Data><Data name="name"><value>Knock-Knock Rapids</value></Data><Data name="waterway"><value>rapids</value></Data></ExtendedData><Point><coordinates>-120.897975,45.5949235</coordinates></Point></Placemark><Placemark><name>Colorado Rapids</name><ExtendedData><Data name="@id"><value>node/5470535095</value></Data><Data name="name"><value>Colorado Rapids</value></Data><Data name="waterway"><value>rapids</value></Data></ExtendedData><Point><coordinates>-120.8958185,45.5870027</coordinates></Point></Placemark><Placemark><name>Rattlesnake Rapids</name><ExtendedData><Data name="@id"><value>node/5470535262</value></Data><Data name="name"><value>Rattlesnake Rapids</value></Data><Data name="waterway"><value>rapids</value></Data></ExtendedData><Point><coordinates>-120.9099939,45.603269</coordinates></Point></Placemark><Placemark><ExtendedData><Data name="@id"><value>node/5477164466</value></Data><Data name="waterway"><value>rapids</value></Data></ExtendedData><Point><coordinates>-121.031093,45.2623125</coordinates></Point></Placemark><Placemark><ExtendedData><Data name="@id"><value>node/5486045158</value></Data><Data name="waterway"><value>rapids</value></Data></ExtendedData><Point><coordinates>-69.4508704,46.3267079</coordinates></Point></Placemark><Placemark><ExtendedData><Data name="@id"><value>node/5486045166</value></Data><Data name="waterway"><value>rapids</value></Data></ExtendedData><Point><coordinates>-69.4455496,46.325312</coordinates></Point></Placemark><Placemark><ExtendedData><Data name="@id"><value>node/5486045169</value></Data><Data name="waterway"><value>rapids</value></Data></ExtendedData><Point><coordinates>-69.4448596,46.3247882</coordinates></Point></Placemark><Placemark><ExtendedData><Data name="@id"><value>node/5560626309</value></Data><Data name="waterway"><value>rapids</value></Data></ExtendedData><Point><coordinates>-123.7744899,42.3029044</coordinates></Point></Placemark><Placemark><name>Walthenberg Rapids</name><ExtendedData><Data name="@id"><value>node/5582215410</value></Data><Data name="ele"><value>657</value></Data><Data name="gnis:feature_id"><value>13332</value></Data><Data name="name"><value>Walthenberg Rapids</value></Data><Data name="waterway"><value>rapids</value></Data></ExtendedData><Point><coordinates>-112.406629,36.2383811</coordinates></Point></Placemark><Placemark><name>Sapphire Rapids</name><ExtendedData><Data name="@id"><value>node/5582216455</value></Data><Data name="ele"><value>690</value></Data><Data name="gnis:feature_id"><value>24091</value></Data><Data name="name"><value>Sapphire Rapids</value></Data><Data name="waterway"><value>rapids</value></Data></ExtendedData><Point><coordinates>-112.2922673,36.1471119</coordinates></Point></Placemark><Placemark><name>Agate Rapids</name><ExtendedData><Data name="@id"><value>node/5582216457</value></Data><Data name="ele"><value>691</value></Data><Data name="gnis:feature_id"><value>24113</value></Data><Data name="name"><value>Agate Rapids</value></Data><Data name="waterway"><value>rapids</value></Data></ExtendedData><Point><coordinates>-112.2798498,36.1439504</coordinates></Point></Placemark><Placemark><name>Willies Necktie Rapids</name><ExtendedData><Data name="@id"><value>node/5582216461</value></Data><Data name="ele"><value>694</value></Data><Data name="gnis:feature_id"><value>24108</value></Data><Data name="name"><value>Willies Necktie Rapids</value></Data><Data name="waterway"><value>rapids</value></Data></ExtendedData><Point><coordinates>-112.2631559,36.1456791</coordinates></Point></Placemark><Placemark><name>Granite Rapids</name><ExtendedData><Data name="@id"><value>node/5582216488</value></Data><Data name="ele"><value>719</value></Data><Data name="gnis:feature_id"><value>5254</value></Data><Data name="name"><value>Granite Rapids</value></Data><Data name="waterway"><value>rapids</value></Data></ExtendedData><Point><coordinates>-112.1833282,36.0983918</coordinates></Point></Placemark><Placemark><name>Eightyfive Mile Rapids</name><ExtendedData><Data name="@id"><value>node/5582216630</value></Data><Data name="ele"><value>749</value></Data><Data name="gnis:feature_id"><value>24102</value></Data><Data name="name"><value>Eightyfive Mile Rapids</value></Data><Data name="waterway"><value>rapids</value></Data></ExtendedData><Point><coordinates>-112.0452175,36.0855256</coordinates></Point></Placemark><Placemark><name>Eightythree Mile Rapids</name><ExtendedData><Data name="@id"><value>node/5582216636</value></Data><Data name="ele"><value>754</value></Data><Data name="gnis:feature_id"><value>4368</value></Data><Data name="name"><value>Eightythree Mile Rapids</value></Data><Data name="waterway"><value>rapids</value></Data></ExtendedData><Point><coordinates>-112.0283138,36.0768923</coordinates></Point></Placemark><Placemark><name>Sockdolager Rapids</name><ExtendedData><Data name="@id"><value>node/5582216653</value></Data><Data name="ele"><value>774</value></Data><Data name="gnis:feature_id"><value>11518</value></Data><Data name="name"><value>Sockdolager Rapids</value></Data><Data name="waterway"><value>rapids</value></Data></ExtendedData><Point><coordinates>-111.9539365,36.0462564</coordinates></Point></Placemark><Placemark><ExtendedData><Data name="@id"><value>node/5591002466</value></Data><Data name="waterway"><value>rapids</value></Data></ExtendedData><Point><coordinates>-82.0049591,33.5222301</coordinates></Point></Placemark><Placemark><ExtendedData><Data name="@id"><value>node/5591002469</value></Data><Data name="waterway"><value>rapids</value></Data></ExtendedData><Point><coordinates>-81.9982716,33.5150203</coordinates></Point></Placemark><Placemark><ExtendedData><Data name="@id"><value>node/5591156165</value></Data><Data name="waterway"><value>rapids</value></Data></ExtendedData><Point><coordinates>-82.0301715,33.5457467</coordinates></Point></Placemark><Placemark><ExtendedData><Data name="@id"><value>node/5593372110</value></Data><Data name="waterway"><value>rapids</value></Data></ExtendedData><Point><coordinates>-81.9960676,33.5113808</coordinates></Point></Placemark><Placemark><description>Stone weir which replaced the former Mill Street Dam.</description><ExtendedData><Data name="@id"><value>node/5599514535</value></Data><Data name="description"><value>Stone weir which replaced the former Mill Street Dam.</value></Data><Data name="mapillary"><value>216171833340799</value></Data><Data name="old_name"><value>Mill Street Dam</value></Data><Data name="waterway"><value>rapids</value></Data></ExtendedData><Point><coordinates>-84.6538463,42.5137266</coordinates></Point></Placemark><Placemark><name>Kwagunt Rapids</name><ExtendedData><Data name="@id"><value>node/5600442863</value></Data><Data name="ele"><value>849</value></Data><Data name="gnis:feature_id"><value>6786</value></Data><Data name="name"><value>Kwagunt Rapids</value></Data><Data name="waterway"><value>rapids</value></Data></ExtendedData><Point><coordinates>-111.8275845,36.2637082</coordinates></Point></Placemark><Placemark><name>Twentynine Mile Rapids</name><ExtendedData><Data name="@id"><value>node/5600442984</value></Data><Data name="ele"><value>882</value></Data><Data name="gnis:feature_id"><value>1854206</value></Data><Data name="name"><value>Twentynine Mile Rapids</value></Data><Data name="waterway"><value>rapids</value></Data></ExtendedData><Point><coordinates>-111.8340692,36.5313241</coordinates></Point></Placemark><Placemark><name>Agate Rapids</name><ExtendedData><Data name="@id"><value>node/5600484910</value></Data><Data name="gnis:feature_id"><value>24113</value></Data><Data name="name"><value>Agate Rapids</value></Data><Data name="waterway"><value>rapids</value></Data></ExtendedData><Point><coordinates>-112.2798474,36.1440099</coordinates></Point></Placemark><Placemark><ExtendedData><Data name="@id"><value>node/5607296843</value></Data><Data name="ele"><value>0.0</value></Data><Data name="nhd-shp:com_id"><value>21399951</value></Data><Data name="nhd-shp:fdate"><value>Mon Nov 29 00:00:00 CET 1999</value></Data><Data name="source"><value>NHD</value></Data><Data name="waterway"><value>rapids</value></Data></ExtendedData><Point><coordinates>-113.3277817,35.9312854</coordinates></Point></Placemark><Placemark><ExtendedData><Data name="@id"><value>node/5607296862</value></Data><Data name="ele"><value>0.0</value></Data><Data name="nhd-shp:com_id"><value>21399937</value></Data><Data name="nhd-shp:fdate"><value>Mon Nov 29 00:00:00 CET 1999</value></Data><Data name="source"><value>NHD</value></Data><Data name="waterway"><value>rapids</value></Data></ExtendedData><Point><coordinates>-113.3356546,35.9810851</coordinates></Point></Placemark><Placemark><ExtendedData><Data name="@id"><value>node/5607296875</value></Data><Data name="ele"><value>0.0</value></Data><Data name="nhd-shp:com_id"><value>20715110</value></Data><Data name="nhd-shp:fdate"><value>Tue Nov 30 00:00:00 CET 1999</value></Data><Data name="source"><value>NHD</value></Data><Data name="waterway"><value>rapids</value></Data></ExtendedData><Point><coordinates>-113.3492404,36.0179694</coordinates></Point></Placemark><Placemark><ExtendedData><Data name="@id"><value>node/5607296880</value></Data><Data name="ele"><value>0.0</value></Data><Data name="nhd-shp:com_id"><value>20715108</value></Data><Data name="nhd-shp:fdate"><value>Tue Nov 30 00:00:00 CET 1999</value></Data><Data name="source"><value>NHD</value></Data><Data name="waterway"><value>rapids</value></Data></ExtendedData><Point><coordinates>-113.3529201,36.0378924</coordinates></Point></Placemark><Placemark><ExtendedData><Data name="@id"><value>node/5607296883</value></Data><Data name="ele"><value>0.0</value></Data><Data name="nhd-shp:com_id"><value>20715106</value></Data><Data name="nhd-shp:fdate"><value>Tue Nov 30 00:00:00 CET 1999</value></Data><Data name="source"><value>NHD</value></Data><Data name="waterway"><value>rapids</value></Data></ExtendedData><Point><coordinates>-113.3491232,36.0520058</coordinates></Point></Placemark><Placemark><ExtendedData><Data name="@id"><value>node/5607296886</value></Data><Data name="ele"><value>0.0</value></Data><Data name="nhd-shp:com_id"><value>20715104</value></Data><Data name="nhd-shp:fdate"><value>Tue Nov 30 00:00:00 CET 1999</value></Data><Data name="source"><value>NHD</value></Data><Data name="waterway"><value>rapids</value></Data></ExtendedData><Point><coordinates>-113.3408885,36.060618</coordinates></Point></Placemark><Placemark><ExtendedData><Data name="@id"><value>node/5607296890</value></Data><Data name="nhd-shp:com_id"><value>20715100</value></Data><Data name="waterway"><value>rapids</value></Data></ExtendedData><Point><coordinates>-113.3270662,36.0776545</coordinates></Point></Placemark><Placemark><ExtendedData><Data name="@id"><value>node/5607296905</value></Data><Data name="ele"><value>0.0</value></Data><Data name="nhd-shp:com_id"><value>20715096</value></Data><Data name="nhd-shp:fdate"><value>Tue Nov 30 00:00:00 CET 1999</value></Data><Data name="source"><value>NHD</value></Data><Data name="waterway"><value>rapids</value></Data></ExtendedData><Point><coordinates>-113.2669177,36.0917323</coordinates></Point></Placemark><Placemark><ExtendedData><Data name="@id"><value>node/5607296906</value></Data><Data name="ele"><value>0.0</value></Data><Data name="nhd-shp:com_id"><value>20715098</value></Data><Data name="nhd-shp:fdate"><value>Tue Nov 30 00:00:00 CET 1999</value></Data><Data name="source"><value>NHD</value></Data><Data name="waterway"><value>rapids</value></Data></ExtendedData><Point><coordinates>-113.2621112,36.0911775</coordinates></Point></Placemark><Placemark><ExtendedData><Data name="@id"><value>node/5607296912</value></Data><Data name="nhd-shp:com_id"><value>20715094</value></Data><Data name="waterway"><value>rapids</value></Data></ExtendedData><Point><coordinates>-113.2422906,36.0926138</coordinates></Point></Placemark><Placemark><ExtendedData><Data name="@id"><value>node/5607296918</value></Data><Data name="nhd-shp:com_id"><value>20715092</value></Data><Data name="waterway"><value>rapids</value></Data></ExtendedData><Point><coordinates>-113.2215895,36.0943949</coordinates></Point></Placemark><Placemark><ExtendedData><Data name="@id"><value>node/5607296924</value></Data><Data name="ele"><value>0.0</value></Data><Data name="nhd-shp:com_id"><value>20715088</value></Data><Data name="nhd-shp:fdate"><value>Tue Nov 30 00:00:00 CET 1999</value></Data><Data name="source"><value>NHD</value></Data><Data name="waterway"><value>rapids</value></Data></ExtendedData><Point><coordinates>-113.2151029,36.1087311</coordinates></Point></Placemark><Placemark><ExtendedData><Data name="@id"><value>node/5607296929</value></Data><Data name="ele"><value>0.0</value></Data><Data name="nhd-shp:com_id"><value>20715086</value></Data><Data name="nhd-shp:fdate"><value>Tue Nov 30 00:00:00 CET 1999</value></Data><Data name="source"><value>NHD</value></Data><Data name="waterway"><value>rapids</value></Data></ExtendedData><Point><coordinates>-113.2014878,36.1205682</coordinates></Point></Placemark><Placemark><ExtendedData><Data name="@id"><value>node/5607296946</value></Data><Data name="ele"><value>0.0</value></Data><Data name="nhd-shp:com_id"><value>20715080</value></Data><Data name="nhd-shp:fdate"><value>Tue Nov 30 00:00:00 CET 1999</value></Data><Data name="source"><value>NHD</value></Data><Data name="waterway"><value>rapids</value></Data></ExtendedData><Point><coordinates>-113.1667997,36.166633</coordinates></Point></Placemark><Placemark><ExtendedData><Data name="@id"><value>node/5607296957</value></Data><Data name="ele"><value>0.0</value></Data><Data name="nhd-shp:com_id"><value>20715082</value></Data><Data name="nhd-shp:fdate"><value>Tue Nov 30 00:00:00 CET 1999</value></Data><Data name="source"><value>NHD</value></Data><Data name="waterway"><value>rapids</value></Data></ExtendedData><Point><coordinates>-113.1343671,36.1673957</coordinates></Point></Placemark><Placemark><ExtendedData><Data name="@id"><value>node/5607296962</value></Data><Data name="ele"><value>0.0</value></Data><Data name="nhd-shp:com_id"><value>20715078</value></Data><Data name="nhd-shp:fdate"><value>Tue Nov 30 00:00:00 CET 1999</value></Data><Data name="source"><value>NHD</value></Data><Data name="waterway"><value>rapids</value></Data></ExtendedData><Point><coordinates>-113.1157538,36.1819679</coordinates></Point></Placemark><Placemark><ExtendedData><Data name="@id"><value>node/5607296963</value></Data><Data name="ele"><value>0.0</value></Data><Data name="nhd-shp:com_id"><value>20715076</value></Data><Data name="nhd-shp:fdate"><value>Tue Nov 30 00:00:00 CET 1999</value></Data><Data name="source"><value>NHD</value></Data><Data name="waterway"><value>rapids</value></Data></ExtendedData><Point><coordinates>-113.104291,36.1887106</coordinates></Point></Placemark><Placemark><ExtendedData><Data name="@id"><value>node/5607296965</value></Data><Data name="ele"><value>0.0</value></Data><Data name="nhd-shp:com_id"><value>20715072</value></Data><Data name="nhd-shp:fdate"><value>Tue Nov 30 00:00:00 CET 1999</value></Data><Data name="source"><value>NHD</value></Data><Data name="waterway"><value>rapids</value></Data></ExtendedData><Point><coordinates>-113.0946281,36.1938612</coordinates></Point></Placemark><Placemark><name>Lava Falls Rapids</name><ExtendedData><Data name="@id"><value>node/5607296967</value></Data><Data name="ele"><value>507</value></Data><Data name="gnis:feature_id"><value>6916</value></Data><Data name="name"><value>Lava Falls Rapids</value></Data><Data name="nhd-shp:com_id"><value>20715070</value></Data><Data name="nhd-shp:fdate"><value>Tue Nov 30 00:00:00 CET 1999</value></Data><Data name="source"><value>NHD</value></Data><Data name="waterway"><value>rapids</value></Data></ExtendedData><Point><coordinates>-113.0837966,36.1974836</coordinates></Point></Placemark><Placemark><ExtendedData><Data name="@id"><value>node/5607296973</value></Data><Data name="ele"><value>0.0</value></Data><Data name="nhd-shp:com_id"><value>20715066</value></Data><Data name="nhd-shp:fdate"><value>Tue Nov 30 00:00:00 CET 1999</value></Data><Data name="source"><value>NHD</value></Data><Data name="waterway"><value>rapids</value></Data></ExtendedData><Point><coordinates>-113.0537372,36.2087738</coordinates></Point></Placemark><Placemark><ExtendedData><Data name="@id"><value>node/5607296976</value></Data><Data name="ele"><value>0.0</value></Data><Data name="nhd-shp:com_id"><value>20715062</value></Data><Data name="nhd-shp:fdate"><value>Tue Nov 30 00:00:00 CET 1999</value></Data><Data name="source"><value>NHD</value></Data><Data name="waterway"><value>rapids</value></Data></ExtendedData><Point><coordinates>-113.0474507,36.2159631</coordinates></Point></Placemark><Placemark><ExtendedData><Data name="@id"><value>node/5607296985</value></Data><Data name="ele"><value>0.0</value></Data><Data name="nhd-shp:com_id"><value>20715052</value></Data><Data name="nhd-shp:fdate"><value>Tue Nov 30 00:00:00 CET 1999</value></Data><Data name="source"><value>NHD</value></Data><Data name="waterway"><value>rapids</value></Data></ExtendedData><Point><coordinates>-113.0197404,36.2365618</coordinates></Point></Placemark><Placemark><ExtendedData><Data name="@id"><value>node/5607296986</value></Data><Data name="ele"><value>0.0</value></Data><Data name="nhd-shp:com_id"><value>20715050</value></Data><Data name="nhd-shp:fdate"><value>Tue Nov 30 00:00:00 CET 1999</value></Data><Data name="source"><value>NHD</value></Data><Data name="waterway"><value>rapids</value></Data></ExtendedData><Point><coordinates>-113.015674,36.2374829</coordinates></Point></Placemark><Placemark><name>Fishtail Rapids</name><ExtendedData><Data name="@id"><value>node/5607297212</value></Data><Data name="ele"><value>582</value></Data><Data name="gnis:feature_id"><value>4639</value></Data><Data name="name"><value>Fishtail Rapids</value></Data><Data name="waterway"><value>rapids</value></Data></ExtendedData><Point><coordinates>-112.5557252,36.4002198</coordinates></Point></Placemark><Placemark><name>Hundred and Thirtyfive Mile Rapids</name><ExtendedData><Data name="@id"><value>node/5607297231</value></Data><Data name="ele"><value>605</value></Data><Data name="gnis:feature_id"><value>6125</value></Data><Data name="name"><value>Hundred and Thirtyfive Mile Rapids</value></Data><Data name="waterway"><value>rapids</value></Data></ExtendedData><Point><coordinates>-112.4860301,36.3787625</coordinates></Point></Placemark><Placemark><name>Tapeats Rapids</name><ExtendedData><Data name="@id"><value>node/5607297234</value></Data><Data name="ele"><value>607</value></Data><Data name="gnis:feature_id"><value>12173</value></Data><Data name="name"><value>Tapeats Rapids</value></Data><Data name="waterway"><value>rapids</value></Data></ExtendedData><Point><coordinates>-112.4698794,36.3703413</coordinates></Point></Placemark><Placemark><name>Deubendorff Rapids</name><ExtendedData><Data name="@id"><value>node/5607297240</value></Data><Data name="ele"><value>606</value></Data><Data name="gnis:feature_id"><value>3891</value></Data><Data name="name"><value>Deubendorff Rapids</value></Data><Data name="waterway"><value>rapids</value></Data></ExtendedData><Point><coordinates>-112.4549416,36.3445467</coordinates></Point></Placemark><Placemark><name>Bedrock Rapids</name><ExtendedData><Data name="@id"><value>node/5607297245</value></Data><Data name="ele"><value>621</value></Data><Data name="gnis:feature_id"><value>1176</value></Data><Data name="name"><value>Bedrock Rapids</value></Data><Data name="waterway"><value>rapids</value></Data></ExtendedData><Point><coordinates>-112.462244,36.3297544</coordinates></Point></Placemark><Placemark><name>Wards Cove Rapids</name><ExtendedData><Data name="@id"><value>node/5607297307</value></Data><Data name="ele"><value>351</value></Data><Data name="gnis:feature_id"><value>13342</value></Data><Data name="name"><value>Wards Cove Rapids</value></Data><Data name="waterway"><value>rapids</value></Data></ExtendedData><Point><coordinates>-113.7790796,35.9905689</coordinates></Point></Placemark><Placemark><name>Waterfall Rapids</name><ExtendedData><Data name="@id"><value>node/5607297314</value></Data><Data name="ele"><value>353</value></Data><Data name="gnis:feature_id"><value>13389</value></Data><Data name="name"><value>Waterfall Rapids</value></Data><Data name="waterway"><value>rapids</value></Data></ExtendedData><Point><coordinates>-113.7554675,35.9677913</coordinates></Point></Placemark><Placemark><ExtendedData><Data name="@id"><value>node/5607297422</value></Data><Data name="ele"><value>0.0</value></Data><Data name="gnis:fcode"><value>43100</value></Data><Data name="nhd-shp:com_id"><value>122625637</value></Data><Data name="nhd-shp:fdate"><value>Wed Jul 14 00:00:00 CEST 2004</value></Data><Data name="source"><value>NHD</value></Data><Data name="waterway"><value>rapids</value></Data></ExtendedData><Point><coordinates>-113.7406375,35.9469448</coordinates></Point></Placemark><Placemark><name>Triumphal Arch Rapids</name><ExtendedData><Data name="@id"><value>node/5607297425</value></Data><Data name="ele"><value>357</value></Data><Data name="gnis:feature_id"><value>12731</value></Data><Data name="name"><value>Triumphal Arch Rapids</value></Data><Data name="waterway"><value>rapids</value></Data></ExtendedData><Point><coordinates>-113.7354665,35.939458</coordinates></Point></Placemark><Placemark><name>Devils Slide Rapids</name><ExtendedData><Data name="@id"><value>node/5607297429</value></Data><Data name="ele"><value>358</value></Data><Data name="gnis:feature_id"><value>3904</value></Data><Data name="name"><value>Devils Slide Rapids</value></Data><Data name="waterway"><value>rapids</value></Data></ExtendedData><Point><coordinates>-113.7146323,35.9300135</coordinates></Point></Placemark><Placemark><ExtendedData><Data name="@id"><value>node/5607297433</value></Data><Data name="ele"><value>0.0</value></Data><Data name="gnis:fcode"><value>43100</value></Data><Data name="nhd-shp:com_id"><value>122625643</value></Data><Data name="nhd-shp:fdate"><value>Wed Jul 14 00:00:00 CEST 2004</value></Data><Data name="source"><value>NHD</value></Data><Data name="waterway"><value>rapids</value></Data></ExtendedData><Point><coordinates>-113.7150046,35.9150575</coordinates></Point></Placemark><Placemark><name>Last Chance Rapids</name><ExtendedData><Data name="@id"><value>node/5607297438</value></Data><Data name="ele"><value>362</value></Data><Data name="gnis:feature_id"><value>6891</value></Data><Data name="name"><value>Last Chance Rapids</value></Data><Data name="waterway"><value>rapids</value></Data></ExtendedData><Point><coordinates>-113.7118544,35.8950138</coordinates></Point></Placemark><Placemark><ExtendedData><Data name="@id"><value>node/5607297439</value></Data><Data name="ele"><value>0.0</value></Data><Data name="gnis:fcode"><value>43100</value></Data><Data name="nhd-shp:com_id"><value>122625646</value></Data><Data name="nhd-shp:fdate"><value>Wed Jul 14 00:00:00 CEST 2004</value></Data><Data name="source"><value>NHD</value></Data><Data name="waterway"><value>rapids</value></Data></ExtendedData><Point><coordinates>-113.7120623,35.8907794</coordinates></Point></Placemark><Placemark><name>Reference Point Rapids</name><ExtendedData><Data name="@id"><value>node/5607297441</value></Data><Data name="ele"><value>363</value></Data><Data name="gnis:feature_id"><value>10203</value></Data><Data name="name"><value>Reference Point Rapids</value></Data><Data name="waterway"><value>rapids</value></Data></ExtendedData><Point><coordinates>-113.7129655,35.887236</coordinates></Point></Placemark><Placemark><ExtendedData><Data name="@id"><value>node/5607297446</value></Data><Data name="gnis:fcode"><value>43100</value></Data><Data name="gnis:ftype"><value>Rapids</value></Data><Data name="nhd:com_id"><value>122625652</value></Data><Data name="nhd:fdate"><value>Wed Jul 14 00:00:00 CEST 2004</value></Data><Data name="source"><value>NHD</value></Data><Data name="waterway"><value>rapids</value></Data></ExtendedData><Point><coordinates>-113.6838663,35.8761749</coordinates></Point></Placemark><Placemark><ExtendedData><Data name="@id"><value>node/5607297451</value></Data><Data name="gnis:fcode"><value>43100</value></Data><Data name="gnis:ftype"><value>Rapids</value></Data><Data name="nhd:com_id"><value>122643710</value></Data><Data name="nhd:fdate"><value>Wed Jul 14 00:00:00 CEST 2004</value></Data><Data name="source"><value>NHD</value></Data><Data name="waterway"><value>rapids</value></Data></ExtendedData><Point><coordinates>-113.673664,35.8681028</coordinates></Point></Placemark><Placemark><name>Surprise Rapids</name><ExtendedData><Data name="@id"><value>node/5607297456</value></Data><Data name="ele"><value>375</value></Data><Data name="gnis:feature_id"><value>12015</value></Data><Data name="name"><value>Surprise Rapids</value></Data><Data name="nhd:com_id"><value>122643714</value></Data><Data name="nhd:fdate"><value>Wed Jul 14 00:00:00 CEST 2004</value></Data><Data name="source"><value>NHD</value></Data><Data name="waterway"><value>rapids</value></Data></ExtendedData><Point><coordinates>-113.6635191,35.8555692</coordinates></Point></Placemark><Placemark><ExtendedData><Data name="@id"><value>node/5607297459</value></Data><Data name="gnis:fcode"><value>43100</value></Data><Data name="gnis:ftype"><value>Rapids</value></Data><Data name="nhd:com_id"><value>122643716</value></Data><Data name="nhd:fdate"><value>Wed Jul 14 00:00:00 CEST 2004</value></Data><Data name="source"><value>NHD</value></Data><Data name="waterway"><value>rapids</value></Data></ExtendedData><Point><coordinates>-113.6551988,35.8477944</coordinates></Point></Placemark><Placemark><name>Two Hundred and Thirtyseven Mile Rapids</name><ExtendedData><Data name="@id"><value>node/5607297492</value></Data><Data name="ele"><value>368</value></Data><Data name="gnis:feature_id"><value>12993</value></Data><Data name="name"><value>Two Hundred and Thirtyseven Mile Rapids</value></Data><Data name="waterway"><value>rapids</value></Data></ExtendedData><Point><coordinates>-113.5457368,35.7964019</coordinates></Point></Placemark><Placemark><ExtendedData><Data name="@id"><value>node/5607297499</value></Data><Data name="ele"><value>0.0</value></Data><Data name="nhd-shp:com_id"><value>21400009</value></Data><Data name="nhd-shp:fdate"><value>Mon Nov 29 00:00:00 CET 1999</value></Data><Data name="source"><value>NHD</value></Data><Data name="waterway"><value>rapids</value></Data></ExtendedData><Point><coordinates>-113.5141316,35.7676897</coordinates></Point></Placemark><Placemark><name>Two Hundred and Thirtytwo Mile Rapids</name><ExtendedData><Data name="@id"><value>node/5607297505</value></Data><Data name="ele"><value>383</value></Data><Data name="gnis:feature_id"><value>12994</value></Data><Data name="name"><value>Two Hundred and Thirtytwo Mile Rapids</value></Data><Data name="waterway"><value>rapids</value></Data></ExtendedData><Point><coordinates>-113.4693857,35.7648608</coordinates></Point></Placemark><Placemark><name>Two Hundred and Thirtyone Mile Rapids</name><ExtendedData><Data name="@id"><value>node/5607297509</value></Data><Data name="ele"><value>388</value></Data><Data name="gnis:feature_id"><value>12992</value></Data><Data name="name"><value>Two Hundred and Thirtyone Mile Rapids</value></Data><Data name="nhd-shp:com_id"><value>21400013</value></Data><Data name="nhd-shp:fdate"><value>Mon Nov 29 00:00:00 CET 1999</value></Data><Data name="source"><value>NHD</value></Data><Data name="waterway"><value>rapids</value></Data></ExtendedData><Point><coordinates>-113.4541197,35.7589787</coordinates></Point></Placemark><Placemark><name>Travertine Rapids</name><ExtendedData><Data name="@id"><value>node/5607297514</value></Data><Data name="ele"><value>392</value></Data><Data name="gnis:feature_id"><value>12695</value></Data><Data name="name"><value>Travertine Rapids</value></Data><Data name="nhd-shp:com_id"><value>21400017</value></Data><Data name="nhd-shp:fdate"><value>Mon Nov 29 00:00:00 CET 1999</value></Data><Data name="source"><value>NHD</value></Data><Data name="waterway"><value>rapids</value></Data></ExtendedData><Point><coordinates>-113.4232326,35.7514024</coordinates></Point></Placemark><Placemark><ExtendedData><Data name="@id"><value>node/5607297522</value></Data><Data name="ele"><value>0.0</value></Data><Data name="nhd-shp:com_id"><value>21400015</value></Data><Data name="nhd-shp:fdate"><value>Mon Nov 29 00:00:00 CET 1999</value></Data><Data name="source"><value>NHD</value></Data><Data name="waterway"><value>rapids</value></Data></ExtendedData><Point><coordinates>-113.386511,35.7534758</coordinates></Point></Placemark><Placemark><name>Diamond Creek Rapids</name><ExtendedData><Data name="@id"><value>node/5607297526</value></Data><Data name="ele"><value>408</value></Data><Data name="gnis:feature_id"><value>3929</value></Data><Data name="name"><value>Diamond Creek Rapids</value></Data><Data name="nhd-shp:com_id"><value>21400011</value></Data><Data name="nhd-shp:fdate"><value>Mon Nov 29 00:00:00 CET 1999</value></Data><Data name="source"><value>NHD</value></Data><Data name="waterway"><value>rapids</value></Data></ExtendedData><Point><coordinates>-113.3762865,35.7647359</coordinates></Point></Placemark><Placemark><name>Two Hundred and Twentyfour Mile Rapids</name><ExtendedData><Data name="@id"><value>node/5607297535</value></Data><Data name="ele"><value>415</value></Data><Data name="gnis:feature_id"><value>12996</value></Data><Data name="name"><value>Two Hundred and Twentyfour Mile Rapids</value></Data><Data name="nhd-shp:com_id"><value>21400007</value></Data><Data name="nhd-shp:fdate"><value>Mon Nov 29 00:00:00 CET 1999</value></Data><Data name="source"><value>NHD</value></Data><Data name="waterway"><value>rapids</value></Data></ExtendedData><Point><coordinates>-113.3455789,35.7853835</coordinates></Point></Placemark><Placemark><ExtendedData><Data name="@id"><value>node/5607297540</value></Data><Data name="ele"><value>0.0</value></Data><Data name="nhd-shp:com_id"><value>21400005</value></Data><Data name="nhd-shp:fdate"><value>Mon Nov 29 00:00:00 CET 1999</value></Data><Data name="source"><value>NHD</value></Data><Data name="waterway"><value>rapids</value></Data></ExtendedData><Point><coordinates>-113.3371028,35.7944126</coordinates></Point></Placemark><Placemark><ExtendedData><Data name="@id"><value>node/5607297548</value></Data><Data name="ele"><value>0.0</value></Data><Data name="nhd-shp:com_id"><value>21399999</value></Data><Data name="nhd-shp:fdate"><value>Mon Nov 29 00:00:00 CET 1999</value></Data><Data name="source"><value>NHD</value></Data><Data name="waterway"><value>rapids</value></Data></ExtendedData><Point><coordinates>-113.3319462,35.8164711</coordinates></Point></Placemark><Placemark><name>Granite Spring Rapids</name><ExtendedData><Data name="@id"><value>node/5607297550</value></Data><Data name="ele"><value>421</value></Data><Data name="gnis:feature_id"><value>5257</value></Data><Data name="name"><value>Granite Spring Rapids</value></Data><Data name="nhd-shp:com_id"><value>21399995</value></Data><Data name="nhd-shp:fdate"><value>Mon Nov 29 00:00:00 CET 1999</value></Data><Data name="source"><value>NHD</value></Data><Data name="waterway"><value>rapids</value></Data></ExtendedData><Point><coordinates>-113.3323916,35.8242213</coordinates></Point></Placemark><Placemark><ExtendedData><Data name="@id"><value>node/5607297552</value></Data><Data name="ele"><value>0.0</value></Data><Data name="nhd-shp:com_id"><value>21399989</value></Data><Data name="nhd-shp:fdate"><value>Mon Nov 29 00:00:00 CET 1999</value></Data><Data name="source"><value>NHD</value></Data><Data name="waterway"><value>rapids</value></Data></ExtendedData><Point><coordinates>-113.3258404,35.8297282</coordinates></Point></Placemark><Placemark><ExtendedData><Data name="@id"><value>node/5607297555</value></Data><Data name="ele"><value>0.0</value></Data><Data name="nhd-shp:com_id"><value>21399985</value></Data><Data name="nhd-shp:fdate"><value>Mon Nov 29 00:00:00 CET 1999</value></Data><Data name="source"><value>NHD</value></Data><Data name="waterway"><value>rapids</value></Data></ExtendedData><Point><coordinates>-113.3271539,35.8372188</coordinates></Point></Placemark><Placemark><ExtendedData><Data name="@id"><value>node/5607297561</value></Data><Data name="ele"><value>0.0</value></Data><Data name="nhd-shp:com_id"><value>21399971</value></Data><Data name="nhd-shp:fdate"><value>Mon Nov 29 00:00:00 CET 1999</value></Data><Data name="source"><value>NHD</value></Data><Data name="waterway"><value>rapids</value></Data></ExtendedData><Point><coordinates>-113.3131282,35.8578924</coordinates></Point></Placemark><Placemark><name>Two Hundred and Seventeen Mile Rapids</name><ExtendedData><Data name="@id"><value>node/5607297562</value></Data><Data name="ele"><value>0.0</value></Data><Data name="gnis:feature_id"><value>23260</value></Data><Data name="name"><value>Two Hundred and Seventeen Mile Rapids</value></Data><Data name="nhd-shp:com_id"><value>21399969</value></Data><Data name="nhd-shp:fdate"><value>Mon Nov 29 00:00:00 CET 1999</value></Data><Data name="source"><value>NHD</value></Data><Data name="waterway"><value>rapids</value></Data></ExtendedData><Point><coordinates>-113.3124784,35.8606864</coordinates></Point></Placemark><Placemark><ExtendedData><Data name="@id"><value>node/5610707374</value></Data><Data name="waterway"><value>rapids</value></Data></ExtendedData><Point><coordinates>-108.5614839,40.4725095</coordinates></Point></Placemark><Placemark><name>Rollercoaster Rapids</name><ExtendedData><Data name="@id"><value>node/5688994463</value></Data><Data name="name"><value>Rollercoaster Rapids</value></Data><Data name="waterway"><value>rapids</value></Data></ExtendedData><Point><coordinates>-116.3242424,45.7713778</coordinates></Point></Placemark><Placemark><name>Gibbs Shoals</name><ExtendedData><Data name="@id"><value>node/5752183761</value></Data><Data name="name"><value>Gibbs Shoals</value></Data><Data name="source"><value>USGS</value></Data><Data name="waterway"><value>rapids</value></Data></ExtendedData><Point><coordinates>-82.2385224,34.8715882</coordinates></Point></Placemark><Placemark><name>Pearson Eddy</name><ExtendedData><Data name="@id"><value>node/5766702413</value></Data><Data name="name"><value>Pearson Eddy</value></Data><Data name="waterway"><value>rapids</value></Data></ExtendedData><Point><coordinates>-121.997888,47.792494</coordinates></Point></Placemark><Placemark><ExtendedData><Data name="@id"><value>node/5871342418</value></Data><Data name="waterway"><value>rapids</value></Data></ExtendedData><Point><coordinates>-77.4131583,37.2335929</coordinates></Point></Placemark><Placemark><ExtendedData><Data name="@id"><value>node/5871342474</value></Data><Data name="waterway"><value>rapids</value></Data></ExtendedData><Point><coordinates>-77.449649,37.2226686</coordinates></Point></Placemark><Placemark><ExtendedData><Data name="@id"><value>node/5970480171</value></Data><Data name="waterway"><value>rapids</value></Data></ExtendedData><Point><coordinates>-68.6562865,45.0924812</coordinates></Point></Placemark><Placemark><ExtendedData><Data name="@id"><value>node/5977833680</value></Data><Data name="waterway"><value>rapids</value></Data></ExtendedData><Point><coordinates>-121.1779729,38.9677359</coordinates></Point></Placemark><Placemark><ExtendedData><Data name="@id"><value>node/6050438789</value></Data><Data name="waterway"><value>rapids</value></Data></ExtendedData><Point><coordinates>-105.228507,39.7540906</coordinates></Point></Placemark><Placemark><ExtendedData><Data name="@id"><value>node/6050438834</value></Data><Data name="waterway"><value>rapids</value></Data></ExtendedData><Point><coordinates>-105.2299326,39.7538974</coordinates></Point></Placemark><Placemark><ExtendedData><Data name="@id"><value>node/6168963134</value></Data><Data name="waterway"><value>rapids</value></Data></ExtendedData><Point><coordinates>-122.4840483,45.0144649</coordinates></Point></Placemark><Placemark><ExtendedData><Data name="@id"><value>node/6185121080</value></Data><Data name="waterway"><value>rapids</value></Data></ExtendedData><Point><coordinates>-114.263353,42.9916193</coordinates></Point></Placemark><Placemark><ExtendedData><Data name="@id"><value>node/6185121218</value></Data><Data name="waterway"><value>rapids</value></Data></ExtendedData><Point><coordinates>-114.245533,43.0008589</coordinates></Point></Placemark><Placemark><ExtendedData><Data name="@id"><value>node/6185121220</value></Data><Data name="waterway"><value>rapids</value></Data></ExtendedData><Point><coordinates>-114.245265,43.0010482</coordinates></Point></Placemark><Placemark><ExtendedData><Data name="@id"><value>node/6185121223</value></Data><Data name="waterway"><value>rapids</value></Data></ExtendedData><Point><coordinates>-114.244347,43.0012925</coordinates></Point></Placemark><Placemark><ExtendedData><Data name="@id"><value>node/6185201286</value></Data><Data name="waterway"><value>rapids</value></Data></ExtendedData><Point><coordinates>-114.24521,43.0095586</coordinates></Point></Placemark><Placemark><ExtendedData><Data name="@id"><value>node/6210502865</value></Data><Data name="waterway"><value>rapids</value></Data></ExtendedData><Point><coordinates>-76.8555341,42.4170698</coordinates></Point></Placemark><Placemark><ExtendedData><Data name="@id"><value>node/6231012984</value></Data><Data name="waterway"><value>rapids</value></Data></ExtendedData><Point><coordinates>-67.7407072,44.8223395</coordinates></Point></Placemark><Placemark><ExtendedData><Data name="@id"><value>node/6231013200</value></Data><Data name="waterway"><value>rapids</value></Data></ExtendedData><Point><coordinates>-67.7260829,44.8135158</coordinates></Point></Placemark><Placemark><name>Lower Holmes Falls</name><ExtendedData><Data name="@id"><value>node/6231013257</value></Data><Data name="name"><value>Lower Holmes Falls</value></Data><Data name="waterway"><value>rapids</value></Data></ExtendedData><Point><coordinates>-67.6714948,44.795814</coordinates></Point></Placemark><Placemark><ExtendedData><Data name="@id"><value>node/6231013616</value></Data><Data name="waterway"><value>rapids</value></Data></ExtendedData><Point><coordinates>-67.5254598,44.7240972</coordinates></Point></Placemark><Placemark><ExtendedData><Data name="@id"><value>node/6265938275</value></Data><Data name="waterway"><value>rapids</value></Data></ExtendedData><Point><coordinates>-72.53247,41.9826008</coordinates></Point></Placemark><Placemark><ExtendedData><Data name="@id"><value>node/6399664787</value></Data><Data name="waterway"><value>rapids</value></Data></ExtendedData><Point><coordinates>-74.3836588,41.7445659</coordinates></Point></Placemark><Placemark><ExtendedData><Data name="@id"><value>node/6516384875</value></Data><Data name="waterway"><value>rapids</value></Data></ExtendedData><Point><coordinates>-74.7685366,40.2101973</coordinates></Point></Placemark><Placemark><ExtendedData><Data name="@id"><value>node/6540040882</value></Data><Data name="waterway"><value>rapids</value></Data></ExtendedData><Point><coordinates>-118.496015,34.1778859</coordinates></Point></Placemark><Placemark><ExtendedData><Data name="@id"><value>node/6959388288</value></Data><Data name="source"><value>NC Ortho</value></Data><Data name="waterway"><value>rapids</value></Data></ExtendedData><Point><coordinates>-81.7750368,36.2875128</coordinates></Point></Placemark><Placemark><ExtendedData><Data name="@id"><value>node/7041072216</value></Data><Data name="waterway"><value>rapids</value></Data></ExtendedData><Point><coordinates>-78.4576127,39.2404407</coordinates></Point></Placemark><Placemark><ExtendedData><Data name="@id"><value>node/7041072217</value></Data><Data name="waterway"><value>rapids</value></Data></ExtendedData><Point><coordinates>-78.4549212,39.239895</coordinates></Point></Placemark><Placemark><ExtendedData><Data name="@id"><value>node/7137453094</value></Data><Data name="waterway"><value>rapids</value></Data></ExtendedData><Point><coordinates>-70.6313758,43.4175761</coordinates></Point></Placemark><Placemark><name>Sewalls Falls</name><ExtendedData><Data name="@id"><value>node/7189109558</value></Data><Data name="name"><value>Sewalls Falls</value></Data><Data name="waterway"><value>rapids</value></Data></ExtendedData><Point><coordinates>-71.5540563,43.2603459</coordinates></Point></Placemark><Placemark><name>Green Canyon Rapids</name><ExtendedData><Data name="@id"><value>node/7206677449</value></Data><Data name="name"><value>Green Canyon Rapids</value></Data><Data name="rapids"><value>2</value></Data><Data name="waterway"><value>rapids</value></Data></ExtendedData><Point><coordinates>-116.2965638,45.8592405</coordinates></Point></Placemark><Placemark><name>Lower Green Canyon Rapids</name><ExtendedData><Data name="@id"><value>node/7206677450</value></Data><Data name="name"><value>Lower Green Canyon Rapids</value></Data><Data name="rapids"><value>2</value></Data><Data name="waterway"><value>rapids</value></Data></ExtendedData><Point><coordinates>-116.3014262,45.8622123</coordinates></Point></Placemark><Placemark><ExtendedData><Data name="@id"><value>node/7209787213</value></Data><Data name="waterway"><value>rapids</value></Data></ExtendedData><Point><coordinates>-70.9050501,43.2059121</coordinates></Point></Placemark><Placemark><ExtendedData><Data name="@id"><value>node/7310837072</value></Data><Data name="waterway"><value>rapids</value></Data></ExtendedData><Point><coordinates>-105.2242723,39.7559404</coordinates></Point></Placemark><Placemark><ExtendedData><Data name="@id"><value>node/7333597685</value></Data><Data name="waterway"><value>rapids</value></Data></ExtendedData><Point><coordinates>-79.9445466,39.2140199</coordinates></Point></Placemark><Placemark><ExtendedData><Data name="@id"><value>node/7333597686</value></Data><Data name="waterway"><value>rapids</value></Data></ExtendedData><Point><coordinates>-79.9395383,39.2399063</coordinates></Point></Placemark><Placemark><ExtendedData><Data name="@id"><value>node/7333597688</value></Data><Data name="waterway"><value>rapids</value></Data></ExtendedData><Point><coordinates>-80.089886,39.3906816</coordinates></Point></Placemark><Placemark><ExtendedData><Data name="@id"><value>node/7333597689</value></Data><Data name="waterway"><value>rapids</value></Data></ExtendedData><Point><coordinates>-79.9386211,39.2209995</coordinates></Point></Placemark><Placemark><ExtendedData><Data name="@id"><value>node/7333597691</value></Data><Data name="waterway"><value>rapids</value></Data></ExtendedData><Point><coordinates>-79.9410338,39.2413978</coordinates></Point></Placemark><Placemark><ExtendedData><Data name="@id"><value>node/7333597692</value></Data><Data name="waterway"><value>rapids</value></Data></ExtendedData><Point><coordinates>-79.937272,39.2376664</coordinates></Point></Placemark><Placemark><ExtendedData><Data name="@id"><value>node/7333597694</value></Data><Data name="waterway"><value>rapids</value></Data></ExtendedData><Point><coordinates>-79.9560355,39.2075524</coordinates></Point></Placemark><Placemark><ExtendedData><Data name="@id"><value>node/7403934782</value></Data><Data name="waterway"><value>rapids</value></Data></ExtendedData><Point><coordinates>-121.0906421,45.2400431</coordinates></Point></Placemark><Placemark><ExtendedData><Data name="@id"><value>node/7403935094</value></Data><Data name="waterway"><value>rapids</value></Data></ExtendedData><Point><coordinates>-121.0935992,45.2410583</coordinates></Point></Placemark><Placemark><ExtendedData><Data name="@id"><value>node/7403935095</value></Data><Data name="waterway"><value>rapids</value></Data></ExtendedData><Point><coordinates>-121.0939653,45.2411461</coordinates></Point></Placemark><Placemark><ExtendedData><Data name="@id"><value>node/7440171964</value></Data><Data name="waterway"><value>rapids</value></Data></ExtendedData><Point><coordinates>-119.7237379,38.9175609</coordinates></Point></Placemark><Placemark><ExtendedData><Data name="@id"><value>node/7440171967</value></Data><Data name="waterway"><value>rapids</value></Data></ExtendedData><Point><coordinates>-119.7163281,38.9125333</coordinates></Point></Placemark><Placemark><ExtendedData><Data name="@id"><value>node/7519445027</value></Data><Data name="waterway"><value>rapids</value></Data></ExtendedData><Point><coordinates>-72.2120824,41.9262023</coordinates></Point></Placemark><Placemark><ExtendedData><Data name="@id"><value>node/7550197459</value></Data><Data name="waterway"><value>rapids</value></Data></ExtendedData><Point><coordinates>-105.2220118,39.7570083</coordinates></Point></Placemark><Placemark><ExtendedData><Data name="@id"><value>node/7550268112</value></Data><Data name="waterway"><value>rapids</value></Data></ExtendedData><Point><coordinates>-105.2218203,39.7570419</coordinates></Point></Placemark><Placemark><ExtendedData><Data name="@id"><value>node/7550268113</value></Data><Data name="waterway"><value>rapids</value></Data></ExtendedData><Point><coordinates>-105.2233946,39.756419</coordinates></Point></Placemark><Placemark><ExtendedData><Data name="@id"><value>node/7550268114</value></Data><Data name="waterway"><value>rapids</value></Data></ExtendedData><Point><coordinates>-105.2273138,39.7541447</coordinates></Point></Placemark><Placemark><ExtendedData><Data name="@id"><value>node/7550268115</value></Data><Data name="waterway"><value>rapids</value></Data></ExtendedData><Point><coordinates>-105.2296968,39.7540347</coordinates></Point></Placemark><Placemark><ExtendedData><Data name="@id"><value>node/7550268116</value></Data><Data name="waterway"><value>rapids</value></Data></ExtendedData><Point><coordinates>-105.2301513,39.7538043</coordinates></Point></Placemark><Placemark><ExtendedData><Data name="@id"><value>node/7550268117</value></Data><Data name="waterway"><value>rapids</value></Data></ExtendedData><Point><coordinates>-105.2303163,39.7536483</coordinates></Point></Placemark><Placemark><ExtendedData><Data name="@id"><value>node/7550268118</value></Data><Data name="waterway"><value>rapids</value></Data></ExtendedData><Point><coordinates>-105.2348747,39.7529534</coordinates></Point></Placemark><Placemark><ExtendedData><Data name="@id"><value>node/7550268119</value></Data><Data name="waterway"><value>rapids</value></Data></ExtendedData><Point><coordinates>-105.2386651,39.7528376</coordinates></Point></Placemark><Placemark><ExtendedData><Data name="@id"><value>node/7550268120</value></Data><Data name="waterway"><value>rapids</value></Data></ExtendedData><Point><coordinates>-105.2395791,39.7530856</coordinates></Point></Placemark><Placemark><ExtendedData><Data name="@id"><value>node/7550268121</value></Data><Data name="waterway"><value>rapids</value></Data></ExtendedData><Point><coordinates>-105.2406142,39.7532947</coordinates></Point></Placemark><Placemark><ExtendedData><Data name="@id"><value>node/7550268122</value></Data><Data name="waterway"><value>rapids</value></Data></ExtendedData><Point><coordinates>-105.2194544,39.758512</coordinates></Point></Placemark><Placemark><ExtendedData><Data name="@id"><value>node/7550268128</value></Data><Data name="waterway"><value>rapids</value></Data></ExtendedData><Point><coordinates>-105.1861199,39.7704842</coordinates></Point></Placemark><Placemark><ExtendedData><Data name="@id"><value>node/7550268141</value></Data><Data name="waterway"><value>rapids</value></Data></ExtendedData><Point><coordinates>-105.1229431,39.7750161</coordinates></Point></Placemark><Placemark><ExtendedData><Data name="@id"><value>node/7550268148</value></Data><Data name="waterway"><value>rapids</value></Data></ExtendedData><Point><coordinates>-105.081756,39.7843032</coordinates></Point></Placemark><Placemark><ExtendedData><Data name="@id"><value>node/7550268149</value></Data><Data name="waterway"><value>rapids</value></Data></ExtendedData><Point><coordinates>-105.0675044,39.7867811</coordinates></Point></Placemark><Placemark><ExtendedData><Data name="@id"><value>node/7550268150</value></Data><Data name="waterway"><value>rapids</value></Data></ExtendedData><Point><coordinates>-105.0623683,39.7884277</coordinates></Point></Placemark><Placemark><ExtendedData><Data name="@id"><value>node/7550276500</value></Data><Data name="waterway"><value>rapids</value></Data></ExtendedData><Point><coordinates>-105.0435757,39.7967318</coordinates></Point></Placemark><Placemark><name>Bertozzi Rapids</name><ExtendedData><Data name="@id"><value>node/7564003474</value></Data><Data name="name"><value>Bertozzi Rapids</value></Data><Data name="waterway"><value>rapids</value></Data></ExtendedData><Point><coordinates>-71.6570801,42.6329649</coordinates></Point></Placemark><Placemark><ExtendedData><Data name="@id"><value>node/7607093476</value></Data><Data name="waterway"><value>rapids</value></Data></ExtendedData><Point><coordinates>-121.0961057,45.2424483</coordinates></Point></Placemark><Placemark><ExtendedData><Data name="@id"><value>node/7613820521</value></Data><Data name="waterway"><value>rapids</value></Data></ExtendedData><Point><coordinates>-75.4517466,43.7081403</coordinates></Point></Placemark><Placemark><ExtendedData><Data name="@id"><value>node/7799014930</value></Data><Data name="waterway"><value>rapids</value></Data></ExtendedData><Point><coordinates>-134.2510511,57.660966</coordinates></Point></Placemark><Placemark><name>Double Drop Rapid</name><ExtendedData><Data name="@id"><value>node/7818284107</value></Data><Data name="name"><value>Double Drop Rapid</value></Data><Data name="waterway"><value>rapids</value></Data></ExtendedData><Point><coordinates>-84.6333268,36.4318503</coordinates></Point></Placemark><Placemark><name>Alien Boof</name><ExtendedData><Data name="@id"><value>node/7818306435</value></Data><Data name="name"><value>Alien Boof</value></Data><Data name="waterway"><value>rapids</value></Data></ExtendedData><Point><coordinates>-84.463041,35.0602603</coordinates></Point></Placemark><Placemark><name>Quartermile Rapid</name><ExtendedData><Data name="@id"><value>node/7818316410</value></Data><Data name="name"><value>Quartermile Rapid</value></Data><Data name="waterway"><value>rapids</value></Data></ExtendedData><Point><coordinates>-82.3608946,36.078173</coordinates></Point></Placemark><Placemark><name>Murphy's Ledge</name><ExtendedData><Data name="@id"><value>node/7818316411</value></Data><Data name="name"><value>Murphy's Ledge</value></Data><Data name="waterway"><value>rapids</value></Data></ExtendedData><Point><coordinates>-82.3636451,36.0777119</coordinates></Point></Placemark><Placemark><name>Roostertail Rapid</name><ExtendedData><Data name="@id"><value>node/7818316412</value></Data><Data name="name"><value>Roostertail Rapid</value></Data><Data name="waterway"><value>rapids</value></Data></ExtendedData><Point><coordinates>-82.3726288,36.0742224</coordinates></Point></Placemark><Placemark><name>Jaws</name><ExtendedData><Data name="@id"><value>node/7818317981</value></Data><Data name="name"><value>Jaws</value></Data><Data name="waterway"><value>rapids</value></Data></ExtendedData><Point><coordinates>-82.357357,36.0822163</coordinates></Point></Placemark><Placemark><name>On the Rocks Rapid</name><ExtendedData><Data name="@id"><value>node/7818317982</value></Data><Data name="name"><value>On the Rocks Rapid</value></Data><Data name="waterway"><value>rapids</value></Data></ExtendedData><Point><coordinates>-82.3556986,36.083548</coordinates></Point></Placemark><Placemark><name>Frankenstein</name><ExtendedData><Data name="@id"><value>node/7818318360</value></Data><Data name="name"><value>Frankenstein</value></Data><Data name="waterway"><value>rapids</value></Data></ExtendedData><Point><coordinates>-82.3509366,35.2809037</coordinates></Point></Placemark><Placemark><name>Bride of Frankenstein</name><ExtendedData><Data name="@id"><value>node/7818318361</value></Data><Data name="name"><value>Bride of Frankenstein</value></Data><Data name="waterway"><value>rapids</value></Data></ExtendedData><Point><coordinates>-82.3508489,35.2816905</coordinates></Point></Placemark><Placemark><name>Whale Tail</name><ExtendedData><Data name="@id"><value>node/7818318364</value></Data><Data name="name"><value>Whale Tail</value></Data><Data name="waterway"><value>rapids</value></Data></ExtendedData><Point><coordinates>-82.348036,35.2802298</coordinates></Point></Placemark><Placemark><name>Go Left and Die</name><ExtendedData><Data name="@id"><value>node/7818318365</value></Data><Data name="name"><value>Go Left and Die</value></Data><Data name="waterway"><value>rapids</value></Data></ExtendedData><Point><coordinates>-82.3468858,35.2796956</coordinates></Point></Placemark><Placemark><name>Zwick's Back Ender</name><ExtendedData><Data name="@id"><value>node/7818318367</value></Data><Data name="name"><value>Zwick's Back Ender</value></Data><Data name="waterway"><value>rapids</value></Data></ExtendedData><Point><coordinates>-82.345863,35.2793118</coordinates></Point></Placemark><Placemark><name>Chief</name><ExtendedData><Data name="@id"><value>node/7818318368</value></Data><Data name="name"><value>Chief</value></Data><Data name="waterway"><value>rapids</value></Data></ExtendedData><Point><coordinates>-82.3456083,35.2792293</coordinates></Point></Placemark><Placemark><name>The Notch</name><ExtendedData><Data name="@id"><value>node/7818318369</value></Data><Data name="name"><value>The Notch</value></Data><Data name="waterway"><value>rapids</value></Data></ExtendedData><Point><coordinates>-82.3450252,35.279074</coordinates></Point></Placemark><Placemark><name>Gorilla</name><ExtendedData><Data name="@id"><value>node/7818318370</value></Data><Data name="name"><value>Gorilla</value></Data><Data name="waterway"><value>rapids</value></Data></ExtendedData><Point><coordinates>-82.3448222,35.2790595</coordinates></Point></Placemark><Placemark><name>Rapid Transit</name><ExtendedData><Data name="@id"><value>node/7818318372</value></Data><Data name="name"><value>Rapid Transit</value></Data><Data name="waterway"><value>rapids</value></Data></ExtendedData><Point><coordinates>-82.3430238,35.2784917</coordinates></Point></Placemark><Placemark><name>Powerslide</name><ExtendedData><Data name="@id"><value>node/7818318373</value></Data><Data name="name"><value>Powerslide</value></Data><Data name="waterway"><value>rapids</value></Data></ExtendedData><Point><coordinates>-82.3437988,35.2787898</coordinates></Point></Placemark><Placemark><name>Groove Tube</name><ExtendedData><Data name="@id"><value>node/7818318374</value></Data><Data name="name"><value>Groove Tube</value></Data><Data name="waterway"><value>rapids</value></Data></ExtendedData><Point><coordinates>-82.3420808,35.278083</coordinates></Point></Placemark><Placemark><name>Sunshine Falls</name><ExtendedData><Data name="@id"><value>node/7818318375</value></Data><Data name="name"><value>Sunshine Falls</value></Data><Data name="waterway"><value>rapids</value></Data></ExtendedData><Point><coordinates>-82.3418815,35.2776566</coordinates></Point></Placemark><Placemark><name>Grumpy</name><ExtendedData><Data name="@id"><value>node/7818378928</value></Data><Data name="name"><value>Grumpy</value></Data><Data name="waterway"><value>rapids</value></Data></ExtendedData><Point><coordinates>-84.4925918,35.0820497</coordinates></Point></Placemark><Placemark><name>Broken Nose</name><ExtendedData><Data name="@id"><value>node/7818378930</value></Data><Data name="name"><value>Broken Nose</value></Data><Data name="waterway"><value>rapids</value></Data></ExtendedData><Point><coordinates>-84.4991326,35.0758381</coordinates></Point></Placemark><Placemark><name>Double Trouble</name><ExtendedData><Data name="@id"><value>node/7818378931</value></Data><Data name="name"><value>Double Trouble</value></Data><Data name="waterway"><value>rapids</value></Data></ExtendedData><Point><coordinates>-84.5092622,35.0767278</coordinates></Point></Placemark><Placemark><name>Table Saw</name><ExtendedData><Data name="@id"><value>node/7818378932</value></Data><Data name="name"><value>Table Saw</value></Data><Data name="waterway"><value>rapids</value></Data></ExtendedData><Point><coordinates>-84.5281082,35.080867</coordinates></Point></Placemark><Placemark><name>Diamond Splitter</name><ExtendedData><Data name="@id"><value>node/7818378933</value></Data><Data name="name"><value>Diamond Splitter</value></Data><Data name="waterway"><value>rapids</value></Data></ExtendedData><Point><coordinates>-84.5292015,35.0815439</coordinates></Point></Placemark><Placemark><name>Cat's Pajamas</name><ExtendedData><Data name="@id"><value>node/7818378934</value></Data><Data name="name"><value>Cat's Pajamas</value></Data><Data name="waterway"><value>rapids</value></Data></ExtendedData><Point><coordinates>-84.5315077,35.0922011</coordinates></Point></Placemark><Placemark><name>Split Creek Rapids</name><ExtendedData><Data name="@id"><value>node/7820944964</value></Data><Data name="name"><value>Split Creek Rapids</value></Data><Data name="waterway"><value>rapids</value></Data></ExtendedData><Point><coordinates>-115.4128629,46.2316429</coordinates></Point></Placemark><Placemark><name>Termination Rapids</name><ExtendedData><Data name="@id"><value>node/7820944965</value></Data><Data name="name"><value>Termination Rapids</value></Data><Data name="waterway"><value>rapids</value></Data></ExtendedData><Point><coordinates>-115.4006213,46.244299</coordinates></Point></Placemark><Placemark><name>Old Man Rapids</name><ExtendedData><Data name="@id"><value>node/7820944966</value></Data><Data name="name"><value>Old Man Rapids</value></Data><Data name="waterway"><value>rapids</value></Data></ExtendedData><Point><coordinates>-115.4002619,46.25203</coordinates></Point></Placemark><Placemark><name>Picking Up The Pieces</name><ExtendedData><Data name="@id"><value>node/7820944967</value></Data><Data name="name"><value>Picking Up The Pieces</value></Data><Data name="waterway"><value>rapids</value></Data></ExtendedData><Point><coordinates>-115.3961581,46.2593815</coordinates></Point></Placemark><Placemark><name>Shoestring Falls</name><ExtendedData><Data name="@id"><value>node/7820944968</value></Data><Data name="name"><value>Shoestring Falls</value></Data><Data name="waterway"><value>rapids</value></Data></ExtendedData><Point><coordinates>-115.3907883,46.2789056</coordinates></Point></Placemark><Placemark><name>Eel Creek Rapids</name><ExtendedData><Data name="@id"><value>node/7820944969</value></Data><Data name="name"><value>Eel Creek Rapids</value></Data><Data name="waterway"><value>rapids</value></Data></ExtendedData><Point><coordinates>-115.358457,46.3183737</coordinates></Point></Placemark><Placemark><name>Killer Fang Falls</name><ExtendedData><Data name="@id"><value>node/7820944970</value></Data><Data name="name"><value>Killer Fang Falls</value></Data><Data name="waterway"><value>rapids</value></Data></ExtendedData><Point><coordinates>-115.354895,46.32093</coordinates></Point></Placemark><Placemark><name>Fish Creek Rapids</name><ExtendedData><Data name="@id"><value>node/7820944971</value></Data><Data name="name"><value>Fish Creek Rapids</value></Data><Data name="waterway"><value>rapids</value></Data></ExtendedData><Point><coordinates>-115.3458989,46.3328803</coordinates></Point></Placemark><Placemark><name>Ten Pin Alley</name><ExtendedData><Data name="@id"><value>node/7820944972</value></Data><Data name="name"><value>Ten Pin Alley</value></Data><Data name="waterway"><value>rapids</value></Data></ExtendedData><Point><coordinates>-115.2939069,46.3525855</coordinates></Point></Placemark><Placemark><name>Noseeum Rapids</name><ExtendedData><Data name="@id"><value>node/7820944973</value></Data><Data name="name"><value>Noseeum Rapids</value></Data><Data name="waterway"><value>rapids</value></Data></ExtendedData><Point><coordinates>-115.283103,46.3585057</coordinates></Point></Placemark><Placemark><name>Mile 125 Rapids</name><ExtendedData><Data name="@id"><value>node/7820944974</value></Data><Data name="name"><value>Mile 125 Rapids</value></Data><Data name="waterway"><value>rapids</value></Data></ExtendedData><Point><coordinates>-115.2769393,46.3601346</coordinates></Point></Placemark><Placemark><name>Class V Rapids</name><ExtendedData><Data name="@id"><value>node/7820944975</value></Data><Data name="name"><value>Class V Rapids</value></Data><Data name="waterway"><value>rapids</value></Data></ExtendedData><Point><coordinates>-115.2482665,46.3813177</coordinates></Point></Placemark><Placemark><name>Mile 129 Rapids</name><ExtendedData><Data name="@id"><value>node/7820944976</value></Data><Data name="name"><value>Mile 129 Rapids</value></Data><Data name="waterway"><value>rapids</value></Data></ExtendedData><Point><coordinates>-115.2271199,46.3879415</coordinates></Point></Placemark><Placemark><name>Fake Onno's Hole</name><ExtendedData><Data name="@id"><value>node/7820944977</value></Data><Data name="name"><value>Fake Onno's Hole</value></Data><Data name="waterway"><value>rapids</value></Data></ExtendedData><Point><coordinates>-115.1472116,46.4217955</coordinates></Point></Placemark><Placemark><name>Moscito Rips</name><ExtendedData><Data name="@id"><value>node/7843626382</value></Data><Data name="name"><value>Moscito Rips</value></Data><Data name="waterway"><value>rapids</value></Data></ExtendedData><Point><coordinates>-70.3461085,45.5365244</coordinates></Point></Placemark><Placemark><ExtendedData><Data name="@id"><value>node/7856580050</value></Data><Data name="waterway"><value>rapids</value></Data></ExtendedData><Point><coordinates>-68.3182619,44.9154127</coordinates></Point></Placemark><Placemark><name>Sanderson Island Rapid</name><ExtendedData><Data name="@id"><value>node/7904164684</value></Data><Data name="name"><value>Sanderson Island Rapid</value></Data><Data name="rapids"><value>1+</value></Data><Data name="waterway"><value>rapids</value></Data></ExtendedData><Point><coordinates>-123.5998816,42.6474014</coordinates></Point></Placemark><Placemark><ExtendedData><Data name="@id"><value>node/7906127892</value></Data><Data name="waterway"><value>rapids</value></Data></ExtendedData><Point><coordinates>-71.6226822,42.7067359</coordinates></Point></Placemark><Placemark><name>Jackson Sluice</name><ExtendedData><Data name="@id"><value>node/7909904615</value></Data><Data name="name"><value>Jackson Sluice</value></Data><Data name="waterway"><value>rapids</value></Data></ExtendedData><Point><coordinates>-68.3185351,46.1412512</coordinates></Point></Placemark><Placemark><name>Stair Falls</name><ExtendedData><Data name="@id"><value>node/7909904696</value></Data><Data name="name"><value>Stair Falls</value></Data><Data name="waterway"><value>rapids</value></Data></ExtendedData><Point><coordinates>-68.3214024,46.1136834</coordinates></Point></Placemark><Placemark><name>Stair Falls</name><ExtendedData><Data name="@id"><value>node/7909904697</value></Data><Data name="name"><value>Stair Falls</value></Data><Data name="waterway"><value>rapids</value></Data></ExtendedData><Point><coordinates>-68.3209169,46.1136444</coordinates></Point></Placemark><Placemark><name>Stair Falls</name><ExtendedData><Data name="@id"><value>node/7909904698</value></Data><Data name="name"><value>Stair Falls</value></Data><Data name="waterway"><value>rapids</value></Data></ExtendedData><Point><coordinates>-68.3201471,46.1133562</coordinates></Point></Placemark><Placemark><name>Stair Falls</name><ExtendedData><Data name="@id"><value>node/7913564785</value></Data><Data name="name"><value>Stair Falls</value></Data><Data name="waterway"><value>rapids</value></Data></ExtendedData><Point><coordinates>-68.3207104,46.11357</coordinates></Point></Placemark><Placemark><name>Rainie Falls Dory Chute</name><description>Middle line for Rainie Falls rapid. Tricky entrance and 3 ledge drops.</description><ExtendedData><Data name="@id"><value>node/7914904686</value></Data><Data name="description"><value>Middle line for Rainie Falls rapid. Tricky entrance and 3 ledge drops.</value></Data><Data name="name"><value>Rainie Falls Dory Chute</value></Data><Data name="rapids"><value>3;4</value></Data><Data name="waterway"><value>rapids</value></Data></ExtendedData><Point><coordinates>-123.6154614,42.6497159</coordinates></Point></Placemark><Placemark><name>Rainie Falls Fish Ladder</name><ExtendedData><Data name="@id"><value>node/7914904687</value></Data><Data name="name"><value>Rainie Falls Fish Ladder</value></Data><Data name="rapids"><value>3</value></Data><Data name="waterway"><value>rapids</value></Data></ExtendedData><Point><coordinates>-123.6156777,42.6499985</coordinates></Point></Placemark><Placemark><name>Telfer's Hole</name><ExtendedData><Data name="@id"><value>node/7917689361</value></Data><Data name="name"><value>Telfer's Hole</value></Data><Data name="rapids"><value>3</value></Data><Data name="waterway"><value>rapids</value></Data></ExtendedData><Point><coordinates>-123.8966871,42.7019109</coordinates></Point></Placemark><Placemark><name>Second Wall</name><ExtendedData><Data name="@id"><value>node/7917689362</value></Data><Data name="name"><value>Second Wall</value></Data><Data name="rapids"><value>3</value></Data><Data name="waterway"><value>rapids</value></Data></ExtendedData><Point><coordinates>-123.8961947,42.7025143</coordinates></Point></Placemark><Placemark><ExtendedData><Data name="@id"><value>node/7942461138</value></Data><Data name="waterway"><value>rapids</value></Data></ExtendedData><Point><coordinates>-81.0853458,38.0785937</coordinates></Point></Placemark><Placemark><name>Miller's Folly</name><ExtendedData><Data name="@id"><value>node/7942461139</value></Data><Data name="name"><value>Miller's Folly</value></Data><Data name="rapids"><value>4+</value></Data><Data name="waterway"><value>rapids</value></Data></ExtendedData><Point><coordinates>-81.083593,38.0704147</coordinates></Point></Placemark><Placemark><name>Thread The Needle</name><ExtendedData><Data name="@id"><value>node/7942461140</value></Data><Data name="name"><value>Thread The Needle</value></Data><Data name="rapids"><value>3</value></Data><Data name="waterway"><value>rapids</value></Data></ExtendedData><Point><coordinates>-81.0831383,38.0696579</coordinates></Point></Placemark><Placemark><ExtendedData><Data name="@id"><value>node/8032757863</value></Data><Data name="waterway"><value>rapids</value></Data></ExtendedData><Point><coordinates>-94.3139705,45.1542106</coordinates></Point></Placemark><Placemark><name>Ellingwood Falls</name><ExtendedData><Data name="@id"><value>node/8067129831</value></Data><Data name="name"><value>Ellingwood Falls</value></Data><Data name="waterway"><value>rapids</value></Data></ExtendedData><Point><coordinates>-71.1331249,44.8726439</coordinates></Point></Placemark><Placemark><ExtendedData><Data name="@id"><value>node/8122913328</value></Data><Data name="waterway"><value>rapids</value></Data></ExtendedData><Point><coordinates>-71.4561362,42.9356716</coordinates></Point></Placemark><Placemark><ExtendedData><Data name="@id"><value>node/8122913329</value></Data><Data name="waterway"><value>rapids</value></Data></ExtendedData><Point><coordinates>-71.4545301,42.9202576</coordinates></Point></Placemark><Placemark><name>Hellgate Gorge</name><ExtendedData><Data name="@id"><value>node/8140041984</value></Data><Data name="name"><value>Hellgate Gorge</value></Data><Data name="waterway"><value>rapids</value></Data></ExtendedData><Point><coordinates>-71.1210252,44.9743388</coordinates></Point></Placemark><Placemark><name>Half Mile Falls</name><ExtendedData><Data name="@id"><value>node/8140132043</value></Data><Data name="name"><value>Half Mile Falls</value></Data><Data name="waterway"><value>rapids</value></Data></ExtendedData><Point><coordinates>-71.0814195,44.9495662</coordinates></Point></Placemark><Placemark><name>Salmon River Falls</name><ExtendedData><Data name="@id"><value>node/8206630825</value></Data><Data name="name"><value>Salmon River Falls</value></Data><Data name="waterway"><value>rapids</value></Data></ExtendedData><Point><coordinates>-116.8024457,45.8646197</coordinates></Point></Placemark><Placemark><name>Dry Creek Rapids</name><ExtendedData><Data name="@id"><value>node/8206630826</value></Data><Data name="name"><value>Dry Creek Rapids</value></Data><Data name="waterway"><value>rapids</value></Data></ExtendedData><Point><coordinates>-116.6259885,45.7835217</coordinates></Point></Placemark><Placemark><name>Big Foot Island Rapids</name><ExtendedData><Data name="@id"><value>node/8206711143</value></Data><Data name="name"><value>Big Foot Island Rapids</value></Data><Data name="waterway"><value>rapids</value></Data></ExtendedData><Point><coordinates>-116.3079107,45.8169636</coordinates></Point></Placemark><Placemark><name>The Maze</name><ExtendedData><Data name="@id"><value>node/8206711144</value></Data><Data name="name"><value>The Maze</value></Data><Data name="waterway"><value>rapids</value></Data></ExtendedData><Point><coordinates>-116.411444,45.908928</coordinates></Point></Placemark><Placemark><name>Pipeline Rapids</name><ExtendedData><Data name="@id"><value>node/8206711146</value></Data><Data name="name"><value>Pipeline Rapids</value></Data><Data name="waterway"><value>rapids</value></Data></ExtendedData><Point><coordinates>-116.4742613,45.9729718</coordinates></Point></Placemark><Placemark><name>Bunghole Rapids</name><ExtendedData><Data name="@id"><value>node/8206711147</value></Data><Data name="name"><value>Bunghole Rapids</value></Data><Data name="waterway"><value>rapids</value></Data></ExtendedData><Point><coordinates>-116.5245071,45.9696684</coordinates></Point></Placemark><Placemark><name>Bodacious Bounce Rapids</name><ExtendedData><Data name="@id"><value>node/8206711148</value></Data><Data name="name"><value>Bodacious Bounce Rapids</value></Data><Data name="waterway"><value>rapids</value></Data></ExtendedData><Point><coordinates>-116.5669853,45.9831191</coordinates></Point></Placemark><Placemark><ExtendedData><Data name="@id"><value>node/8206711149</value></Data><Data name="waterway"><value>rapids</value></Data></ExtendedData><Point><coordinates>-116.5755415,45.9931529</coordinates></Point></Placemark><Placemark><ExtendedData><Data name="@id"><value>node/8206711150</value></Data><Data name="waterway"><value>rapids</value></Data></ExtendedData><Point><coordinates>-116.6182959,46.0171563</coordinates></Point></Placemark><Placemark><ExtendedData><Data name="@id"><value>node/8206711153</value></Data><Data name="waterway"><value>rapids</value></Data></ExtendedData><Point><coordinates>-116.616059,46.0330424</coordinates></Point></Placemark><Placemark><name>China Rapids</name><ExtendedData><Data name="@id"><value>node/8206711154</value></Data><Data name="name"><value>China Rapids</value></Data><Data name="waterway"><value>rapids</value></Data></ExtendedData><Point><coordinates>-116.6486961,46.0280331</coordinates></Point></Placemark><Placemark><name>Cottonwood Creek Rapids</name><ExtendedData><Data name="@id"><value>node/8206711155</value></Data><Data name="name"><value>Cottonwood Creek Rapids</value></Data><Data name="waterway"><value>rapids</value></Data></ExtendedData><Point><coordinates>-116.6732973,45.9966262</coordinates></Point></Placemark><Placemark><name>Eye Of The Needle</name><ExtendedData><Data name="@id"><value>node/8206711164</value></Data><Data name="name"><value>Eye Of The Needle</value></Data><Data name="waterway"><value>rapids</value></Data></ExtendedData><Point><coordinates>-116.7806995,45.860065</coordinates></Point></Placemark><Placemark><name>Van Creek Rapids</name><ExtendedData><Data name="@id"><value>node/8215238552</value></Data><Data name="name"><value>Van Creek Rapids</value></Data><Data name="waterway"><value>rapids</value></Data></ExtendedData><Point><coordinates>-116.1380035,45.426573</coordinates></Point></Placemark><Placemark><name>Hidden Creek Rapids</name><ExtendedData><Data name="@id"><value>node/8238551603</value></Data><Data name="name"><value>Hidden Creek Rapids</value></Data><Data name="waterway"><value>rapids</value></Data></ExtendedData><Point><coordinates>-115.1903935,46.0694586</coordinates></Point></Placemark><Placemark><name>Rock Island Rapids</name><ExtendedData><Data name="@id"><value>node/8246422921</value></Data><Data name="name"><value>Rock Island Rapids</value></Data><Data name="waterway"><value>rapids</value></Data></ExtendedData><Point><coordinates>-115.4243437,46.0812807</coordinates></Point></Placemark><Placemark><name>Falls Creek Rapids</name><ExtendedData><Data name="@id"><value>node/8248515349</value></Data><Data name="name"><value>Falls Creek Rapids</value></Data><Data name="waterway"><value>rapids</value></Data></ExtendedData><Point><coordinates>-115.3397588,46.0608746</coordinates></Point></Placemark><Placemark><name>Cascade Creek Rapids</name><ExtendedData><Data name="@id"><value>node/8248768115</value></Data><Data name="name"><value>Cascade Creek Rapids</value></Data><Data name="waterway"><value>rapids</value></Data></ExtendedData><Point><coordinates>-115.1354981,46.0834541</coordinates></Point></Placemark><Placemark><name>Tee-Kem Falls</name><ExtendedData><Data name="@id"><value>node/8248768427</value></Data><Data name="name"><value>Tee-Kem Falls</value></Data><Data name="waterway"><value>rapids</value></Data></ExtendedData><Point><coordinates>-115.1722353,46.0773233</coordinates></Point></Placemark><Placemark><name>Puzzle Creek Rapids</name><ExtendedData><Data name="@id"><value>node/8250289099</value></Data><Data name="name"><value>Puzzle Creek Rapids</value></Data><Data name="waterway"><value>rapids</value></Data></ExtendedData><Point><coordinates>-114.9780199,46.1189952</coordinates></Point></Placemark><Placemark><name>Dog Creek Rapids</name><ExtendedData><Data name="@id"><value>node/8252295166</value></Data><Data name="name"><value>Dog Creek Rapids</value></Data><Data name="waterway"><value>rapids</value></Data></ExtendedData><Point><coordinates>-114.8774464,46.0782014</coordinates></Point></Placemark><Placemark><ExtendedData><Data name="@id"><value>node/8275773128</value></Data><Data name="waterway"><value>rapids</value></Data></ExtendedData><Point><coordinates>-80.0867218,39.386574</coordinates></Point></Placemark><Placemark><name>Lower Cliffside Rapids</name><ExtendedData><Data name="@id"><value>node/8294261850</value></Data><Data name="name"><value>Lower Cliffside Rapids</value></Data><Data name="waterway"><value>rapids</value></Data></ExtendedData><Point><coordinates>-114.6812262,45.2222255</coordinates></Point></Placemark><Placemark><name>Tappan III Rapids</name><ExtendedData><Data name="@id"><value>node/8294774854</value></Data><Data name="alt_name"><value>Cove Creek Rapids</value></Data><Data name="name"><value>Tappan III Rapids</value></Data><Data name="waterway"><value>rapids</value></Data></ExtendedData><Point><coordinates>-114.7376635,44.8789333</coordinates></Point></Placemark><Placemark><name>Velvet Falls</name><ExtendedData><Data name="@id"><value>node/8297563760</value></Data><Data name="name"><value>Velvet Falls</value></Data><Data name="waterway"><value>rapids</value></Data></ExtendedData><Point><coordinates>-115.2910973,44.5952268</coordinates></Point></Placemark><Placemark><name>Cramer Creek Rapids</name><ExtendedData><Data name="@id"><value>node/8300643001</value></Data><Data name="name"><value>Cramer Creek Rapids</value></Data><Data name="waterway"><value>rapids</value></Data></ExtendedData><Point><coordinates>-114.6266668,45.3097779</coordinates></Point></Placemark><Placemark><name>Killum Rapids</name><ExtendedData><Data name="@id"><value>node/8300721997</value></Data><Data name="name"><value>Killum Rapids</value></Data><Data name="waterway"><value>rapids</value></Data></ExtendedData><Point><coordinates>-114.7074258,45.3807096</coordinates></Point></Placemark><Placemark><name>Rubber Rapids</name><ExtendedData><Data name="@id"><value>node/8301656173</value></Data><Data name="name"><value>Rubber Rapids</value></Data><Data name="waterway"><value>rapids</value></Data></ExtendedData><Point><coordinates>-114.657349,45.2501739</coordinates></Point></Placemark><Placemark><name>Devils Tooth Rapids</name><ExtendedData><Data name="@id"><value>node/8301656175</value></Data><Data name="name"><value>Devils Tooth Rapids</value></Data><Data name="waterway"><value>rapids</value></Data></ExtendedData><Point><coordinates>-114.625656,45.2729121</coordinates></Point></Placemark><Placemark><name>Tappan Falls</name><ExtendedData><Data name="@id"><value>node/8301666374</value></Data><Data name="name"><value>Tappan Falls</value></Data><Data name="waterway"><value>rapids</value></Data></ExtendedData><Point><coordinates>-114.7495781,44.8791065</coordinates></Point></Placemark><Placemark><name>Ramshorn Rapids</name><ExtendedData><Data name="@id"><value>node/8301666449</value></Data><Data name="name"><value>Ramshorn Rapids</value></Data><Data name="waterway"><value>rapids</value></Data></ExtendedData><Point><coordinates>-115.3045794,44.5801574</coordinates></Point></Placemark><Placemark><name>Blind Falls</name><ExtendedData><Data name="@id"><value>node/8313127609</value></Data><Data name="name"><value>Blind Falls</value></Data><Data name="waterway"><value>rapids</value></Data></ExtendedData><Point><coordinates>-117.7663431,45.6774874</coordinates></Point></Placemark><Placemark><name>Red Rock Rapids</name><ExtendedData><Data name="@id"><value>node/8313127622</value></Data><Data name="name"><value>Red Rock Rapids</value></Data><Data name="waterway"><value>rapids</value></Data></ExtendedData><Point><coordinates>-117.7425545,45.6505415</coordinates></Point></Placemark><Placemark><name>Renshaw Creek Rapids</name><ExtendedData><Data name="@id"><value>node/8316204697</value></Data><Data name="name"><value>Renshaw Creek Rapids</value></Data><Data name="waterway"><value>rapids</value></Data></ExtendedData><Point><coordinates>-115.209809,46.0530006</coordinates></Point></Placemark><Placemark><name>Little Niagra Rapids</name><ExtendedData><Data name="@id"><value>node/8316236643</value></Data><Data name="name"><value>Little Niagra Rapids</value></Data><Data name="waterway"><value>rapids</value></Data></ExtendedData><Point><coordinates>-114.9723584,46.1197224</coordinates></Point></Placemark><Placemark><name>Galloping Gertie Rapids</name><ExtendedData><Data name="@id"><value>node/8316236644</value></Data><Data name="name"><value>Galloping Gertie Rapids</value></Data><Data name="waterway"><value>rapids</value></Data></ExtendedData><Point><coordinates>-114.7898984,45.9034782</coordinates></Point></Placemark><Placemark><name>Bridge Rapids</name><ExtendedData><Data name="@id"><value>node/8316900019</value></Data><Data name="name"><value>Bridge Rapids</value></Data><Data name="waterway"><value>rapids</value></Data></ExtendedData><Point><coordinates>-117.0066342,46.0702887</coordinates></Point></Placemark><Placemark><name>The Narrows</name><ExtendedData><Data name="@id"><value>node/8316905476</value></Data><Data name="name"><value>The Narrows</value></Data><Data name="waterway"><value>rapids</value></Data></ExtendedData><Point><coordinates>-117.0111376,46.0542887</coordinates></Point></Placemark><Placemark><name>Howard's Plunge</name><ExtendedData><Data name="@id"><value>node/8321488990</value></Data><Data name="name"><value>Howard's Plunge</value></Data><Data name="waterway"><value>rapids</value></Data></ExtendedData><Point><coordinates>-116.0773748,44.3118597</coordinates></Point></Placemark><Placemark><name>Randy's Rock Rapids</name><ExtendedData><Data name="@id"><value>node/8321488991</value></Data><Data name="name"><value>Randy's Rock Rapids</value></Data><Data name="waterway"><value>rapids</value></Data></ExtendedData><Point><coordinates>-116.0598761,44.3292014</coordinates></Point></Placemark><Placemark><name>Wetspot Rapids</name><ExtendedData><Data name="@id"><value>node/8321488992</value></Data><Data name="name"><value>Wetspot Rapids</value></Data><Data name="waterway"><value>rapids</value></Data></ExtendedData><Point><coordinates>-116.0639155,44.3426882</coordinates></Point></Placemark><Placemark><name>Hounds Tooth Rapids</name><ExtendedData><Data name="@id"><value>node/8321647575</value></Data><Data name="name"><value>Hounds Tooth Rapids</value></Data><Data name="waterway"><value>rapids</value></Data></ExtendedData><Point><coordinates>-116.1108613,44.1212365</coordinates></Point></Placemark><Placemark><name>Jaws II Rapids</name><ExtendedData><Data name="@id"><value>node/8321647576</value></Data><Data name="name"><value>Jaws II Rapids</value></Data><Data name="waterway"><value>rapids</value></Data></ExtendedData><Point><coordinates>-116.1128041,44.1473055</coordinates></Point></Placemark><Placemark><name>Golf Course Rapids</name><ExtendedData><Data name="@id"><value>node/8321647577</value></Data><Data name="name"><value>Golf Course Rapids</value></Data><Data name="waterway"><value>rapids</value></Data></ExtendedData><Point><coordinates>-116.1203116,44.1705042</coordinates></Point></Placemark><Placemark><name>Nowhere To Run Rapids</name><ExtendedData><Data name="@id"><value>node/8321647578</value></Data><Data name="name"><value>Nowhere To Run Rapids</value></Data><Data name="waterway"><value>rapids</value></Data></ExtendedData><Point><coordinates>-116.1105081,44.2016222</coordinates></Point></Placemark><Placemark><name>Shag Rapids</name><ExtendedData><Data name="@id"><value>node/8321741647</value></Data><Data name="name"><value>Shag Rapids</value></Data><Data name="waterway"><value>rapids</value></Data></ExtendedData><Point><coordinates>-115.792653,44.0736466</coordinates></Point></Placemark><Placemark><name>The Crease</name><ExtendedData><Data name="@id"><value>node/8321741652</value></Data><Data name="name"><value>The Crease</value></Data><Data name="waterway"><value>rapids</value></Data></ExtendedData><Point><coordinates>-115.7646641,44.0723246</coordinates></Point></Placemark><Placemark><name>Lone Pine Rapids</name><ExtendedData><Data name="@id"><value>node/8321741653</value></Data><Data name="name"><value>Lone Pine Rapids</value></Data><Data name="waterway"><value>rapids</value></Data></ExtendedData><Point><coordinates>-115.7532889,44.070675</coordinates></Point></Placemark><Placemark><name>Little Falls</name><ExtendedData><Data name="@id"><value>node/8321741654</value></Data><Data name="name"><value>Little Falls</value></Data><Data name="waterway"><value>rapids</value></Data></ExtendedData><Point><coordinates>-115.763095,44.0726869</coordinates></Point></Placemark><Placemark><name>Pine Flats Rapids</name><ExtendedData><Data name="@id"><value>node/8321741655</value></Data><Data name="name"><value>Pine Flats Rapids</value></Data><Data name="waterway"><value>rapids</value></Data></ExtendedData><Point><coordinates>-115.6782407,44.0658532</coordinates></Point></Placemark><Placemark><name>Wangdoodle Rapids</name><ExtendedData><Data name="@id"><value>node/8321741656</value></Data><Data name="name"><value>Wangdoodle Rapids</value></Data><Data name="waterway"><value>rapids</value></Data></ExtendedData><Point><coordinates>-115.536797,44.0710874</coordinates></Point></Placemark><Placemark><name>Wake-up Gorge Rapids</name><ExtendedData><Data name="@id"><value>node/8321741657</value></Data><Data name="name"><value>Wake-up Gorge Rapids</value></Data><Data name="waterway"><value>rapids</value></Data></ExtendedData><Point><coordinates>-115.5219296,44.0703725</coordinates></Point></Placemark><Placemark><name>Dogleg Rapids</name><ExtendedData><Data name="@id"><value>node/8321741658</value></Data><Data name="name"><value>Dogleg Rapids</value></Data><Data name="waterway"><value>rapids</value></Data></ExtendedData><Point><coordinates>-116.0623544,44.0902937</coordinates></Point></Placemark><Placemark><name>First Bridge Rapids</name><ExtendedData><Data name="@id"><value>node/8322603832</value></Data><Data name="name"><value>First Bridge Rapids</value></Data><Data name="waterway"><value>rapids</value></Data></ExtendedData><Point><coordinates>-116.1898452,43.9356075</coordinates></Point></Placemark><Placemark><name>Lunch Counter Rapids</name><ExtendedData><Data name="@id"><value>node/8322603854</value></Data><Data name="name"><value>Lunch Counter Rapids</value></Data><Data name="waterway"><value>rapids</value></Data></ExtendedData><Point><coordinates>-116.1327168,44.0526904</coordinates></Point></Placemark><Placemark><name>Go Left Or You're Fired Rapids</name><ExtendedData><Data name="@id"><value>node/8322603855</value></Data><Data name="name"><value>Go Left Or You're Fired Rapids</value></Data><Data name="waterway"><value>rapids</value></Data></ExtendedData><Point><coordinates>-116.1205423,44.0685822</coordinates></Point></Placemark><Placemark><name>Whitewater 101 Rapids</name><ExtendedData><Data name="@id"><value>node/8322603856</value></Data><Data name="name"><value>Whitewater 101 Rapids</value></Data><Data name="waterway"><value>rapids</value></Data></ExtendedData><Point><coordinates>-116.1221463,44.0802944</coordinates></Point></Placemark><Placemark><name>Sullivan Falls</name><ExtendedData><Data name="@id"><value>node/8332477551</value></Data><Data name="name"><value>Sullivan Falls</value></Data><Data name="water"><value>rapids</value></Data><Data name="waterway"><value>rapids</value></Data></ExtendedData><Point><coordinates>-68.2217365,44.520889</coordinates></Point></Placemark><Placemark><name>Thread The Needle</name><ExtendedData><Data name="@id"><value>node/8346359934</value></Data><Data name="name"><value>Thread The Needle</value></Data><Data name="waterway"><value>rapids</value></Data></ExtendedData><Point><coordinates>-116.7931008,42.27457</coordinates></Point></Placemark><Placemark><name>Boulder Jam Rapids</name><ExtendedData><Data name="@id"><value>node/8346359979</value></Data><Data name="name"><value>Boulder Jam Rapids</value></Data><Data name="waterway"><value>rapids</value></Data></ExtendedData><Point><coordinates>-116.7001784,42.2478828</coordinates></Point></Placemark><Placemark><name>Split River Rapids</name><ExtendedData><Data name="@id"><value>node/8346359985</value></Data><Data name="name"><value>Split River Rapids</value></Data><Data name="waterway"><value>rapids</value></Data></ExtendedData><Point><coordinates>-116.5001956,42.1775657</coordinates></Point></Placemark><Placemark><name>Tight Squeeze Rapids</name><ExtendedData><Data name="@id"><value>node/8346359986</value></Data><Data name="name"><value>Tight Squeeze Rapids</value></Data><Data name="waterway"><value>rapids</value></Data></ExtendedData><Point><coordinates>-116.5008071,42.1761507</coordinates></Point></Placemark><Placemark><name>Pipeline Rapids</name><ExtendedData><Data name="@id"><value>node/8346359987</value></Data><Data name="name"><value>Pipeline Rapids</value></Data><Data name="waterway"><value>rapids</value></Data></ExtendedData><Point><coordinates>-116.5005554,42.1681087</coordinates></Point></Placemark><Placemark><name>Boulder Nest Rapids</name><ExtendedData><Data name="@id"><value>node/8346359988</value></Data><Data name="name"><value>Boulder Nest Rapids</value></Data><Data name="waterway"><value>rapids</value></Data></ExtendedData><Point><coordinates>-116.4995893,42.167853</coordinates></Point></Placemark><Placemark><name>45 Dam Rapids</name><ExtendedData><Data name="@id"><value>node/8346359997</value></Data><Data name="name"><value>45 Dam Rapids</value></Data><Data name="waterway"><value>rapids</value></Data></ExtendedData><Point><coordinates>-116.8632137,42.1709973</coordinates></Point></Placemark><Placemark><name>Bulls Sluice Falls</name><ExtendedData><Data name="@id"><value>node/8481061602</value></Data><Data name="alt_name:1"><value>Bulls Sluice</value></Data><Data name="name"><value>Bulls Sluice Falls</value></Data><Data name="waterway"><value>rapids</value></Data><Data name="wikidata"><value>Q4996628</value></Data></ExtendedData><Point><coordinates>-83.3041922,34.817577</coordinates></Point></Placemark><Placemark><description>Site of the former Petrieville Dam.</description><ExtendedData><Data name="@id"><value>node/8481442883</value></Data><Data name="description"><value>Site of the former Petrieville Dam.</value></Data><Data name="mapillary"><value>1578952389102475</value></Data><Data name="old_name"><value>Petrieville Dam</value></Data><Data name="waterway"><value>rapids</value></Data></ExtendedData><Point><coordinates>-84.623611,42.535042</coordinates></Point></Placemark><Placemark><description>Former site of the Lyons Dam.</description><ExtendedData><Data name="@id"><value>node/8481461941</value></Data><Data name="description"><value>Former site of the Lyons Dam.</value></Data><Data name="mapillary"><value>744923679508458</value></Data><Data name="rapids"><value>1</value></Data><Data name="waterway"><value>rapids</value></Data></ExtendedData><Point><coordinates>-84.9502014,42.9813408</coordinates></Point></Placemark><Placemark><name>Granny's</name><ExtendedData><Data name="@id"><value>node/8558127730</value></Data><Data name="name"><value>Granny's</value></Data><Data name="waterway"><value>rapids</value></Data></ExtendedData><Point><coordinates>-120.4742302,47.5233893</coordinates></Point></Placemark><Placemark><name>Lunch Counter</name><ExtendedData><Data name="@id"><value>node/8570468482</value></Data><Data name="name"><value>Lunch Counter</value></Data><Data name="rapids"><value>3</value></Data><Data name="waterway"><value>rapids</value></Data></ExtendedData><Point><coordinates>-110.9187055,43.1965383</coordinates></Point></Placemark><Placemark><name>Big Kahuna</name><ExtendedData><Data name="@id"><value>node/8570468483</value></Data><Data name="name"><value>Big Kahuna</value></Data><Data name="rapids"><value>3+</value></Data><Data name="waterway"><value>rapids</value></Data></ExtendedData><Point><coordinates>-110.9161454,43.1950308</coordinates></Point></Placemark><Placemark><ExtendedData><Data name="@id"><value>node/8604292327</value></Data><Data name="waterway"><value>rapids</value></Data></ExtendedData><Point><coordinates>-121.2594321,45.7166395</coordinates></Point></Placemark><Placemark><ExtendedData><Data name="@id"><value>node/8896148846</value></Data><Data name="waterway"><value>rapids</value></Data></ExtendedData><Point><coordinates>-120.8081464,47.5857774</coordinates></Point></Placemark><Placemark><ExtendedData><Data name="@id"><value>node/8913508680</value></Data><Data name="waterway"><value>rapids</value></Data></ExtendedData><Point><coordinates>-81.0606133,37.8967044</coordinates></Point></Placemark><Placemark><ExtendedData><Data name="@id"><value>node/8913508681</value></Data><Data name="waterway"><value>rapids</value></Data></ExtendedData><Point><coordinates>-81.067302,37.8786807</coordinates></Point></Placemark><Placemark><ExtendedData><Data name="@id"><value>node/8913508682</value></Data><Data name="waterway"><value>rapids</value></Data></ExtendedData><Point><coordinates>-81.0646412,37.8870234</coordinates></Point></Placemark><Placemark><ExtendedData><Data name="@id"><value>node/8913508683</value></Data><Data name="waterway"><value>rapids</value></Data></ExtendedData><Point><coordinates>-81.1011805,37.858495</coordinates></Point></Placemark><Placemark><ExtendedData><Data name="@id"><value>node/8913508684</value></Data><Data name="waterway"><value>rapids</value></Data></ExtendedData><Point><coordinates>-80.9386253,37.8176041</coordinates></Point></Placemark><Placemark><ExtendedData><Data name="@id"><value>node/8913508685</value></Data><Data name="waterway"><value>rapids</value></Data></ExtendedData><Point><coordinates>-80.8986811,37.7775601</coordinates></Point></Placemark><Placemark><ExtendedData><Data name="@id"><value>node/8913508687</value></Data><Data name="waterway"><value>rapids</value></Data></ExtendedData><Point><coordinates>-80.8920258,37.7184317</coordinates></Point></Placemark><Placemark><ExtendedData><Data name="@id"><value>node/8913508688</value></Data><Data name="waterway"><value>rapids</value></Data></ExtendedData><Point><coordinates>-80.8784098,37.6933008</coordinates></Point></Placemark><Placemark><name>Ski Jump Rapid</name><ExtendedData><Data name="@id"><value>node/8974614690</value></Data><Data name="name"><value>Ski Jump Rapid</value></Data><Data name="waterway"><value>rapids</value></Data></ExtendedData><Point><coordinates>-105.7254548,36.4899189</coordinates></Point></Placemark><Placemark><name>First Falls Rapid</name><ExtendedData><Data name="@id"><value>node/9044393014</value></Data><Data name="name"><value>First Falls Rapid</value></Data><Data name="waterway"><value>rapids</value></Data></ExtendedData><Point><coordinates>-83.3201991,34.7638436</coordinates></Point></Placemark><Placemark><name>Corkscrew Rapid</name><ExtendedData><Data name="@id"><value>node/9044393015</value></Data><Data name="name"><value>Corkscrew Rapid</value></Data><Data name="waterway"><value>rapids</value></Data></ExtendedData><Point><coordinates>-83.3211245,34.7633744</coordinates></Point></Placemark><Placemark><name>Raven Chute Rapid</name><ExtendedData><Data name="@id"><value>node/9044393016</value></Data><Data name="name"><value>Raven Chute Rapid</value></Data><Data name="waterway"><value>rapids</value></Data></ExtendedData><Point><coordinates>-83.3213911,34.7794043</coordinates></Point></Placemark><Placemark><name>Fang Rapid</name><ExtendedData><Data name="@id"><value>node/9044408934</value></Data><Data name="name"><value>Fang Rapid</value></Data><Data name="waterway"><value>rapids</value></Data></ExtendedData><Point><coordinates>-84.8097241,36.0407268</coordinates></Point></Placemark><Placemark><name>Rocking Chair Rapid</name><ExtendedData><Data name="@id"><value>node/9044408935</value></Data><Data name="name"><value>Rocking Chair Rapid</value></Data><Data name="waterway"><value>rapids</value></Data></ExtendedData><Point><coordinates>-84.8072611,36.04252</coordinates></Point></Placemark><Placemark><name>Diaper Wiper Rapid</name><ExtendedData><Data name="@id"><value>node/9044408937</value></Data><Data name="name"><value>Diaper Wiper Rapid</value></Data><Data name="waterway"><value>rapids</value></Data></ExtendedData><Point><coordinates>-84.176255,35.3265093</coordinates></Point></Placemark><Placemark><name>Jared's Knee Rapids</name><ExtendedData><Data name="@id"><value>node/9044408939</value></Data><Data name="name"><value>Jared's Knee Rapids</value></Data><Data name="waterway"><value>rapids</value></Data></ExtendedData><Point><coordinates>-84.1817383,35.3306434</coordinates></Point></Placemark><Placemark><name>Devil's Kitchen Rapid</name><ExtendedData><Data name="@id"><value>node/9044408940</value></Data><Data name="name"><value>Devil's Kitchen Rapid</value></Data><Data name="waterway"><value>rapids</value></Data></ExtendedData><Point><coordinates>-85.2275953,35.8791551</coordinates></Point></Placemark><Placemark><name>Triple Drop Rapid</name><ExtendedData><Data name="@id"><value>node/9044408941</value></Data><Data name="name"><value>Triple Drop Rapid</value></Data><Data name="waterway"><value>rapids</value></Data></ExtendedData><Point><coordinates>-84.7137651,36.1089217</coordinates></Point></Placemark><Placemark><name>Lower Potters Falls</name><ExtendedData><Data name="@id"><value>node/9044408942</value></Data><Data name="name"><value>Lower Potters Falls</value></Data><Data name="waterway"><value>rapids</value></Data></ExtendedData><Point><coordinates>-84.5777339,36.0817617</coordinates></Point></Placemark><Placemark><name>Silver Diner Rapids</name><ExtendedData><Data name="@id"><value>node/9044408943</value></Data><Data name="name"><value>Silver Diner Rapids</value></Data><Data name="waterway"><value>rapids</value></Data></ExtendedData><Point><coordinates>-83.6700391,35.6706398</coordinates></Point></Placemark><Placemark><name>The Elbow Rapid</name><ExtendedData><Data name="@id"><value>node/9044428685</value></Data><Data name="name"><value>The Elbow Rapid</value></Data><Data name="waterway"><value>rapids</value></Data></ExtendedData><Point><coordinates>-83.689725,35.668038</coordinates></Point></Placemark><Placemark><name>Soc 'Em Dog Rapid</name><ExtendedData><Data name="@id"><value>node/9044428686</value></Data><Data name="name"><value>Soc 'Em Dog Rapid</value></Data><Data name="waterway"><value>rapids</value></Data></ExtendedData><Point><coordinates>-83.3232711,34.7610924</coordinates></Point></Placemark><Placemark><name>Jaw Bone Rapid</name><ExtendedData><Data name="@id"><value>node/9044428687</value></Data><Data name="name"><value>Jaw Bone Rapid</value></Data><Data name="waterway"><value>rapids</value></Data></ExtendedData><Point><coordinates>-83.3227198,34.7619587</coordinates></Point></Placemark><Placemark><name>Crack in the Rock Rapid</name><ExtendedData><Data name="@id"><value>node/9044428688</value></Data><Data name="name"><value>Crack in the Rock Rapid</value></Data><Data name="waterway"><value>rapids</value></Data></ExtendedData><Point><coordinates>-83.3219221,34.7628105</coordinates></Point></Placemark><Placemark><name>Deliverance Rock Rapid</name><ExtendedData><Data name="@id"><value>node/9044486617</value></Data><Data name="name"><value>Deliverance Rock Rapid</value></Data><Data name="waterway"><value>rapids</value></Data></ExtendedData><Point><coordinates>-83.3229293,34.7834844</coordinates></Point></Placemark><Placemark><name>Woodall Shoals Rapid</name><ExtendedData><Data name="@id"><value>node/9044486618</value></Data><Data name="name"><value>Woodall Shoals Rapid</value></Data><Data name="waterway"><value>rapids</value></Data></ExtendedData><Point><coordinates>-83.31467,34.797576</coordinates></Point></Placemark><Placemark><name>Seven Foot Falls</name><ExtendedData><Data name="@id"><value>node/9044486619</value></Data><Data name="name"><value>Seven Foot Falls</value></Data><Data name="waterway"><value>rapids</value></Data></ExtendedData><Point><coordinates>-83.319053,34.7938811</coordinates></Point></Placemark><Placemark><name>Dicks's Creek Ledge</name><ExtendedData><Data name="@id"><value>node/9044588176</value></Data><Data name="name"><value>Dicks's Creek Ledge</value></Data><Data name="waterway"><value>rapids</value></Data></ExtendedData><Point><coordinates>-83.2462087,34.8672889</coordinates></Point></Placemark><Placemark><name>Boxcar Falls</name><ExtendedData><Data name="@id"><value>node/9044588177</value></Data><Data name="name"><value>Boxcar Falls</value></Data><Data name="waterway"><value>rapids</value></Data></ExtendedData><Point><coordinates>-82.8587952,35.1965565</coordinates></Point></Placemark><Placemark><name>Accelerator Rapid</name><ExtendedData><Data name="@id"><value>node/9044588178</value></Data><Data name="name"><value>Accelerator Rapid</value></Data><Data name="waterway"><value>rapids</value></Data></ExtendedData><Point><coordinates>-83.1379823,35.805572</coordinates></Point></Placemark><Placemark><name>Double Reactionary Rapid</name><ExtendedData><Data name="@id"><value>node/9044588179</value></Data><Data name="name"><value>Double Reactionary Rapid</value></Data><Data name="waterway"><value>rapids</value></Data></ExtendedData><Point><coordinates>-83.1365413,35.8043338</coordinates></Point></Placemark><Placemark><name>Nowhere to Land Rapid</name><ExtendedData><Data name="@id"><value>node/9044588180</value></Data><Data name="name"><value>Nowhere to Land Rapid</value></Data><Data name="waterway"><value>rapids</value></Data></ExtendedData><Point><coordinates>-83.053007,35.7564402</coordinates></Point></Placemark><Placemark><name>Tiny Tower Rapid</name><ExtendedData><Data name="@id"><value>node/9044588181</value></Data><Data name="name"><value>Tiny Tower Rapid</value></Data><Data name="waterway"><value>rapids</value></Data></ExtendedData><Point><coordinates>-83.0501642,35.7565172</coordinates></Point></Placemark><Placemark><name>Chinese Arithmetic Rapid</name><ExtendedData><Data name="@id"><value>node/9044588182</value></Data><Data name="name"><value>Chinese Arithmetic Rapid</value></Data><Data name="waterway"><value>rapids</value></Data></ExtendedData><Point><coordinates>-83.0712545,35.7563752</coordinates></Point></Placemark><Placemark><name>Souse Hole</name><ExtendedData><Data name="@id"><value>node/9046664449</value></Data><Data name="name"><value>Souse Hole</value></Data><Data name="waterway"><value>rapids</value></Data></ExtendedData><Point><coordinates>-82.4043673,36.0723865</coordinates></Point></Placemark><Placemark><name>Souse Hole</name><ExtendedData><Data name="@id"><value>node/9046664450</value></Data><Data name="name"><value>Souse Hole</value></Data><Data name="waterway"><value>rapids</value></Data></ExtendedData><Point><coordinates>-82.423702,36.084388</coordinates></Point></Placemark><Placemark><name>Cowbell Rapid</name><ExtendedData><Data name="@id"><value>node/9046664451</value></Data><Data name="name"><value>Cowbell Rapid</value></Data><Data name="waterway"><value>rapids</value></Data></ExtendedData><Point><coordinates>-82.4477318,36.1008563</coordinates></Point></Placemark><Placemark><name>Frank Bell's Rapid</name><ExtendedData><Data name="@id"><value>node/9046664452</value></Data><Data name="name"><value>Frank Bell's Rapid</value></Data><Data name="waterway"><value>rapids</value></Data></ExtendedData><Point><coordinates>-82.8145473,35.8790071</coordinates></Point></Placemark><Placemark><name>Kayak Ledge</name><ExtendedData><Data name="@id"><value>node/9046664453</value></Data><Data name="name"><value>Kayak Ledge</value></Data><Data name="waterway"><value>rapids</value></Data></ExtendedData><Point><coordinates>-82.8030277,35.8764467</coordinates></Point></Placemark><Placemark><name>Stackhouse Rapid</name><ExtendedData><Data name="@id"><value>node/9046664454</value></Data><Data name="name"><value>Stackhouse Rapid</value></Data><Data name="waterway"><value>rapids</value></Data></ExtendedData><Point><coordinates>-82.7715719,35.8806398</coordinates></Point></Placemark><Placemark><name>Shoulder Bone Rapid</name><ExtendedData><Data name="@id"><value>node/9046713912</value></Data><Data name="name"><value>Shoulder Bone Rapid</value></Data><Data name="waterway"><value>rapids</value></Data></ExtendedData><Point><coordinates>-83.322755,34.7602572</coordinates></Point></Placemark><Placemark><name>Hammer Factor Rapid</name><ExtendedData><Data name="@id"><value>node/9046727927</value></Data><Data name="name"><value>Hammer Factor Rapid</value></Data><Data name="waterway"><value>rapids</value></Data></ExtendedData><Point><coordinates>-82.3281056,35.2668321</coordinates></Point></Placemark><Placemark><ExtendedData><Data name="@id"><value>node/9115249985</value></Data><Data name="waterway"><value>rapids</value></Data></ExtendedData><Point><coordinates>-73.6932835,42.7815558</coordinates></Point></Placemark><Placemark><name>Hawkins Shoals</name><ExtendedData><Data name="@id"><value>node/9152405867</value></Data><Data name="ele"><value>92</value></Data><Data name="gnis:feature_id"><value>1232927</value></Data><Data name="name"><value>Hawkins Shoals</value></Data><Data name="waterway"><value>rapids</value></Data></ExtendedData><Point><coordinates>-81.5265126,34.5202148</coordinates></Point></Placemark><Placemark><name>Woods Ferry Rapid</name><ExtendedData><Data name="@id"><value>node/9170707040</value></Data><Data name="name"><value>Woods Ferry Rapid</value></Data><Data name="waterway"><value>rapids</value></Data></ExtendedData><Point><coordinates>-81.0088802,38.205568</coordinates></Point></Placemark><Placemark><name>Canyon Doors Rapid</name><ExtendedData><Data name="@id"><value>node/9170707041</value></Data><Data name="name"><value>Canyon Doors Rapid</value></Data><Data name="waterway"><value>rapids</value></Data></ExtendedData><Point><coordinates>-81.038259,38.2400971</coordinates></Point></Placemark><Placemark><name>Diagonal Ledges Rapid</name><ExtendedData><Data name="@id"><value>node/9170707042</value></Data><Data name="name"><value>Diagonal Ledges Rapid</value></Data><Data name="waterway"><value>rapids</value></Data></ExtendedData><Point><coordinates>-81.0515427,38.2152927</coordinates></Point></Placemark><Placemark><ExtendedData><Data name="@id"><value>node/9258965340</value></Data><Data name="waterway"><value>rapids</value></Data></ExtendedData><Point><coordinates>-74.2189918,42.2122116</coordinates></Point></Placemark><Placemark><ExtendedData><Data name="@id"><value>node/9258965345</value></Data><Data name="waterway"><value>rapids</value></Data></ExtendedData><Point><coordinates>-74.219042,42.2123329</coordinates></Point></Placemark><Placemark><ExtendedData><Data name="@id"><value>node/9493718565</value></Data><Data name="waterway"><value>rapids</value></Data></ExtendedData><Point><coordinates>-93.3356402,36.0391884</coordinates></Point></Placemark><Placemark><ExtendedData><Data name="@id"><value>node/9493718590</value></Data><Data name="waterway"><value>rapids</value></Data></ExtendedData><Point><coordinates>-93.3369765,36.050234</coordinates></Point></Placemark><Placemark><name>Shotgun Rapids</name><ExtendedData><Data name="@id"><value>node/9497497062</value></Data><Data name="name"><value>Shotgun Rapids</value></Data><Data name="waterway"><value>rapids</value></Data></ExtendedData><Point><coordinates>-145.0840649,65.2872375</coordinates></Point></Placemark><Placemark><name>Double Barrel Rapids</name><ExtendedData><Data name="@id"><value>node/9497497090</value></Data><Data name="name"><value>Double Barrel Rapids</value></Data><Data name="waterway"><value>rapids</value></Data></ExtendedData><Point><coordinates>-145.1262936,65.2757344</coordinates></Point></Placemark><Placemark><name>Double Barrel Rapids</name><ExtendedData><Data name="@id"><value>node/9497497095</value></Data><Data name="name"><value>Double Barrel Rapids</value></Data><Data name="waterway"><value>rapids</value></Data></ExtendedData><Point><coordinates>-145.1330849,65.272252</coordinates></Point></Placemark><Placemark><name>Rock Garden</name><ExtendedData><Data name="@id"><value>node/9497497137</value></Data><Data name="name"><value>Rock Garden</value></Data><Data name="waterway"><value>rapids</value></Data></ExtendedData><Point><coordinates>-145.2148362,65.2665852</coordinates></Point></Placemark><Placemark><name>Pine Stream Rapids</name><ExtendedData><Data name="@id"><value>node/9590310347</value></Data><Data name="intermittent"><value>yes</value></Data><Data name="name"><value>Pine Stream Rapids</value></Data><Data name="waterway"><value>rapids</value></Data></ExtendedData><Point><coordinates>-69.4409946,46.0438815</coordinates></Point></Placemark><Placemark><ExtendedData><Data name="@id"><value>node/9626392173</value></Data><Data name="waterway"><value>rapids</value></Data></ExtendedData><Point><coordinates>-69.9291892,46.2898994</coordinates></Point></Placemark><Placemark><ExtendedData><Data name="@id"><value>node/9626392188</value></Data><Data name="waterway"><value>rapids</value></Data></ExtendedData><Point><coordinates>-69.9244375,46.2980459</coordinates></Point></Placemark><Placemark><name>Narrows</name><ExtendedData><Data name="@id"><value>node/9656781143</value></Data><Data name="name"><value>Narrows</value></Data><Data name="waterway"><value>rapids</value></Data></ExtendedData><Point><coordinates>-123.8974652,42.7010046</coordinates></Point></Placemark><Placemark><ExtendedData><Data name="@id"><value>node/9658775921</value></Data><Data name="waterway"><value>rapids</value></Data></ExtendedData><Point><coordinates>-70.6526363,43.7328269</coordinates></Point></Placemark><Placemark><ExtendedData><Data name="@id"><value>node/9658775993</value></Data><Data name="waterway"><value>rapids</value></Data></ExtendedData><Point><coordinates>-70.6458691,43.7468318</coordinates></Point></Placemark><Placemark><ExtendedData><Data name="@id"><value>node/9670895915</value></Data><Data name="waterway"><value>rapids</value></Data></ExtendedData><Point><coordinates>-123.7792146,42.322957</coordinates></Point></Placemark><Placemark><ExtendedData><Data name="@id"><value>node/9670895941</value></Data><Data name="waterway"><value>rapids</value></Data></ExtendedData><Point><coordinates>-123.7816206,42.3481703</coordinates></Point></Placemark><Placemark><ExtendedData><Data name="@id"><value>node/9670896120</value></Data><Data name="waterway"><value>rapids</value></Data></ExtendedData><Point><coordinates>-123.7323725,42.2902924</coordinates></Point></Placemark><Placemark><ExtendedData><Data name="@id"><value>node/9670896713</value></Data><Data name="waterway"><value>rapids</value></Data></ExtendedData><Point><coordinates>-123.8394785,42.3842809</coordinates></Point></Placemark><Placemark><ExtendedData><Data name="@id"><value>node/9687860618</value></Data><Data name="waterway"><value>rapids</value></Data></ExtendedData><Point><coordinates>-70.2163029,45.9044389</coordinates></Point></Placemark><Placemark><ExtendedData><Data name="@id"><value>node/9724625725</value></Data><Data name="waterway"><value>rapids</value></Data></ExtendedData><Point><coordinates>-72.9806336,42.2932628</coordinates></Point></Placemark><Placemark><ExtendedData><Data name="@id"><value>node/9813437324</value></Data><Data name="waterway"><value>rapids</value></Data></ExtendedData><Point><coordinates>-69.441663,46.3247118</coordinates></Point></Placemark><Placemark><description>Stone weir was created to replace a low head dam.</description><ExtendedData><Data name="@id"><value>node/10315931897</value></Data><Data name="description"><value>Stone weir was created to replace a low head dam.</value></Data><Data name="waterway"><value>rapids</value></Data></ExtendedData><Point><coordinates>-84.6511311,42.6462368</coordinates></Point></Placemark><Placemark><name>Let's Make a Deal III</name><ExtendedData><Data name="@id"><value>node/10542037091</value></Data><Data name="name"><value>Let's Make a Deal III</value></Data><Data name="waterway"><value>rapids</value></Data></ExtendedData><Point><coordinates>-121.9389867,47.3188286</coordinates></Point></Placemark><Placemark><ExtendedData><Data name="@id"><value>node/10597242597</value></Data><Data name="waterway"><value>rapids</value></Data></ExtendedData><Point><coordinates>-78.5914798,37.9503625</coordinates></Point></Placemark><Placemark><ExtendedData><Data name="@id"><value>node/10609060512</value></Data><Data name="waterway"><value>rapids</value></Data></ExtendedData><Point><coordinates>-83.9088516,42.407948</coordinates></Point></Placemark><Placemark><name>Saccarappa Falls</name><ExtendedData><Data name="@id"><value>node/10633755559</value></Data><Data name="name"><value>Saccarappa Falls</value></Data><Data name="waterway"><value>rapids</value></Data></ExtendedData><Point><coordinates>-70.367903,43.6779443</coordinates></Point></Placemark><Placemark><ExtendedData><Data name="@id"><value>node/10633755560</value></Data><Data name="waterway"><value>rapids</value></Data></ExtendedData><Point><coordinates>-70.3691171,43.6789194</coordinates></Point></Placemark><Placemark><ExtendedData><Data name="@id"><value>node/10633755561</value></Data><Data name="waterway"><value>rapids</value></Data></ExtendedData><Point><coordinates>-70.370281,43.679138</coordinates></Point></Placemark><Placemark><ExtendedData><Data name="@id"><value>node/10633755564</value></Data><Data name="waterway"><value>rapids</value></Data></ExtendedData><Point><coordinates>-70.3693788,43.677998</coordinates></Point></Placemark><Placemark><ExtendedData><Data name="@id"><value>node/10665506474</value></Data><Data name="waterway"><value>rapids</value></Data></ExtendedData><Point><coordinates>-82.3118499,37.2884969</coordinates></Point></Placemark><Placemark><ExtendedData><Data name="@id"><value>node/10722728486</value></Data><Data name="waterway"><value>rapids</value></Data></ExtendedData><Point><coordinates>-91.3285561,48.0709953</coordinates></Point></Placemark><Placemark><ExtendedData><Data name="@id"><value>node/10728506662</value></Data><Data name="waterway"><value>rapids</value></Data></ExtendedData><Point><coordinates>-91.7115283,48.1134844</coordinates></Point></Placemark><Placemark><ExtendedData><Data name="@id"><value>node/10731908907</value></Data><Data name="waterway"><value>rapids</value></Data></ExtendedData><Point><coordinates>-82.2264838,28.151344</coordinates></Point></Placemark><Placemark><ExtendedData><Data name="@id"><value>node/10788124260</value></Data><Data name="waterway"><value>rapids</value></Data></ExtendedData><Point><coordinates>-91.5345776,47.9234028</coordinates></Point></Placemark><Placemark><ExtendedData><Data name="@id"><value>node/10789029677</value></Data><Data name="waterway"><value>rapids</value></Data></ExtendedData><Point><coordinates>-91.610924,47.9184129</coordinates></Point></Placemark><Placemark><ExtendedData><Data name="@id"><value>node/10800238795</value></Data><Data name="waterway"><value>rapids</value></Data></ExtendedData><Point><coordinates>-91.3333938,47.8993621</coordinates></Point></Placemark><Placemark><ExtendedData><Data name="@id"><value>node/10805660581</value></Data><Data name="waterway"><value>rapids</value></Data></ExtendedData><Point><coordinates>-91.2067533,47.923815</coordinates></Point></Placemark><Placemark><name>Upper Gorilla</name><ExtendedData><Data name="@id"><value>node/10865560054</value></Data><Data name="name"><value>Upper Gorilla</value></Data><Data name="waterway"><value>rapids</value></Data></ExtendedData><Point><coordinates>-120.5736927,47.5451481</coordinates></Point></Placemark><Placemark><name>Easy Listening</name><ExtendedData><Data name="@id"><value>node/10865560055</value></Data><Data name="name"><value>Easy Listening</value></Data><Data name="waterway"><value>rapids</value></Data></ExtendedData><Point><coordinates>-120.5879128,47.5683442</coordinates></Point></Placemark><Placemark><ExtendedData><Data name="@id"><value>node/10872530905</value></Data><Data name="waterway"><value>rapids</value></Data></ExtendedData><Point><coordinates>-91.6512725,48.1084968</coordinates></Point></Placemark><Placemark><ExtendedData><Data name="@id"><value>node/10879678670</value></Data><Data name="waterway"><value>rapids</value></Data></ExtendedData><Point><coordinates>-91.7134662,48.1013557</coordinates></Point></Placemark><Placemark><ExtendedData><Data name="@id"><value>node/10879689226</value></Data><Data name="waterway"><value>rapids</value></Data></ExtendedData><Point><coordinates>-91.7370629,48.0867015</coordinates></Point></Placemark><Placemark><ExtendedData><Data name="@id"><value>node/10879689227</value></Data><Data name="waterway"><value>rapids</value></Data></ExtendedData><Point><coordinates>-91.7372024,48.0864363</coordinates></Point></Placemark><Placemark><ExtendedData><Data name="@id"><value>node/10977860895</value></Data><Data name="waterway"><value>rapids</value></Data></ExtendedData><Point><coordinates>-92.0311008,48.233219</coordinates></Point></Placemark><Placemark><ExtendedData><Data name="@id"><value>node/10977860896</value></Data><Data name="waterway"><value>rapids</value></Data></ExtendedData><Point><coordinates>-92.0309244,48.2328337</coordinates></Point></Placemark><Placemark><ExtendedData><Data name="@id"><value>node/10977865396</value></Data><Data name="waterway"><value>rapids</value></Data></ExtendedData><Point><coordinates>-92.0766668,48.1842352</coordinates></Point></Placemark><Placemark><ExtendedData><Data name="@id"><value>node/10978869404</value></Data><Data name="waterway"><value>rapids</value></Data></ExtendedData><Point><coordinates>-92.2225539,48.1690079</coordinates></Point></Placemark><Placemark><name>Big Smokey Falls</name><ExtendedData><Data name="@id"><value>node/10990456434</value></Data><Data name="name"><value>Big Smokey Falls</value></Data><Data name="waterway"><value>rapids</value></Data></ExtendedData><Point><coordinates>-88.6374186,45.0164968</coordinates></Point></Placemark><Placemark><name>Munsungan Falls</name><ExtendedData><Data name="@id"><value>node/11114999337</value></Data><Data name="name"><value>Munsungan Falls</value></Data><Data name="waterway"><value>rapids</value></Data></ExtendedData><Point><coordinates>-68.9175621,46.3694057</coordinates></Point></Placemark><Placemark><ExtendedData><Data name="@id"><value>node/11228173781</value></Data><Data name="waterway"><value>rapids</value></Data></ExtendedData><Point><coordinates>-83.0013791,34.031743</coordinates></Point></Placemark><Placemark><ExtendedData><Data name="@id"><value>node/11228173795</value></Data><Data name="waterway"><value>rapids</value></Data></ExtendedData><Point><coordinates>-83.006596,34.0311318</coordinates></Point></Placemark><Placemark><ExtendedData><Data name="@id"><value>node/11250132843</value></Data><Data name="waterway"><value>rapids</value></Data></ExtendedData><Point><coordinates>-106.0487887,39.5083979</coordinates></Point></Placemark><Placemark><ExtendedData><Data name="@id"><value>node/11250132845</value></Data><Data name="waterway"><value>rapids</value></Data></ExtendedData><Point><coordinates>-106.0485223,39.5078026</coordinates></Point></Placemark><Placemark><ExtendedData><Data name="@id"><value>node/11250132851</value></Data><Data name="waterway"><value>rapids</value></Data></ExtendedData><Point><coordinates>-106.0484179,39.5042157</coordinates></Point></Placemark><Placemark><ExtendedData><Data name="@id"><value>node/11250132854</value></Data><Data name="waterway"><value>rapids</value></Data></ExtendedData><Point><coordinates>-106.0479659,39.5030548</coordinates></Point></Placemark><Placemark><ExtendedData><Data name="@id"><value>node/11250132856</value></Data><Data name="waterway"><value>rapids</value></Data></ExtendedData><Point><coordinates>-106.0479217,39.5025367</coordinates></Point></Placemark><Placemark><name>The Horserace</name><ExtendedData><Data name="@id"><value>node/11250964368</value></Data><Data name="name"><value>The Horserace</value></Data><Data name="waterway"><value>rapids</value></Data></ExtendedData><Point><coordinates>-69.5507621,46.1907308</coordinates></Point></Placemark><Placemark><ExtendedData><Data name="@id"><value>node/11332022185</value></Data><Data name="waterway"><value>rapids</value></Data></ExtendedData><Point><coordinates>-106.0461807,39.4949517</coordinates></Point></Placemark><Placemark><ExtendedData><Data name="@id"><value>node/11343440123</value></Data><Data name="waterway"><value>rapids</value></Data></ExtendedData><Point><coordinates>-67.5110318,44.8515687</coordinates></Point></Placemark><Placemark><ExtendedData><Data name="@id"><value>node/11343821299</value></Data><Data name="waterway"><value>rapids</value></Data></ExtendedData><Point><coordinates>-68.3064467,44.7673876</coordinates></Point></Placemark><Placemark><ExtendedData><Data name="@id"><value>node/11346359348</value></Data><Data name="waterway"><value>rapids</value></Data></ExtendedData><Point><coordinates>-79.726196,35.7475115</coordinates></Point></Placemark><Placemark><ExtendedData><Data name="@id"><value>node/11360334318</value></Data><Data name="waterway"><value>rapids</value></Data></ExtendedData><Point><coordinates>-108.3342586,38.8252555</coordinates></Point></Placemark><Placemark><ExtendedData><Data name="@id"><value>node/11360334321</value></Data><Data name="waterway"><value>rapids</value></Data></ExtendedData><Point><coordinates>-108.3267254,38.8108509</coordinates></Point></Placemark><Placemark><ExtendedData><Data name="@id"><value>node/11388010314</value></Data><Data name="waterway"><value>rapids</value></Data></ExtendedData><Point><coordinates>-84.6343059,36.5080882</coordinates></Point></Placemark><Placemark><ExtendedData><Data name="@id"><value>node/11388036418</value></Data><Data name="waterway"><value>rapids</value></Data></ExtendedData><Point><coordinates>-84.6284124,36.4293973</coordinates></Point></Placemark><Placemark><ExtendedData><Data name="@id"><value>node/11388036419</value></Data><Data name="waterway"><value>rapids</value></Data></ExtendedData><Point><coordinates>-84.625979,36.4271267</coordinates></Point></Placemark><Placemark><ExtendedData><Data name="@id"><value>node/11388036420</value></Data><Data name="waterway"><value>rapids</value></Data></ExtendedData><Point><coordinates>-84.6242275,36.4252721</coordinates></Point></Placemark><Placemark><ExtendedData><Data name="@id"><value>node/11388036421</value></Data><Data name="waterway"><value>rapids</value></Data></ExtendedData><Point><coordinates>-84.6139959,36.4298806</coordinates></Point></Placemark><Placemark><ExtendedData><Data name="@id"><value>node/11389852889</value></Data><Data name="waterway"><value>rapids</value></Data></ExtendedData><Point><coordinates>-113.4180665,47.831956</coordinates></Point></Placemark><Placemark><ExtendedData><Data name="@id"><value>node/11396176355</value></Data><Data name="waterway"><value>rapids</value></Data></ExtendedData><Point><coordinates>-84.8122885,35.8832199</coordinates></Point></Placemark><Placemark><ExtendedData><Data name="@id"><value>node/11396197136</value></Data><Data name="waterway"><value>rapids</value></Data></ExtendedData><Point><coordinates>-84.8123736,35.8834176</coordinates></Point></Placemark><Placemark><ExtendedData><Data name="@id"><value>node/11396227343</value></Data><Data name="waterway"><value>rapids</value></Data></ExtendedData><Point><coordinates>-84.8380798,35.8865089</coordinates></Point></Placemark><Placemark><ExtendedData><Data name="@id"><value>node/11396227353</value></Data><Data name="waterway"><value>rapids</value></Data></ExtendedData><Point><coordinates>-84.8379361,35.8864637</coordinates></Point></Placemark><Placemark><ExtendedData><Data name="@id"><value>node/11410040244</value></Data><Data name="waterway"><value>rapids</value></Data></ExtendedData><Point><coordinates>-82.1547912,35.5045843</coordinates></Point></Placemark><Placemark><ExtendedData><Data name="@id"><value>node/11410040246</value></Data><Data name="waterway"><value>rapids</value></Data></ExtendedData><Point><coordinates>-82.1550655,35.5047736</coordinates></Point></Placemark><Placemark><ExtendedData><Data name="@id"><value>node/11410040252</value></Data><Data name="waterway"><value>rapids</value></Data></ExtendedData><Point><coordinates>-82.1556863,35.5049304</coordinates></Point></Placemark><Placemark><ExtendedData><Data name="@id"><value>node/11410040258</value></Data><Data name="waterway"><value>rapids</value></Data></ExtendedData><Point><coordinates>-82.1558573,35.5053317</coordinates></Point></Placemark><Placemark><ExtendedData><Data name="@id"><value>node/11412675499</value></Data><Data name="waterway"><value>rapids</value></Data></ExtendedData><Point><coordinates>-82.350941,36.0833815</coordinates></Point></Placemark><Placemark><ExtendedData><Data name="@id"><value>node/11412675500</value></Data><Data name="waterway"><value>rapids</value></Data></ExtendedData><Point><coordinates>-82.3507195,36.0825013</coordinates></Point></Placemark><Placemark><ExtendedData><Data name="@id"><value>node/11412681506</value></Data><Data name="waterway"><value>rapids</value></Data></ExtendedData><Point><coordinates>-82.3866137,36.0767651</coordinates></Point></Placemark><Placemark><ExtendedData><Data name="@id"><value>node/11481517778</value></Data><Data name="waterway"><value>rapids</value></Data></ExtendedData><Point><coordinates>-113.4240161,47.8391335</coordinates></Point></Placemark><Placemark><ExtendedData><Data name="@id"><value>node/11481517780</value></Data><Data name="waterway"><value>rapids</value></Data></ExtendedData><Point><coordinates>-113.423394,47.8382118</coordinates></Point></Placemark><Placemark><name>Maryland Chute</name><ExtendedData><Data name="@id"><value>node/11522818379</value></Data><Data name="name"><value>Maryland Chute</value></Data><Data name="waterway"><value>rapids</value></Data></ExtendedData><Point><coordinates>-77.2357731,38.9787552</coordinates></Point></Placemark><Placemark><name>Virginia Chute</name><ExtendedData><Data name="@id"><value>node/11522818380</value></Data><Data name="name"><value>Virginia Chute</value></Data><Data name="waterway"><value>rapids</value></Data></ExtendedData><Point><coordinates>-77.2370901,38.9780254</coordinates></Point></Placemark><Placemark><name>Center Chute</name><ExtendedData><Data name="@id"><value>node/11522818381</value></Data><Data name="name"><value>Center Chute</value></Data><Data name="waterway"><value>rapids</value></Data></ExtendedData><Point><coordinates>-77.2361996,38.9781192</coordinates></Point></Placemark><Placemark><ExtendedData><Data name="@id"><value>node/11581751205</value></Data><Data name="waterway"><value>rapids</value></Data></ExtendedData><Point><coordinates>-67.5090876,44.8500974</coordinates></Point></Placemark><Placemark><ExtendedData><Data name="@id"><value>node/11581751226</value></Data><Data name="waterway"><value>rapids</value></Data></ExtendedData><Point><coordinates>-67.5076016,44.8487723</coordinates></Point></Placemark><Placemark><ExtendedData><Data name="@id"><value>node/11581751255</value></Data><Data name="waterway"><value>rapids</value></Data></ExtendedData><Point><coordinates>-67.5074698,44.8498107</coordinates></Point></Placemark><Placemark><ExtendedData><Data name="@id"><value>node/11606158151</value></Data><Data name="waterway"><value>rapids</value></Data></ExtendedData><Point><coordinates>-112.7585791,47.6028788</coordinates></Point></Placemark><Placemark><ExtendedData><Data name="@id"><value>node/11606334500</value></Data><Data name="waterway"><value>rapids</value></Data></ExtendedData><Point><coordinates>-112.856965,47.6305058</coordinates></Point></Placemark><Placemark><ExtendedData><Data name="@id"><value>node/11606334501</value></Data><Data name="waterway"><value>rapids</value></Data></ExtendedData><Point><coordinates>-112.8571083,47.6298254</coordinates></Point></Placemark><Placemark><ExtendedData><Data name="@id"><value>node/11751845491</value></Data><Data name="waterway"><value>rapids</value></Data></ExtendedData><Point><coordinates>-78.3274413,38.8532438</coordinates></Point></Placemark><Placemark><ExtendedData><Data name="@id"><value>node/11751845492</value></Data><Data name="waterway"><value>rapids</value></Data></ExtendedData><Point><coordinates>-78.3241343,38.853293</coordinates></Point></Placemark><Placemark><name>Zoar Gap Rapids</name><ExtendedData><Data name="@id"><value>node/11816692574</value></Data><Data name="name"><value>Zoar Gap Rapids</value></Data><Data name="rapids"><value>3</value></Data><Data name="short_name"><value>Zoar Rapids</value></Data><Data name="waterway"><value>rapids</value></Data></ExtendedData><Point><coordinates>-72.9556181,42.6549494</coordinates></Point></Placemark><Placemark><ExtendedData><Data name="@id"><value>node/11911590090</value></Data><Data name="waterway"><value>rapids</value></Data></ExtendedData><Point><coordinates>-120.6561835,47.5936876</coordinates></Point></Placemark><Placemark><ExtendedData><Data name="@id"><value>node/11942555729</value></Data><Data name="waterway"><value>rapids</value></Data></ExtendedData><Point><coordinates>-67.8003057,44.8608107</coordinates></Point></Placemark><Placemark><ExtendedData><Data name="@id"><value>node/11942555732</value></Data><Data name="waterway"><value>rapids</value></Data></ExtendedData><Point><coordinates>-67.7377528,44.8175816</coordinates></Point></Placemark><Placemark><ExtendedData><Data name="@id"><value>node/11942555733</value></Data><Data name="waterway"><value>rapids</value></Data></ExtendedData><Point><coordinates>-67.7342937,44.8168214</coordinates></Point></Placemark><Placemark><name>Great Falls</name><ExtendedData><Data name="@id"><value>node/11942555890</value></Data><Data name="name"><value>Great Falls</value></Data><Data name="waterway"><value>rapids</value></Data></ExtendedData><Point><coordinates>-67.5850288,44.7777421</coordinates></Point></Placemark><Placemark><ExtendedData><Data name="@id"><value>node/11942556013</value></Data><Data name="waterway"><value>rapids</value></Data></ExtendedData><Point><coordinates>-67.5253463,44.7236546</coordinates></Point></Placemark><Placemark><ExtendedData><Data name="@id"><value>node/11942617111</value></Data><Data name="waterway"><value>rapids</value></Data></ExtendedData><Point><coordinates>-67.4692531,44.7087681</coordinates></Point></Placemark><Placemark><ExtendedData><Data name="@id"><value>node/11944685041</value></Data><Data name="waterway"><value>rapids</value></Data></ExtendedData><Point><coordinates>-67.5026784,44.7105353</coordinates></Point></Placemark><Placemark><ExtendedData><Data name="@id"><value>node/11990610318</value></Data><Data name="waterway"><value>rapids</value></Data></ExtendedData><Point><coordinates>-119.8172754,39.5246103</coordinates></Point></Placemark><Placemark><ExtendedData><Data name="@id"><value>node/11990610319</value></Data><Data name="waterway"><value>rapids</value></Data></ExtendedData><Point><coordinates>-119.8156773,39.5245763</coordinates></Point></Placemark><Placemark><ExtendedData><Data name="@id"><value>node/12006706621</value></Data><Data name="waterway"><value>rapids</value></Data></ExtendedData><Point><coordinates>-75.7052938,44.1361027</coordinates></Point></Placemark><Placemark><ExtendedData><Data name="@id"><value>node/12006706672</value></Data><Data name="waterway"><value>rapids</value></Data></ExtendedData><Point><coordinates>-75.6992841,44.1246096</coordinates></Point></Placemark><Placemark><ExtendedData><Data name="@id"><value>node/12006706978</value></Data><Data name="waterway"><value>rapids</value></Data></ExtendedData><Point><coordinates>-75.6622255,44.0968462</coordinates></Point></Placemark><Placemark><ExtendedData><Data name="@id"><value>node/12006706981</value></Data><Data name="waterway"><value>rapids</value></Data></ExtendedData><Point><coordinates>-75.6629367,44.0968652</coordinates></Point></Placemark><Placemark><ExtendedData><Data name="@id"><value>node/12075722401</value></Data><Data name="waterway"><value>rapids</value></Data></ExtendedData><Point><coordinates>-121.3754983,46.8321783</coordinates></Point></Placemark><Placemark><ExtendedData><Data name="@id"><value>node/12093553349</value></Data><Data name="waterway"><value>rapids</value></Data></ExtendedData><Point><coordinates>-67.9183004,45.4213451</coordinates></Point></Placemark><Placemark><name>Dingmans Rapids</name><ExtendedData><Data name="@id"><value>node/12113365582</value></Data><Data name="name"><value>Dingmans Rapids</value></Data><Data name="rapids"><value>yes</value></Data><Data name="waterway"><value>rapids</value></Data></ExtendedData><Point><coordinates>-74.8813723,41.2247336</coordinates></Point></Placemark><Placemark><name>Leadbetter Falls</name><ExtendedData><Data name="@id"><value>node/12120204322</value></Data><Data name="name"><value>Leadbetter Falls</value></Data><Data name="waterway"><value>rapids</value></Data></ExtendedData><Point><coordinates>-69.9933634,45.9353421</coordinates></Point></Placemark><Placemark><name>Walker's Rips</name><ExtendedData><Data name="@id"><value>node/12121186353</value></Data><Data name="name"><value>Walker's Rips</value></Data><Data name="waterway"><value>rapids</value></Data></ExtendedData><Point><coordinates>-70.8991565,44.0025203</coordinates></Point></Placemark><Placemark><ExtendedData><Data name="@id"><value>node/12123113706</value></Data><Data name="waterway"><value>rapids</value></Data></ExtendedData><Point><coordinates>-71.7226939,42.5014549</coordinates></Point></Placemark><Placemark><ExtendedData><Data name="@id"><value>node/12123113716</value></Data><Data name="waterway"><value>rapids</value></Data></ExtendedData><Point><coordinates>-71.6931529,42.4956442</coordinates></Point></Placemark><Placemark><ExtendedData><Data name="@id"><value>node/12123113727</value></Data><Data name="waterway"><value>rapids</value></Data></ExtendedData><Point><coordinates>-71.6930261,42.4954277</coordinates></Point></Placemark><Placemark><name>Surfers (II+)</name><ExtendedData><Data name="@id"><value>node/12193748972</value></Data><Data name="name"><value>Surfers (II+)</value></Data><Data name="rapids"><value>2+</value></Data><Data name="waterway"><value>rapids</value></Data></ExtendedData><Point><coordinates>-84.3208915,36.8626493</coordinates></Point></Placemark><Placemark><name>Screaming Right (III+)</name><ExtendedData><Data name="@id"><value>node/12193748973</value></Data><Data name="name"><value>Screaming Right (III+)</value></Data><Data name="rapids"><value>3+</value></Data><Data name="waterway"><value>rapids</value></Data></ExtendedData><Point><coordinates>-84.3210586,36.874521</coordinates></Point></Placemark><Placemark><name>Stairsteps (III)</name><ExtendedData><Data name="@id"><value>node/12193748974</value></Data><Data name="name"><value>Stairsteps (III)</value></Data><Data name="rapids"><value>3</value></Data><Data name="waterway"><value>rapids</value></Data></ExtendedData><Point><coordinates>-84.3154518,36.8792529</coordinates></Point></Placemark><Placemark><name>Last Drop (III+)</name><ExtendedData><Data name="@id"><value>node/12193748975</value></Data><Data name="name"><value>Last Drop (III+)</value></Data><Data name="rapids"><value>3+</value></Data><Data name="waterway"><value>rapids</value></Data></ExtendedData><Point><coordinates>-84.3145888,36.8837511</coordinates></Point></Placemark><Placemark><name>Yellow Bank Rapid</name><ExtendedData><Data name="@id"><value>node/12200673520</value></Data><Data name="name"><value>Yellow Bank Rapid</value></Data><Data name="waterway"><value>rapids</value></Data></ExtendedData><Point><coordinates>-105.72871,36.4555314</coordinates></Point></Placemark><Placemark><ExtendedData><Data name="@id"><value>node/12255345469</value></Data><Data name="waterway"><value>rapids</value></Data></ExtendedData><Point><coordinates>-84.361108,34.9722177</coordinates></Point></Placemark><Placemark><ExtendedData><Data name="@id"><value>node/12255345470</value></Data><Data name="waterway"><value>rapids</value></Data></ExtendedData><Point><coordinates>-84.3591629,34.9792379</coordinates></Point></Placemark><Placemark><ExtendedData><Data name="@id"><value>node/12338062463</value></Data><Data name="waterway"><value>rapids</value></Data></ExtendedData><Point><coordinates>-69.9263136,46.2948291</coordinates></Point></Placemark><Placemark><ExtendedData><Data name="@id"><value>node/12394999730</value></Data><Data name="waterway"><value>rapids</value></Data></ExtendedData><Point><coordinates>-91.7240731,45.2006098</coordinates></Point></Placemark><Placemark><name>Room of Doom</name><ExtendedData><Data name="@id"><value>node/12417402801</value></Data><Data name="name"><value>Room of Doom</value></Data><Data name="waterway"><value>rapids</value></Data></ExtendedData><Point><coordinates>-109.1644122,38.9943663</coordinates></Point></Placemark><Placemark><ExtendedData><Data name="@id"><value>node/12467013503</value></Data><Data name="waterway"><value>rapids</value></Data></ExtendedData><Point><coordinates>-114.9465958,47.5052092</coordinates></Point></Placemark><Placemark><ExtendedData><Data name="@id"><value>node/12467013504</value></Data><Data name="waterway"><value>rapids</value></Data></ExtendedData><Point><coordinates>-114.9720904,47.5103685</coordinates></Point></Placemark><Placemark><ExtendedData><Data name="@id"><value>node/12472041659</value></Data><Data name="waterway"><value>rapids</value></Data></ExtendedData><Point><coordinates>-119.7128288,38.8986169</coordinates></Point></Placemark><Placemark><ExtendedData><Data name="@id"><value>node/12472041865</value></Data><Data name="waterway"><value>rapids</value></Data></ExtendedData><Point><coordinates>-119.7165316,38.9138266</coordinates></Point></Placemark><Placemark><ExtendedData><Data name="@id"><value>node/12472041876</value></Data><Data name="waterway"><value>rapids</value></Data></ExtendedData><Point><coordinates>-119.7217847,38.9169622</coordinates></Point></Placemark><Placemark><ExtendedData><Data name="@id"><value>node/12472041908</value></Data><Data name="waterway"><value>rapids</value></Data></ExtendedData><Point><coordinates>-119.7220838,38.917245</coordinates></Point></Placemark><Placemark><ExtendedData><Data name="@id"><value>node/12472701534</value></Data><Data name="waterway"><value>rapids</value></Data></ExtendedData><Point><coordinates>-116.1444073,43.5699558</coordinates></Point></Placemark><Placemark><ExtendedData><Data name="@id"><value>node/12472701614</value></Data><Data name="waterway"><value>rapids</value></Data></ExtendedData><Point><coordinates>-116.2350052,43.629086</coordinates></Point></Placemark><Placemark><ExtendedData><Data name="@id"><value>node/12472701615</value></Data><Data name="waterway"><value>rapids</value></Data></ExtendedData><Point><coordinates>-116.2357184,43.6296015</coordinates></Point></Placemark><Placemark><ExtendedData><Data name="@id"><value>node/12472801861</value></Data><Data name="waterway"><value>rapids</value></Data></ExtendedData><Point><coordinates>-116.5936591,45.4234384</coordinates></Point></Placemark><Placemark><ExtendedData><Data name="@id"><value>node/12521879913</value></Data><Data name="waterway"><value>rapids</value></Data></ExtendedData><Point><coordinates>-106.3953581,40.0439792</coordinates></Point></Placemark></Document></kml>